row_index,source_kind,rom_offset,decoded_text
0,"rotdd",0x001765DC,"Varios: Now then, <PLAYER_NAME>,<NEWLINE>attack me any way you like.  <NEWLINE>Give it all you've got!  <PAGE_BREAK>What are you doing?  <NEWLINE>Concentrate!  <SPEAKER_BREAK>"
1,"rotdd",0x0017664F,"<PLAYER_NAME>: Yes, master!  <NEWLINE>Hyaah!  <SPEAKER_BREAK>"
2,"rotdd",0x0017666B,"Varios: You call that a strike?  <NEWLINE>Start fighting seriously!  <SPEAKER_BREAK>"
3,"rotdd",0x001766B8,"Varios: Good! Good!  <05><NEWLINE>That's it... <02>Breathe!  <05><NEWLINE>Now, one more time!!  <SPEAKER_BREAK>"
4,"rotdd",0x00176701,"Varios: I...I give up!  <PAGE_BREAK>If you can remember to breathe  <NEWLINE>like you did just now, you'll  <NEWLINE>be the best swordsman in Rune.  <PAGE_BREAK>Let's take a short break.  <NEWLINE>My old bones need a rest.  <SPEAKER_BREAK>"
5,"rotdd",0x001767B5,"<PLAYER_NAME>: Yes, master.  <NEWLINE>Thank you for taking  <NEWLINE>the time to train with me.  <SPEAKER_BREAK>"
6,"rotdd",0x001767FC,"Varios: Hm? Another round?  <NEWLINE>Ah ha ha! Now don't go picking  <NEWLINE>on an old man like that!  <SPEAKER_BREAK>"
7,"rotdd",0x00176856,"Lowe: Incredible, <PLAYER_NAME>!  <05><NEWLINE>You're holding your own  <NEWLINE>against Lord Varios!  <SPEAKER_BREAK>"
8,"rotdd",0x001768A0,"Lowe: You're a natural! Who'd<NEWLINE>have thought such a great  <NEWLINE>fighter would join our ranks?  <SPEAKER_BREAK>"
9,"rotdd",0x001768FB,"Varios: It's a pity that for all  <NEWLINE>your talent, you can't recall  <NEWLINE>your origins or your past...  <PAGE_BREAK>How about it, <PLAYER_NAME>?  <NEWLINE>It's been a year. Do you  <NEWLINE>remember anything yet?  <SPEAKER_BREAK>"
10,"rotdd",0x001769A5,"<PLAYER_NAME>: Nothing, master.  <NEWLINE>But, don't worry about me.  <PAGE_BREAK>You and the priests have been  <NEWLINE>so nice to me.  <NEWLINE>I've enjoyed every day here.  <SPEAKER_BREAK>"
11,"rotdd",0x00176A29,"Varios: I see......  <05><NEWLINE>Well, if you say so...  <PAGE_BREAK>Perhaps your amnesia is  <NEWLINE>a kind of trial that you've  <NEWLINE>been given to overcome.  <PAGE_BREAK>But still... <02>I sincerely hope  <NEWLINE>that we can officially welcome  <NEWLINE>you into the knights' ranks...  <SPEAKER_BREAK>"
12,"rotdd",0x00176B0F,"Soldier: Lord Varios!  <NEWLINE>I've been looking for you!  <05><NEWLINE>I bring news...  <SPEAKER_BREAK>"
13,"rotdd",0x00176B58,"Varios: What...!? Is this true?  <SPEAKER_BREAK>"
14,"rotdd",0x00176B7B,"Varios:  <NEWLINE>Forgive me, <PLAYER_NAME>.  <NEWLINE>I'm afraid our time is up.  <PAGE_BREAK>I must return to the castle.  <NEWLINE>We'll have another go  <NEWLINE>tomorrow.  <SPEAKER_BREAK>"
15,"rotdd",0x00176BF7,"Lowe: Did you see his face?  <NEWLINE>Varios was white as a sheet!  <05><NEWLINE>What's up at the castle?  <PAGE_BREAK>I'm gonna go have a look!  <05><NEWLINE>Meet me there later!  <SPEAKER_BREAK>"
16,"rotdd",0x00176C85,"Priest: <PLAYER_NAME>,  <NEWLINE>please come this way.  <SPEAKER_BREAK>"
17,"rotdd",0x00176CAB,"Priest: ...Wait a second.  <NEWLINE>I forgot something important.   <SPEAKER_BREAK>"
18,"rotdd",0x00176CE9,"<PLAYER_NAME>:  <NEWLINE>What's wrong, Father?  <SPEAKER_BREAK>"
19,"rotdd",0x00176D07,"Priest: The road that lies  <NEWLINE>before you is fraught with  <NEWLINE>many dangers.  <PAGE_BREAK>Should you come across a  <NEWLINE>church along the way, make  <NEWLINE>a <QUOTE>Record<QUOTE> of your journey.  <SPEAKER_BREAK>"
20,"rotdd",0x00176DA8,"Priest: Do you understand <NEWLINE>how to make a <QUOTE>Record<QUOTE>?  <PAGE_BREAK>No matter how difficult the  <NEWLINE>road, record your progress  <NEWLINE>and you shall not fail.  <SPEAKER_BREAK>"
21,"rotdd",0x00176E33,"King of Guardiana: ...and so  <NEWLINE>we summoned you, Varios.  <SPEAKER_BREAK>"
22,"rotdd",0x00176E6E,"Varios: Mmm......  <05><NEWLINE>This is grave news indeed.  <SPEAKER_BREAK>"
23,"rotdd",0x00176EA1,"King of Guardiana:  <NEWLINE>Ah, <PLAYER_NAME>! Come, I have  <NEWLINE>something to discuss with you.  <PAGE_BREAK>There is an evil aura around  <NEWLINE>the Gate of the Ancients,   <NEWLINE>to the east of this castle.  <PAGE_BREAK>Fortunately, Nova, our most  <NEWLINE>able strategist, was able to  <NEWLINE>detect this aura in time.  <PAGE_BREAK>The Gate of the Ancients is where  <NEWLINE>the relics of the gods are sealed.  <NEWLINE>We must act to protect them!  <PAGE_BREAK>But if I dispatch the knights,  <NEWLINE>it will only cause the people  <NEWLINE>to worry needlessly.  <SPEAKER_BREAK>"
24,"rotdd",0x00177061,"Varios:  <NEWLINE><PLAYER_NAME>, you should<NEWLINE>speak to the King first.<SPEAKER_BREAK>"
25,"rotdd",0x00177093,"Nova: Ah, <PLAYER_NAME>.<NEWLINE>Have you spoken to the King?<SPEAKER_BREAK>"
26,"rotdd",0x001770CE,"King of Guardiana: Varios, Nova,  <NEWLINE>and Ward are three of the most  <NEWLINE>important men in the realm.  <PAGE_BREAK>Why don't you listen to what  <NEWLINE>they have to say, too?  <SPEAKER_BREAK>"
27,"rotdd",0x00177169,"Varios: <PLAYER_NAME>, we need  <NEWLINE>you to lead a force to  <NEWLINE>the Gate of the Ancients.  <PAGE_BREAK>It pains me to have to ask you  <NEWLINE>to do such a thing, but......  <SPEAKER_BREAK>"
28,"rotdd",0x001771F5,"Nova: The Gate of the Ancients  <NEWLINE>has existed since the Age of<NEWLINE>the Gods.  <PAGE_BREAK>Beyond its sealed portal lies  <NEWLINE>the Legacy of the Gods.  <PAGE_BREAK>We, the people of Guardiana,  <NEWLINE>were charged with protecting  <NEWLINE>this legacy.  <SPEAKER_BREAK>"
29,"rotdd",0x001772C7,"Ward: I'll never trust a man <NEWLINE>of unknown parentage  <NEWLINE>such as you!  <SPEAKER_BREAK>"
30,"rotdd",0x0017730C,"King of Guardiana: I agree  <NEWLINE>with Varios. I want you to go  <NEWLINE>to the Gate of the Ancients.  <PAGE_BREAK>All I know of you is what  <NEWLINE>Varios has told me... <NEWLINE>but I believe in you.  <PAGE_BREAK>I can see it in your eyes...  <NEWLINE>You were born to fight.  <05><NEWLINE>I feel I can trust you.  <PAGE_BREAK>What say you? Will you accept?  <SPEAKER_BREAK>"
31,"rotdd",0x00177429,"<PLAYER_NAME>: I accept.  <NEWLINE>I...<02>I don't know how  <NEWLINE>strong I really am, but...  <PAGE_BREAK>The people of this kingdom  <NEWLINE>have been so kind to me, and I  <NEWLINE>want to repay their kindness.  <SPEAKER_BREAK>"
32,"rotdd",0x001774CC,"King of Guardiana:  <NEWLINE>Is that so? Then, please  <NEWLINE>gather your companions!  <PAGE_BREAK>Once you have done so,  <NEWLINE>come and see me again.  <SPEAKER_BREAK>"
33,"rotdd",0x00177549,"<PLAYER_NAME>: I'm sorry, but...  <NEWLINE>I...<02>I can't accept  <NEWLINE>this mission.  <SPEAKER_BREAK>"
34,"rotdd",0x00177587,"King of Guardiana:  <NEWLINE>What!? Really?  <PAGE_BREAK>Hmm... <02>If that is how   <NEWLINE>you truly feel, then I will <NEWLINE>respect your decision.  <SPEAKER_BREAK>"
35,"rotdd",0x001775FE,"King of Guardiana: I ask you  <NEWLINE>once more, <PLAYER_NAME>. Will you  <NEWLINE>go to the gate for me?  <SPEAKER_BREAK>"
36,"rotdd",0x00177650,"King of Guardiana: Quickly,  <NEWLINE>assemble your force.  <NEWLINE>You must make preparations.  <PAGE_BREAK>Come back when your  <NEWLINE>preparations are complete.  <SPEAKER_BREAK>"
37,"rotdd",0x001776D7,"Varios:  <NEWLINE>Thank you, <PLAYER_NAME>.  <NEWLINE>The King is most pleased.  <SPEAKER_BREAK>"
38,"rotdd",0x0017770E,"Nova:  <NEWLINE>Head to headquarters and  <NEWLINE>find some companions.  <PAGE_BREAK>Do you know where it is?<NEWLINE>The entrance is outside<NEWLINE>the castle and to the west.<SPEAKER_BREAK>"
39,"rotdd",0x00177797,"Ward:  <NEWLINE>A wretch like you...  <05><NEWLINE>What was the King thinking?  <SPEAKER_BREAK>"
40,"rotdd",0x001777D6,"Sentry: <PLAYER_NAME>!  <NEWLINE>Allow me to show you  <NEWLINE>the way to headquarters!  <SPEAKER_BREAK>"
41,"rotdd",0x00177816,"Sentry: <PLAYER_NAME>!  <NEWLINE>Headquarters is this way!  <SPEAKER_BREAK>"
42,"rotdd",0x00177840,"Ken: My name is Ken.  <NEWLINE>I'm a knight.  <NEWLINE>I'm still in training, though.  <PAGE_BREAK>I...<02>I really think you're  <NEWLINE>the greatest, <PLAYER_NAME>!  <05><NEWLINE>...But, don't tell Mae, OK?  <SPEAKER_BREAK>"
43,"rotdd",0x001778D8,"Tao: I'm Tao the mage.  <NEWLINE>I've still got a lot to learn,  <NEWLINE>but I'll do the best I can!  <SPEAKER_BREAK>"
44,"rotdd",0x00177931,"Hans: Ummm...I'm Hans.  <NEWLINE>I'm an archer...  <NEWLINE>Can't you tell?  <PAGE_BREAK>I'm not very good at fighting,  <05><NEWLINE>but it's the King's orders,  <NEWLINE>so I guess I'll go with you.  <SPEAKER_BREAK>"
45,"rotdd",0x001779CF,"Luke: I'm Luke. I'm a fighter.  <NEWLINE>I joined the knights to be  <NEWLINE>like the legendary Gort.  <PAGE_BREAK>I'm as tough as anybody! Put  <NEWLINE>me in the front line anytime!  <SPEAKER_BREAK>"
46,"rotdd",0x00177A68,"Ken, Tao, Hans, and Luke  <NEWLINE>join the Shining Force!  <SPEAKER_BREAK>"
47,"rotdd",0x00177A9E,"<PLAYER_NAME>: Nice to meet you.  <NEWLINE>I'm not used to this kind of  <NEWLINE>work, but I'll do my best!  <SPEAKER_BREAK>"
48,"rotdd",0x00177AF2,"Lowe: Hey! Wait for me!  <SPEAKER_BREAK>"
49,"rotdd",0x00177B0D,"Lowe: You're going to the  <NEWLINE>Gate of the Ancients, right?  <NEWLINE>Take me with you!  <PAGE_BREAK>I can cast heal magic and  <NEWLINE>fight - anything you need!  <05><NEWLINE>I won't take no for an answer!  <SPEAKER_BREAK>"
50,"rotdd",0x00177BB8,"Lowe joins the Shining Force!  <SPEAKER_BREAK>"
51,"rotdd",0x00177BD9,"<PLAYER_NAME>: Well, OK.<NEWLINE>I can use all the comrades  <NEWLINE>I can get.  <SPEAKER_BREAK>"
52,"rotdd",0x00177C11,"Lowe: Heh heh heh.  <NEWLINE>That's my man! You know a  <NEWLINE>good thing when you see it!  <SPEAKER_BREAK>"
53,"rotdd",0x00177C61,"Nova: Well, well! It looks  <NEWLINE>like you've found  <NEWLINE>some companions.  <PAGE_BREAK>Now you must report to<NEWLINE>the King. I'll be waiting<NEWLINE>here.<SPEAKER_BREAK>"
54,"rotdd",0x00177CDD,"King of Guardiana: Are you  <NEWLINE>ready? Good! There is a   <NEWLINE>carriage at the gates.  <PAGE_BREAK>That carriage will take you  <NEWLINE>to the Gate of the Ancients.  <PAGE_BREAK>But before that, take this <NEWLINE>to help you prepare  <NEWLINE>for the journey.  <PAGE_BREAK>I suggest you buy an <QUOTE>Herb<QUOTE>   <NEWLINE>or two, just in case  <NEWLINE>something happens.  <SPEAKER_BREAK>"
55,"rotdd",0x00177DFC,"King of Guardiana:  <NEWLINE>Your carriage is waiting.  <NEWLINE>Use it to travel to the gate.  <PAGE_BREAK>I'm counting on you!  <SPEAKER_BREAK>"
56,"rotdd",0x00177E65,"Varios: Good luck. I've been  <NEWLINE>hearing strange rumors... I'll  <NEWLINE>stay and protect the King.  <PAGE_BREAK>Some say they've seen goblins  <NEWLINE>near the Gate of the Ancients.  <05><NEWLINE>Take care of yourself.  <SPEAKER_BREAK>"
57,"rotdd",0x00177F1E,"Ward: I'll say it again:  <NEWLINE>I don't trust you!  <NEWLINE>Not one bit!  <SPEAKER_BREAK>"
58,"rotdd",0x00177F5E,"Nova: <PLAYER_NAME>, are you  <NEWLINE>sure you're ready to leave for  <NEWLINE>the Gate of the Ancients?  <SPEAKER_BREAK>"
59,"rotdd",0x00177FAF,"Nova:  <NEWLINE>Very well, then.  <NEWLINE>Let's go!  <SPEAKER_BREAK>"
60,"rotdd",0x00177FD7,"Nova: Very well, then.  <NEWLINE>We'll depart once your  <NEWLINE>preparations are complete.  <SPEAKER_BREAK>"
61,"rotdd",0x00178027,"Rune Knight:  <NEWLINE>Move it, you goblins! Isn't  <NEWLINE>there a switch or something?  <SPEAKER_BREAK>"
62,"rotdd",0x00178074,"Rune Knight:  <NEWLINE>Hyaaa! Look harder!  <NEWLINE>There must be a key somewhere!  <SPEAKER_BREAK>"
63,"rotdd",0x001780BB,"Rune Knight: Grrr... All this  <NEWLINE>searching and we still  <NEWLINE>can't get this door open...  <SPEAKER_BREAK>"
64,"rotdd",0x00178113,"Rune Knight:  <NEWLINE>Hyaah! Hurry up!  <05><NEWLINE>...Huh? <02>Who goes there?  <SPEAKER_BREAK>"
65,"rotdd",0x00178152,"Lowe:  <NEWLINE>What are those guys, anyway?  <NEWLINE>...G-G-Goblins!?  <SPEAKER_BREAK>"
66,"rotdd",0x0017818D,"Tao:  <NEWLINE>That knight's outfit...  <05><NEWLINE>He's from Runefaust!  <SPEAKER_BREAK>"
67,"rotdd",0x001781C7,"<PLAYER_NAME>:  <NEWLINE>Wh-<02>What was that tremor?  <SPEAKER_BREAK>"
68,"rotdd",0x001781E9,"Rune Knight:  <NEWLINE>Is the gate collapsing...?!  <PAGE_BREAK>Whatever. <02>Take those guys out!  <NEWLINE>Then, we'll continue searching!  <NEWLINE>Goblins, ATTACK!  <SPEAKER_BREAK>"
69,"rotdd",0x0017826E,"Rune Knight:  <NEWLINE>...You think you've won?  <05><NEWLINE>...Ha ha ha ha ha!  <PAGE_BREAK>Even now, Lord Kane  <NEWLINE>is mounting an attack  <NEWLINE>on Guardiana...  <PAGE_BREAK>Your country is finished...  <05><NEWLINE>Long live King Ramladu!  <SPEAKER_BREAK>"
70,"rotdd",0x00178328,"Nova:  <NEWLINE>If what that Rune Knight  <NEWLINE>was saying is true...  <PAGE_BREAK>This is terrible!  <NEWLINE><PLAYER_NAME>!  <05><NEWLINE>Hurry! Back to the castle!  <SPEAKER_BREAK>"
71,"rotdd",0x0017839B,"<PLAYER_NAME>:  <NEWLINE>Right!  <NEWLINE>Everyone, back to the castle!  <SPEAKER_BREAK>"
72,"rotdd",0x001783CA,"Nova: <PLAYER_NAME>,  <NEWLINE>that earthquake blocked the  <NEWLINE>road back to the castle!  <PAGE_BREAK>...We'll have to take  <NEWLINE>the northern pass and  <NEWLINE>fight our way through!  <SPEAKER_BREAK>"
73,"rotdd",0x00178458,"<PLAYER_NAME>: All right.  <NEWLINE>I'm worried about Guardiana.  <NEWLINE>Everyone, prepare for battle!  <SPEAKER_BREAK>"
74,"rotdd",0x001784A8,"Rune Knight: Look! <NEWLINE>Those fools from Guardiana  <NEWLINE>have returned from the gate!  <PAGE_BREAK>No one enters until Lord Kane  <NEWLINE>finds what he's looking for!  <05><NEWLINE>Don't let anyone through!  <SPEAKER_BREAK>"
75,"rotdd",0x00178555,"Dwarf:  <NEWLINE>Aaaaarrgh!  <SPEAKER_BREAK>"
76,"rotdd",0x0017856C,"Dwarf:  <NEWLINE>Aaaaarrgh!  <SPEAKER_BREAK>"
77,"rotdd",0x00178583,"Nova: <PLAYER_NAME>, the enemies  <NEWLINE>have been wiped out. But,  <NEWLINE>I fear for Guardiana!  <PAGE_BREAK>Come, we must hurry!  <SPEAKER_BREAK>"
78,"rotdd",0x001785E6,"Soldier: It's a disaster!  <NEWLINE>The Runefaust army suddenly  <NEWLINE>invaded our kingdom!  <SPEAKER_BREAK>"
79,"rotdd",0x00178638,"Soldier: We... <02>We fought  <NEWLINE>as hard as we could.  <05><NEWLINE>We've driven them off, but...  <SPEAKER_BREAK>"
80,"rotdd",0x0017868D,"<PLAYER_NAME>:  <NEWLINE>What about the townspeople?  <NEWLINE>Are they all right?  <SPEAKER_BREAK>"
81,"rotdd",0x001786C7,"Soldier: Luckily, there were  <NEWLINE>almost no casualties among  <NEWLINE>the townspeople...<02>but still...  <SPEAKER_BREAK>"
82,"rotdd",0x00178726,"Soldier: We've taken heavy  <NEWLINE>losses, and most of  <NEWLINE>our knights are injured.  <SPEAKER_BREAK>"
83,"rotdd",0x00178775,"<PLAYER_NAME>: How could this<NEWLINE>have happened? <02>While<NEWLINE>we were busy  at the gate...<PAGE_BREAK>That's it! That was  <NEWLINE>their plan all along...  <SPEAKER_BREAK>"
84,"rotdd",0x001787EB,"Soldier: There may still be  <NEWLINE>enemies around the castle.  <NEWLINE>Watch your backs!  <SPEAKER_BREAK>"
85,"rotdd",0x0017883B,"Varios: How many times must I  <NEWLINE>tell you? We do not have a key  <NEWLINE>to unlock the seal!  <PAGE_BREAK>The Gate of the Ancients must  <NEWLINE>never be opened!   <NEWLINE>There is no key!  <SPEAKER_BREAK>"
86,"rotdd",0x001788DA,"Kane: ...Hmph.  Maybe you<NEWLINE>are telling the truth. Well,<NEWLINE>I already have what I want...<PAGE_BREAK>...the <QUOTE>Light Saber<QUOTE>!  <NEWLINE>This is a rare item, indeed!  <NEWLINE>Truly a magnificent prize!  <PAGE_BREAK>The finest blade in Rune,  <NEWLINE>and the antithesis of my  <NEWLINE><QUOTE>Dark Saber<QUOTE>!  <SPEAKER_BREAK>"
87,"rotdd",0x001789CB,"Varios: The Light Saber?  <NEWLINE>There's no such thing here!  <SPEAKER_BREAK>"
88,"rotdd",0x00178A05,"Kane: Then what am I    <NEWLINE>holding in my hand now?  <PAGE_BREAK>Enough chatter. I have  <NEWLINE>another prize to claim:  <NEWLINE>the head of the King!  <SPEAKER_BREAK>"
89,"rotdd",0x00178A84,"Varios: Not so fast!  <NEWLINE>I, captain of the Knights of  <NEWLINE>Guardiana, will not allow it!  <SPEAKER_BREAK>"
90,"rotdd",0x00178ADB,"Kane:  <NEWLINE>Dark Saber!  <NEWLINE>Release your dark flame!  <SPEAKER_BREAK>"
91,"rotdd",0x00178B20,"Mae:  <NEWLINE>...Father!  <SPEAKER_BREAK>"
92,"rotdd",0x00178B35,"Kane: What are you doing here?  <NEWLINE>This is no place for a young  <NEWLINE>girl. You must leave! Now!  <SPEAKER_BREAK>"
93,"rotdd",0x00178B93,"Mae: I am Mae, daughter  <NEWLINE>of Varios, captain  <NEWLINE>of the knights!  <PAGE_BREAK>In the name of the Knights  <NEWLINE>of Guardiana, I challenge you  <NEWLINE>to a duel! En garde!  <SPEAKER_BREAK>"
94,"rotdd",0x00178C29,"Kane: Impressive...  <NEWLINE>You actually parried my blow.  <PAGE_BREAK>What's your name, boy?  <05><NEWLINE>Are you a knight, too?  <SPEAKER_BREAK>"
95,"rotdd",0x00178C93,"<PLAYER_NAME>:  <NEWLINE>My name is <PLAYER_NAME>! I am  <NEWLINE>an apprentice of Lord Varios!  <SPEAKER_BREAK>"
96,"rotdd",0x00178CCE,"Kane:  <NEWLINE>...<PLAYER_NAME>?  <NEWLINE>That name... <02>sounds familiar.  <PAGE_BREAK>Ugh...  <05><NEWLINE>What is this...  <05><NEWLINE>this pain... in my head...?  <PAGE_BREAK>There is no key for the seal.  <NEWLINE>That's all I needed to know. I  <NEWLINE>have no further business here!  <SPEAKER_BREAK>"
97,"rotdd",0x00178D9D,"Mae:  <NEWLINE><PLAYER_NAME>, come quickly!  <NEWLINE>The King is wounded!  <SPEAKER_BREAK>"
98,"rotdd",0x00178DCF,"King of Guardiana:  <NEWLINE>Ah, it's you, <PLAYER_NAME>...  <05><NEWLINE>and Mae as well...  <PAGE_BREAK>Varios tried to protect me,  <NEWLINE>but it was already too late...  <PAGE_BREAK>Listen to me, young warriors.  <05><NEWLINE>Even I do not know... <02>what  <NEWLINE>the Legacy of the Gods is...  <PAGE_BREAK>But, I know that if it  <NEWLINE>should fall into evil hands...  <05><NEWLINE>Rune will be no more!  <PAGE_BREAK>The ancient castle wherein it  <NEWLINE>sleeps was sealed by the  <NEWLINE>gods... <02>But...  <PAGE_BREAK>There exists a secret  <NEWLINE>that can break the seal...  <PAGE_BREAK>You must find that secret  <NEWLINE>before Runefaust does...  <05><NEWLINE>and protect it!  <PAGE_BREAK>Do not fail me, <PLAYER_NAME>!  <NEWLINE>You are Guardiana's  <NEWLINE>last hope....  <SPEAKER_BREAK>"
99,"rotdd",0x00179007,"<PLAYER_NAME>: Your Majesty...    <05><NEWLINE>Leave it to me!  <PAGE_BREAK>I don't know how far I  <NEWLINE>can go, or how much I'm  <NEWLINE>capable of, but...  <PAGE_BREAK>For the kingdom...  <05><NEWLINE>For the people...  <05><NEWLINE>I'll fight to the very end!  <SPEAKER_BREAK>"
100,"rotdd",0x001790C3,"King of Guardiana:  <NEWLINE>Mae, daughter of Varios...  <NEWLINE>Hear my words...  <PAGE_BREAK>Help <PLAYER_NAME> in any way  <NEWLINE>you can...<02>and become a great  <NEWLINE>warrior like your father.  <SPEAKER_BREAK>"
101,"rotdd",0x00179159,"Mae:  <NEWLINE>Your Majesty...  <SPEAKER_BREAK>"
102,"rotdd",0x00179173,"King of Guardiana:<NEWLINE><PLAYER_NAME>...  <NEWLINE>Tell my daughter Anri...   <PAGE_BREAK>...that I will always be...  <05><NEWLINE>...with her...  <PAGE_BREAK>...  <PAGE_BREAK>...  <SPEAKER_BREAK>"
103,"rotdd",0x001791E6,"Mae: N-No...  <NEWLINE>Father... <02>and the King...  <05><NEWLINE>How could this happen!?  <PAGE_BREAK><PLAYER_NAME>!  <NEWLINE>I've made up my mind!  <PAGE_BREAK>We must solve the riddle of  <NEWLINE>the legacy before Runefaust  <NEWLINE>and then protect the secret!  <PAGE_BREAK>...<PLAYER_NAME>,  <NEWLINE>up until now, I've been  <NEWLINE>quite cold towards you.  <PAGE_BREAK>I'm sorry.  <NEWLINE>Can you still accept me  <NEWLINE>as a comrade?  <SPEAKER_BREAK>"
104,"rotdd",0x00179319,"<PLAYER_NAME>: Of course!  <NEWLINE>I can't think of anyone I'd   <NEWLINE>rather have on my side!  <SPEAKER_BREAK>"
105,"rotdd",0x00179363,"Mae: Thanks. I'll be waiting  <NEWLINE>for you at headquarters.  <05><NEWLINE>Here's what I've heard:  <PAGE_BREAK>Runefaust's army is headed for  <NEWLINE>Alterone to look for  <NEWLINE>clues about the legacy.  <PAGE_BREAK>As soon as you're ready, we  <NEWLINE>should set out for Alterone.  <SPEAKER_BREAK>"
106,"rotdd",0x00179448,"Nova: <PLAYER_NAME>!  <NEWLINE>As I feared, Runefaust  <NEWLINE>has set a trap for us.  <PAGE_BREAK>Our forces are too small.<NEWLINE>Be careful not to become<NEWLINE>too isolated. <PAGE_BREAK>Besides, our objective is  <NEWLINE>not to fight, but to  <NEWLINE>reach Alterone.  <PAGE_BREAK>We could use a decoy to lure  <NEWLINE>the enemy away, allowing  <NEWLINE><PLAYER_NAME> to reach Alterone.  <PAGE_BREAK>You don't always have to  <NEWLINE>fight in order to win  <NEWLINE>the battle, you know.  <SPEAKER_BREAK>"
107,"rotdd",0x001795A9,"<PLAYER_NAME>: OK!  <NEWLINE>Listen, everyone! We can't  <NEWLINE>afford to get separated.  <PAGE_BREAK>We'll take them on one by one.  <SPEAKER_BREAK>"
108,"rotdd",0x0017960C,"Nova: <PLAYER_NAME>, the enemies  <NEWLINE>have all been defeated.  <NEWLINE>Let's hurry to Alterone.  <SPEAKER_BREAK>"
109,"rotdd",0x00179659,"Nova: <PLAYER_NAME>, we've  <NEWLINE>arrived at our destination.  <PAGE_BREAK>Some enemies remain.  <NEWLINE>Do you still want to proceed?  <SPEAKER_BREAK>"
110,"rotdd",0x001796C0,"Merchant: Huh?  <NEWLINE>Hey, aren't you...  <05><NEWLINE><PLAYER_NAME>?  <SPEAKER_BREAK>"
111,"rotdd",0x001796ED,"Merchant: So it IS you!  <05><NEWLINE>Until recently, I was training  <NEWLINE>to be a knight in Guardiana.  <PAGE_BREAK>But, I just wasn't cut out for  <NEWLINE>it. <02>So, I gave up and started  <NEWLINE>a business here instead.  <PAGE_BREAK>You're Varios' pupil, aren't  <NEWLINE>you? How is everyone?  <05><NEWLINE>...Huh? What's that you say?  <PAGE_BREAK>The knights were annihilated?  <05><NEWLINE>I see. I'll go to the castle  <NEWLINE>and try to get you some help.  <SPEAKER_BREAK>"
112,"rotdd",0x0017985D,"Merchant: Huh? That's weird.  <05><NEWLINE>I could have sworn you  <NEWLINE>were...  <SPEAKER_BREAK>"
113,"rotdd",0x001798A1,"Merchant: Good, you're still  <NEWLINE>here! I went to the castle and  <NEWLINE>told them about Guardiana.  <PAGE_BREAK>I'm sure they'll be happy  <NEWLINE>to help you out. Why don't  <NEWLINE>you pay a visit to the castle?  <SPEAKER_BREAK>"
114,"rotdd",0x00179959,"Merchant: I can't just sit  <NEWLINE>here! I'm getting my things  <NEWLINE>and going back to Guardiana.  <SPEAKER_BREAK>"
115,"rotdd",0x001799B4,"King of Alterone: ...  <05><NEWLINE>Are you serious?  <PAGE_BREAK>Runefaust invaded Guardiana  <NEWLINE>looking for clues about the  <NEWLINE>Legacy of the Gods?  <PAGE_BREAK>And now their armies are  <NEWLINE>headed for my kingdom?  <PAGE_BREAK>Hmm. This is most alarming.  <05><NEWLINE>I must discuss it with my  <NEWLINE>adviser. Follow me.  <SPEAKER_BREAK>"
116,"rotdd",0x00179AB8,"King of Alterone:   <NEWLINE>Please forgive me. This is  <NEWLINE>for the good of Alterone.  <SPEAKER_BREAK>"
117,"rotdd",0x00179B07,"Rune Knight: ...  <SPEAKER_BREAK>"
118,"rotdd",0x00179B1B,"Rune Knight: ...  <SPEAKER_BREAK>"
119,"rotdd",0x00179B2F,"Kane: You...  <05><NEWLINE>I met you in Guardiana.  <05><NEWLINE><PLAYER_NAME>, wasn't it?  <SPEAKER_BREAK>"
120,"rotdd",0x00179B6B,"<PLAYER_NAME>: Kane!  <PAGE_BREAK>...I see now.  <NEWLINE>You came and threatened  <NEWLINE>the people of this country...  <SPEAKER_BREAK>"
121,"rotdd",0x00179BC1,"Kane: Precisely.  <NEWLINE>The king of this land is  <NEWLINE>a shrewd individual.  <PAGE_BREAK>He knew he'd never win if he  <NEWLINE>tried to fight, and so he  <NEWLINE>cooperated... <02>Seize them!  <PAGE_BREAK>Destroy the remnants  <NEWLINE>of Guardiana!  <SPEAKER_BREAK>"
122,"rotdd",0x00179C86,"<PLAYER_NAME>: Forget it!  <NEWLINE>You think we're going to  <NEWLINE>let you get away with this?  <SPEAKER_BREAK>"
123,"rotdd",0x00179CD0,"Kane: Don't move!  <NEWLINE>One more step and  <NEWLINE>the King dies! Got it?  <SPEAKER_BREAK>"
124,"rotdd",0x00179D1C,"King of Alterone: This wasn't  <NEWLINE>part of our agreement! The  <NEWLINE>townspeople were to be spared!  <SPEAKER_BREAK>"
125,"rotdd",0x00179D7B,"Kane: ...Oh, really? You'll  <NEWLINE>escape with your life...  <05><NEWLINE>That I did promise. However...  <PAGE_BREAK>I said nothing about the  <NEWLINE>others. <02>What are you  <NEWLINE>waiting for? Take them away!  <PAGE_BREAK>But you, <PLAYER_NAME>...  <NEWLINE>I'll leave you alive.  <PAGE_BREAK>You might know something  <NEWLINE>about Dark Dragon--I mean,  <NEWLINE>about the Legacy of the Gods.  <SPEAKER_BREAK>"
126,"rotdd",0x00179EA9,"<PLAYER_NAME>:  <NEWLINE>...These things are solid.  <NEWLINE>No way to break through...  <PAGE_BREAK>Huh?  <05><NEWLINE>...I hear footsteps...  <SPEAKER_BREAK>"
127,"rotdd",0x00179F0A,"Khris: Ah... <02>Excuse me...  <PAGE_BREAK>I overheard the King and the  <NEWLINE>others talking... <02>but I was  <NEWLINE>too frightened to speak up.  <PAGE_BREAK>I'm so sorry.  <NEWLINE>I can't stand to see you  <NEWLINE>end up like this...  <PAGE_BREAK>Hold on a moment.  <NEWLINE>I'll open it for you.  <SPEAKER_BREAK>"
128,"rotdd",0x00179FF1,"Khris: Please, you must save our  <NEWLINE>kingdom. The Runefaust troops  <NEWLINE>have lost their patience.  <PAGE_BREAK>They're tearing the town  <NEWLINE>apart, trying to flush out   <NEWLINE>your friends.  <PAGE_BREAK>My name is Khris.  <NEWLINE>I'm a healer at this castle.  <NEWLINE>I'm not very strong...  <PAGE_BREAK>...but I can heal wounds.  <NEWLINE>I'll fight alongside you.  <NEWLINE>Please, let me join you!  <SPEAKER_BREAK>"
129,"rotdd",0x0017A139,"<PLAYER_NAME>: I understand.  <NEWLINE>I'll see to it that the town<NEWLINE>is safe.  <PAGE_BREAK>I can't just let Runefaust  <NEWLINE>do whatever they want!  <SPEAKER_BREAK>"
130,"rotdd",0x0017A1AB,"Khris joins the Shining Force!  <SPEAKER_BREAK>"
131,"rotdd",0x0017A1CD,"Khris: Thank you so much!  <05><NEWLINE>We'll get caught for sure  <NEWLINE>if we go out this way.  <SPEAKER_BREAK>"
132,"rotdd",0x0017A220,"Khris: It's here somewhere...  <NEWLINE>A passage leading to town...  <05><NEWLINE>Ah, here it is!  <PAGE_BREAK>OK, I'll be waiting at <NEWLINE>headquarters. <02>Father!<NEWLINE>We'll return, I promise!  <SPEAKER_BREAK>"
133,"rotdd",0x0017A2BD,"Kane: ...Huh?  <05><NEWLINE><PLAYER_NAME>! So you  <NEWLINE>escaped from prison, eh?  <PAGE_BREAK>No matter. The tattered  <NEWLINE>remnants of Guardiana  <NEWLINE>are no match for our army!  <PAGE_BREAK>Come, taste the power of  <NEWLINE>my Dark Saber!   <SPEAKER_BREAK>"
134,"rotdd",0x0017A372,"Messenger: Lord Kane!  <NEWLINE>A message from Lord Darksol!  <PAGE_BREAK><QUOTE>We have new information  <NEWLINE>pertaining to the Legacy of  <NEWLINE>the Gods. Return at once!<QUOTE>  <SPEAKER_BREAK>"
135,"rotdd",0x0017A400,"Kane: What? <02>...Oh, all right.  <NEWLINE>Inform him that I'm on<NEWLINE>my way!  <SPEAKER_BREAK>"
136,"rotdd",0x0017A443,"Messenger:  <NEWLINE>Yes, my lord!  <SPEAKER_BREAK>"
137,"rotdd",0x0017A461,"Kane: I must be going. I'll  <NEWLINE>leave this to you. Take care   <NEWLINE>of them, once and for all!  <SPEAKER_BREAK>"
138,"rotdd",0x0017A4BD,"<PLAYER_NAME>: Khris! It's your  <NEWLINE>first battle, so be careful!  <PAGE_BREAK>Don't do anything risky.<NEWLINE>Stay back and heal<NEWLINE>our wounds!  <SPEAKER_BREAK>"
139,"rotdd",0x0017A52D,"Khris: All right! I will!  <SPEAKER_BREAK>"
140,"rotdd",0x0017A54A,"Nova: <PLAYER_NAME>, the enemy  <NEWLINE>has been defeated, and  <NEWLINE>the town was hardly touched.  <PAGE_BREAK>But, I wonder where the  <NEWLINE>Runefaust army is headed<NEWLINE>next.  <PAGE_BREAK>Let's talk to the King and  <NEWLINE>find out what's going on.  <SPEAKER_BREAK>"
141,"rotdd",0x0017A60C,"Khris:  <PLAYER_NAME>,  <NEWLINE>I want to thank you again  <NEWLINE>for coming to my aid.  <PAGE_BREAK>I don't know how much help  <NEWLINE>I'll be, but I'll do all I can  <NEWLINE>to assist you.  <SPEAKER_BREAK>"
142,"rotdd",0x0017A69D,"<PLAYER_NAME>: Wh--?  <NEWLINE>Does that mean...?  <SPEAKER_BREAK>"
143,"rotdd",0x0017A6BE,"Khris: Yes.  <NEWLINE>I've made up my mind.  <NEWLINE>I'm going with you!  <PAGE_BREAK>I want to use my power  <NEWLINE>to help people. It's what  <NEWLINE>I've always dreamed of.  <PAGE_BREAK>And now, finally, I've found  <NEWLINE>the path I must take in life.  <05><NEWLINE>I won't be a burden, will I?<SPEAKER_BREAK>"
144,"rotdd",0x0017A7A7,"<PLAYER_NAME>: Of course not!  <NEWLINE>Don't be silly. <02>But, can you  <NEWLINE>really just up and leave?  <PAGE_BREAK>Don't the people here  <NEWLINE>need you?  <SPEAKER_BREAK>"
145,"rotdd",0x0017A81C,"Khris: No need to worry.  <NEWLINE>This country doesn't lack  <NEWLINE>resources.  <PAGE_BREAK>There are many who would   <NEWLINE>be happy to take my  <NEWLINE>job at the castle.  <SPEAKER_BREAK>"
146,"rotdd",0x0017A8A8,"<PLAYER_NAME>: Really?  <05><NEWLINE>All right, then.  <NEWLINE>Welcome aboard.  <SPEAKER_BREAK>"
147,"rotdd",0x0017A8DC,"Lowe: Ah ha ha ha!  <NEWLINE>I'm Lowe! <02>Pleased to meet you!  <05><NEWLINE>I'm a healer, just like you!  <PAGE_BREAK>I think the gods have finally  <NEWLINE>sent me the girl of my dreams!  <05><NEWLINE>And she's a healer!  <PAGE_BREAK>So, what are your hobbies?  <05><NEWLINE>What's your favorite food?  <NEWLINE>I like sweets! All kinds!  <SPEAKER_BREAK>"
148,"rotdd",0x0017A9F9,"Lowe: What? <02>What's wrong?  <SPEAKER_BREAK>"
149,"rotdd",0x0017AA17,"Khris: <PLAYER_NAME>, I think  <NEWLINE>I'll wait at headquarters.  <SPEAKER_BREAK>"
150,"rotdd",0x0017AA49,"Lowe: What's up with her?  <05><NEWLINE>Ah heh heh. Am I blushing?  <SPEAKER_BREAK>"
151,"rotdd",0x0017AA8E,"<PLAYER_NAME> examined  <NEWLINE>the dragon statue.  <05><NEWLINE>...  <PAGE_BREAK>There is a chain inside  <NEWLINE>the dragon's mouth.  <PAGE_BREAK>Pull it?  <SPEAKER_BREAK>"
152,"rotdd",0x0017AAF3,"<PLAYER_NAME> pulled the chain!  <SPEAKER_BREAK>"
153,"rotdd",0x0017AB0A,"Pursuing the Runefaust army  <NEWLINE>and seeking the legacy, the  <NEWLINE>Force continued its journey.  <PAGE_BREAK>What will they find in Rindo,  <NEWLINE>and what awaits them in the  <NEWLINE>fabled kingdom of Manarina?  <PAGE_BREAK>None among them were  <NEWLINE>yet aware of their destiny  <NEWLINE>which lay ahead.  <PAGE_BREAK>...Meanwhile...<PAGE_BREAK>Far to the east,  <NEWLINE>in Runefaust...  <SPEAKER_BREAK>"
154,"rotdd",0x0017AC3E,"Darksol: ...and so, Your  <NEWLINE>Highness, I sent a party to  <NEWLINE>investigate. But, as I feared,  <PAGE_BREAK>the western gate protected  <NEWLINE>by Guardiana is also sealed.  <NEWLINE>Perhaps we should probe  <PAGE_BREAK>the eastern gate, which lies  <NEWLINE>in our territory, and look for  <NEWLINE>a way to break the seal.  <SPEAKER_BREAK>"
155,"rotdd",0x0017AD4A,"Ramladu: I see... Yes.  <05><NEWLINE>I'll leave that to  <NEWLINE>you then, Darksol.  <SPEAKER_BREAK>"
156,"rotdd",0x0017AD9E,"Darksol:  <NEWLINE>Thank you, my lord.  <SPEAKER_BREAK>"
157,"rotdd",0x0017ADC0,"Rune Knight: Princess Narsha,  <NEWLINE>stop! I cannot allow this!  <SPEAKER_BREAK>"
158,"rotdd",0x0017ADFE,"Narsha: Let me go!  <NEWLINE>Get your hands off me!  <NEWLINE>I must speak to my father...  <SPEAKER_BREAK>"
159,"rotdd",0x0017AE4C,"Ramladu: Narsha!  <NEWLINE>What's this all about? This is  <NEWLINE>no way for a lady to behave!  <SPEAKER_BREAK>"
160,"rotdd",0x0017AEA0,"Narsha: Please forgive  <NEWLINE>the intrusion, Father.  <NEWLINE>But, I had to see you...  <PAGE_BREAK>Please listen to me,  <NEWLINE>just this once!  <PAGE_BREAK>What have you done?!  <05><NEWLINE>Attacking Guardiana...  <05><NEWLINE>I can't believe it!  <PAGE_BREAK>I can't believe that my father  <NEWLINE>would send his armies to  <NEWLINE>invade another kingdom!!  <PAGE_BREAK>You've changed somehow...  <NEWLINE>since...<02>since that mage  <NEWLINE>Darksol showed up! <SPEAKER_BREAK>"
161,"rotdd",0x0017B001,"Darksol: Heh heh heh heh.  <05><NEWLINE>How amusing, my lady. You  <NEWLINE>have quite an imagination.  <PAGE_BREAK>If I didn't know better, I'd  <NEWLINE>say you were accusing me  <NEWLINE>of manipulating the King.  <SPEAKER_BREAK>"
162,"rotdd",0x0017B0AE,"Narsha: Aren't you, though?  <05><NEWLINE>Father, please...<NEWLINE>Snap out of it!  <SPEAKER_BREAK>"
163,"rotdd",0x0017B0F2,"Ramladu:  <NEWLINE>Huh...?  <05><NEWLINE>You want me... <02>to...  <PAGE_BREAK>...  <PAGE_BREAK>...Wh...?  <PAGE_BREAK>Where... <02>Where am I?  <PAGE_BREAK>...Who... <02>am I?  <SPEAKER_BREAK>"
164,"rotdd",0x0017B15E,"Narsha: Father!  <SPEAKER_BREAK>"
165,"rotdd",0x0017B171,"Darksol: Your Highness!  <05><NEWLINE>What has come over you?  <05><NEWLINE>Look into my eyes...  <SPEAKER_BREAK>"
166,"rotdd",0x0017B1BF,"Ramladu: ...  <PAGE_BREAK>...It's nothing.  <05><NEWLINE>Narsha!  <SPEAKER_BREAK>"
167,"rotdd",0x0017B1ED,"Narsha: Y...<02>Yes, Father?  <SPEAKER_BREAK>"
168,"rotdd",0x0017B20A,"Ramladu: Leave us. You have  <NEWLINE>no say in these matters. <NEWLINE>How dare you question me!  <SPEAKER_BREAK>"
169,"rotdd",0x0017B25F,"Narsha: But...  <SPEAKER_BREAK>"
170,"rotdd",0x0017B271,"Ramladu:  <NEWLINE>I said LEAVE! Are you deaf?  <05><NEWLINE>Take her away!  <SPEAKER_BREAK>"
171,"rotdd",0x0017B2AD,"Narsha: Father... <02>FATHER!  <SPEAKER_BREAK>"
172,"rotdd",0x0017B2CB,"Rune Knight: Princess,  <NEWLINE>please return to your chamber.  <SPEAKER_BREAK>"
173,"rotdd",0x0017B306,"Narsha: As I suspected...<05><NEWLINE>It's the work of Darksol...  <PAGE_BREAK>Everything's changed for the  <NEWLINE>worse since that magician  <NEWLINE>arrived.  <PAGE_BREAK>Father must be under  <NEWLINE>his control...  <SPEAKER_BREAK>"
174,"rotdd",0x0017B3AE,"Narsha: ...!  <NEWLINE>Who... <02>Who are you?  <NEWLINE>How dare you enter without...  <SPEAKER_BREAK>"
175,"rotdd",0x0017B3F5,"Mage: I beg your pardon.  <NEWLINE>We come to deliver a message  <NEWLINE>from Lord Darksol.  <SPEAKER_BREAK>"
176,"rotdd",0x0017B445,"Mage: He can no longer  <NEWLINE>tolerate your presence and  <NEWLINE>insists that you leave...  <SPEAKER_BREAK>"
177,"rotdd",0x0017B498,"Narsha: Leave?  <05><NEWLINE>You mean the castle?  <SPEAKER_BREAK>"
178,"rotdd",0x0017B4C2,"Mage: No, not the castle.  <NEWLINE>This earth... <02>This  <NEWLINE>world of mortals.  <SPEAKER_BREAK>"
179,"rotdd",0x0017B509,"Mage: Lord Darksol thinks that  <NEWLINE>one as beautiful as you would <NEWLINE>be better suited for heaven.<SPEAKER_BREAK>"
180,"rotdd",0x0017B577,"Mage: You will feel no pain.  <NEWLINE>You'll simply fall asleep...  <SPEAKER_BREAK>"
181,"rotdd",0x0017B5B6,"Mage: ...never to wake up!  <SPEAKER_BREAK>"
182,"rotdd",0x0017B5D4,"Mage: Who are you?  <SPEAKER_BREAK>"
183,"rotdd",0x0017B5EA,"Mawlock:  <NEWLINE>Greetings, gentlemen.  <NEWLINE>You may call me Mawlock.  <PAGE_BREAK>I am the type of man who  <NEWLINE>simply cannot ignore a damsel  <NEWLINE>in distress...  <PAGE_BREAK>...especially the fair  <NEWLINE>maiden type...  <NEWLINE>Now, let's get down to business.  <SPEAKER_BREAK>"
184,"rotdd",0x0017B6C2,"Narsha: ...Thank you.  <05><NEWLINE>But, who are you?  <NEWLINE>Why did you save me...?  <SPEAKER_BREAK>"
185,"rotdd",0x0017B70A,"Mawlock: I am known as  <NEWLINE>Mawlock. The cards of  <NEWLINE>fate are mine to control.<SPEAKER_BREAK>"
186,"rotdd",0x0017B756,"Narsha: Cards of fate...?  <SPEAKER_BREAK>"
187,"rotdd",0x0017B773,"Mawlock: That is correct.  <NEWLINE>This world seems to have  <NEWLINE>strayed from its true destiny.  <PAGE_BREAK>The path it now treads is not  <NEWLINE>the one that was intended.  <PAGE_BREAK>And I believe it may have  <NEWLINE>something to do with the black  <NEWLINE>dragon who stirs, even now...  <SPEAKER_BREAK>"
188,"rotdd",0x0017B866,"Narsha: I'm sorry.  <NEWLINE>I don't understand a single  <NEWLINE>word you're saying. <02>But... <PAGE_BREAK>I do know that you  <NEWLINE>are very strong.  <05><NEWLINE>Please, you must help me.  <PAGE_BREAK>This is all Darksol's doing.  <NEWLINE>You must capture him!  <PAGE_BREAK>And my father...  <05><NEWLINE>Please bring back the kind,  <NEWLINE>loving father I used to know!  <SPEAKER_BREAK>"
189,"rotdd",0x0017B985,"Mawlock: Hmm...  <05><NEWLINE>Regrettably, not even I can  <NEWLINE>accomplish these things alone.  <PAGE_BREAK>In fact, I very rarely do  <NEWLINE>any of the fighting myself.  <NEWLINE>No, the one who must fight...  <PAGE_BREAK>...is you!  <SPEAKER_BREAK>"
190,"rotdd",0x0017BA3F,"Narsha: M...<02>Me?  <05><NEWLINE>There must be some mistake.  <NEWLINE>I'm not...  <SPEAKER_BREAK>"
191,"rotdd",0x0017BA7F,"Mawlock: Oh, really?  <NEWLINE>So, you're too weak... <02>Is that  <NEWLINE>what you're saying? Nonsense!  <PAGE_BREAK>Have you forgotten?  <NEWLINE>You carry the blood of  <NEWLINE>Ramladu in your veins.  <PAGE_BREAK>You have the power to give <NEWLINE>the restorative energy of the  <NEWLINE>earth to those who need it.  <PAGE_BREAK>And you must use it to aid the  <NEWLINE>warriors you will soon be  <NEWLINE>meeting.  <SPEAKER_BREAK>"
192,"rotdd",0x0017BBC3,"Narsha: I'm... <02>going to  <NEWLINE>meet them?  <SPEAKER_BREAK>"
193,"rotdd",0x0017BBEC,"Mawlock: Yes. They are still  <NEWLINE>few in number, but one day  <NEWLINE>they will be known as...  <PAGE_BREAK>...the Shining Force. Now go,  <NEWLINE>my lady. I will see you safely  <NEWLINE>out of the castle.   <PAGE_BREAK>But from there, you must  <NEWLINE>forge your own path.  <05><NEWLINE>Help lies to the west.  <SPEAKER_BREAK>"
194,"rotdd",0x0017BCE7,"Narsha: All right, I'll go.  <NEWLINE>For Father's sake... <02>and for  <NEWLINE>the people of this kingdom.  <SPEAKER_BREAK>"
195,"rotdd",0x0017BD44,"Mawlock: Bravo!  <NEWLINE>Ho ho, it looks like we've got  <NEWLINE>company. Best not to tarry...  <PAGE_BREAK>Well then, Princess Narsha,  <NEWLINE>shall we begin your journey?  <SPEAKER_BREAK>"
196,"rotdd",0x0017BDD5,"Dark Mage: Our prey is here!  <05><NEWLINE>Don't let your guard down,  <NEWLINE>even if she is just a girl!  <PAGE_BREAK>Lord Darksol's orders are  <NEWLINE>to take her dead or alive.  <NEWLINE>He doesn't care which!  <PAGE_BREAK>Don't let her escape! If we  <NEWLINE>fail, we forfeit our lives!  <SPEAKER_BREAK>"
197,"rotdd",0x0017BEBF,"Narsha: What do I do now...?  <05><NEWLINE>Where is Mawlock...?  <PAGE_BREAK>...How am I going to  <NEWLINE>get myself out of here...?  <PAGE_BREAK>I can't let myself fall apart!  <NEWLINE>I am the daughter of Ramladu!  <PAGE_BREAK>I made a vow... that until  <NEWLINE>I meet the Shining Force, I  <NEWLINE>will not allow myself to die.  <PAGE_BREAK>And I don't intend to break<NEWLINE>that vow!<SPEAKER_BREAK>"
198,"rotdd",0x0017BFED,"Narsha: Huh?   <NEWLINE>What's that noise?  <SPEAKER_BREAK>"
199,"rotdd",0x0017C013,"Narsha: Enemy reinforcements?  <SPEAKER_BREAK>"
200,"rotdd",0x0017C034,"Zuika: I am a friend,<NEWLINE>not a foe. <02>I felt warmth<NEWLINE>within your heart.<PAGE_BREAK>That's what woke me up. <SPEAKER_BREAK>"
201,"rotdd",0x0017C0A0,"Zuika: And that's why  <NEWLINE>I'm helping you.  <NEWLINE>My name is... Zuika...  <PAGE_BREAK>I have nothing....  <05><NEWLINE>only the will to fight.  <SPEAKER_BREAK>"
202,"rotdd",0x0017C115,"Narsha: ...  <05><NEWLINE>I think that should do it...  <NEWLINE>We've defeated them all.  <PAGE_BREAK>Thank you...<02>Zuika, right?  <05><NEWLINE>Thank you for saving me.  <PAGE_BREAK>If you hadn't come, I'd  <NEWLINE>have been killed for sure.  <SPEAKER_BREAK>"
203,"rotdd",0x0017C1CF,"Zuika: No thanks are needed.  <NEWLINE>I have been revived...  <05><NEWLINE>in order to fight.  <PAGE_BREAK>So, I will help you.  <NEWLINE>Wherever you go, <NEWLINE>I shall accompany you.  <SPEAKER_BREAK>"
204,"rotdd",0x0017C260,"Narsha: Wherever I go...<05><NEWLINE>...West! We must meet up  <NEWLINE>with the forces of Light!<PAGE_BREAK>I might never see<NEWLINE>this kingdom again... <05><NEWLINE>but I must go.<PAGE_BREAK>I must save my father!  <SPEAKER_BREAK>"
205,"rotdd",0x0017C302,"Hothead: OW!! OK, who was it?!  <NEWLINE>Who rammed that cart into me? <SPEAKER_BREAK>"
206,"rotdd",0x0017C343,"Old Man at Lookout Tower:  <NEWLINE>Hm, what's this?  <05><NEWLINE>Oh, my goodness!  <SPEAKER_BREAK>"
207,"rotdd",0x0017C387,"Old Man at Lookout Tower:  <NEWLINE>It's... <02>It's a giant eyeball!  <05><NEWLINE>...Huh?  <SPEAKER_BREAK>"
208,"rotdd",0x0017C3D0,"Old Man: Oh, it's you! Sorry,  <NEWLINE>I was so caught up with this  <NEWLINE>telescope, I didn't see you!  <PAGE_BREAK>This is my greatest invention  <NEWLINE>yet. It lets you see things<NEWLINE>far away! <02>By the way, <PAGE_BREAK>people are gathering around  <NEWLINE>the Gate of the Ancients.   <05><NEWLINE>What are they up to, I wonder?  <SPEAKER_BREAK>"
209,"rotdd",0x0017C4E0,"Old Man at Lookout Tower:  <NEWLINE>What's going on at the gate?  <05><NEWLINE>We could be in trouble if...  <SPEAKER_BREAK>"
210,"rotdd",0x0017C53C,"Gort:  <NEWLINE>Runefaust's army made  <NEWLINE>a mess of this town!  <PAGE_BREAK>I'm not sayin' everybody who  <NEWLINE>lives here is a saint...<02>Heck,  <NEWLINE>lots of 'em make fun of me...  <PAGE_BREAK>But even so... <05><NEWLINE>I love this town...  <NEWLINE>I was born here, after all.  <PAGE_BREAK>I used to be a soldier!  <05><NEWLINE>You gotta let me join you!  <SPEAKER_BREAK>"
211,"rotdd",0x0017C651,"<PLAYER_NAME>:  <NEWLINE>I...<02>I can't just...  <PAGE_BREAK>I mean, I was only supposed to  <NEWLINE>be leading an investigation at  <NEWLINE>the Gate of the Ancients...  <SPEAKER_BREAK>"
212,"rotdd",0x0017C6CE,"Gort: C'mon! Can't you grant  <NEWLINE>an old man his last wish?  <NEWLINE>Let me join up with you!  <SPEAKER_BREAK>"
213,"rotdd",0x0017C725,"Luke: <PLAYER_NAME>!  <NEWLINE>I say we let him join!  <PAGE_BREAK>Gort is the pride of the  <NEWLINE>Dwarves, a legend among  <NEWLINE>fighters!  <PAGE_BREAK>Things might get tough,  <NEWLINE>but with Gort on our side,  <NEWLINE>we'll be fine!  <SPEAKER_BREAK>"
214,"rotdd",0x0017C7D3,"<PLAYER_NAME>: ...All right.  <05><NEWLINE>Pleased to meet you, Gort.  <NEWLINE>Glad to have you with us!  <SPEAKER_BREAK>"
215,"rotdd",0x0017C821,"Gort joins the Shining Force!  <SPEAKER_BREAK>"
216,"rotdd",0x0017C842,"Gort: It's settled, then!<NEWLINE>I'll wait for you at<NEWLINE>headquarters, chief.<SPEAKER_BREAK>"
217,"rotdd",0x0017C887,"Fisherman: Ahh, fishing.  <NEWLINE>It's a nice distraction from<NEWLINE>the problem of <PAGE_BREAK>having too much money. <NEWLINE>Oh! <02>Oh oh oh! <05><NEWLINE>I think I got a bite! <PAGE_BREAK>Hey, would you mind standing  <NEWLINE>behind me and pulling?  <NEWLINE>This is a big'un!  <SPEAKER_BREAK>"
218,"rotdd",0x0017C95C,"Fisherman: Yep, a big one!  <NEWLINE>Pull one more time, will you?  <SPEAKER_BREAK>"
219,"rotdd",0x0017C99A,"Fisherman: One more time!  <SPEAKER_BREAK>"
220,"rotdd",0x0017C9B7,"Fisherman: That's it! Got 'em!  <SPEAKER_BREAK>"
221,"rotdd",0x0017C9D9,"Fisherman: Huh? <02>It's just<NEWLINE>a gold bar. Worthless!<NEWLINE>I thought I got rid of it!<SPEAKER_BREAK>"
222,"rotdd",0x0017CA38,"<NEWLINE>I'm not giving up<NEWLINE>until I catch a fish.<SPEAKER_BREAK>"
223,"rotdd",0x0017CA62,"Fisherman:  <NEWLINE>Here, fishee fishee  <NEWLINE>fishee...  <SPEAKER_BREAK>"
224,"rotdd",0x0017CA92,"Woman: Eek!<NEWLINE>What do you think<NEWLINE>you're doing?!<SPEAKER_BREAK>"
225,"rotdd",0x0017CAC0,"Woman: My... <02>My new<NEWLINE>dress is covered with mud!<05><NEWLINE>You clumsy oaf!<SPEAKER_BREAK>"
226,"rotdd",0x0017CB02,"Woman: Take this!  <SPEAKER_BREAK>"
227,"rotdd",0x0017CB17,"Soldier: Hey!<05><NEWLINE>Keep moving, scum!<SPEAKER_BREAK>"
228,"rotdd",0x0017CB3A,"Rune Knight: ...  <SPEAKER_BREAK>"
229,"rotdd",0x0017CB4E,"Soldier: What? A Rune Knight? <05><NEWLINE>You must be seeing things.  <05><NEWLINE>...Here, look.<SPEAKER_BREAK>"
230,"rotdd",0x0017CB9C,"Soldier: See? No one there!  <SPEAKER_BREAK>"
231,"rotdd",0x0017CBBB,"Soldier: Seen enough?  <05><NEWLINE>Then, go home!  <SPEAKER_BREAK>"
232,"rotdd",0x0017CBE6,"<PLAYER_NAME> and his party<NEWLINE>followed the army of Runefaust<NEWLINE>to Rindo, a land of merchants.<PAGE_BREAK>Tales of the Force's exploits<NEWLINE>had already reached the ears<NEWLINE>of the people of this country,<PAGE_BREAK>but not one of them knew the<NEWLINE>true purpose of the <NEWLINE>Shining Force's struggle.<SPEAKER_BREAK>"
233,"rotdd",0x0017CCDB,"Ramladu: The legacy...<05><NEWLINE>So, Guardiana didn't have<NEWLINE>the key to the riddle, either...<SPEAKER_BREAK>"
234,"rotdd",0x0017CD2F,"Darksol:<NEWLINE>Please accept my most humble<NEWLINE>apologies, Your Highness.<SPEAKER_BREAK>"
235,"rotdd",0x0017CD70,"Ramladu: All this talk...<05><NEWLINE>You wouldn't lie to me,<NEWLINE>would you?<PAGE_BREAK>This legacy... <02>It sounds<NEWLINE>like the stuff of legends...<05><NEWLINE>but does it really exist...?<SPEAKER_BREAK>"
236,"rotdd",0x0017CE04,"Darksol:<NEWLINE>I am sure of it. <02>And once<NEWLINE>it is in your possession...<PAGE_BREAK>The entire world will be<NEWLINE>within your grasp, my liege.<SPEAKER_BREAK>"
237,"rotdd",0x0017CE7B,"Ramladu: Yes... excellent.<05><NEWLINE>By the way, about Narsha...<SPEAKER_BREAK>"
238,"rotdd",0x0017CEB4,"Darksol: ...Your Highness, <02>how<NEWLINE>many times must I tell you?<PAGE_BREAK>You would do well to forget<NEWLINE>Princess Narsha. I believe it<NEWLINE>is in your best interests...<SPEAKER_BREAK>"
239,"rotdd",0x0017CF48,"Ramladu: Y-Yes, of course.<NEWLINE>Let's forget about Narsha. <02><NEWLINE>You've got to get the legacy!<SPEAKER_BREAK>"
240,"rotdd",0x0017CF9F,"Darksol: Leave it to me. If<NEWLINE>the western gate in Guardiana<NEWLINE>will not open, then so be it.<PAGE_BREAK>We will find a way<NEWLINE>to open the eastern gate,<NEWLINE>here in Runefaust.<PAGE_BREAK>Leave everything to me,<NEWLINE>your humble servant,<NEWLINE>Darksol...<SPEAKER_BREAK>"
241,"rotdd",0x0017D070,"Mayor: Welcome to Rindo,<NEWLINE>land of merchants.<05><NEWLINE>I'm the Mayor.<PAGE_BREAK>I hear you've come all the<NEWLINE>way from Guardiana.<NEWLINE>Now, what can I do for you?<SPEAKER_BREAK>"
242,"rotdd",0x0017D0F8,"<PLAYER_NAME>:<NEWLINE>Sir, Guardiana has...<SPEAKER_BREAK>"
243,"rotdd",0x0017D112,"Mayor:<NEWLINE>What!? Is this really true?<NEWLINE>Hmm...<PAGE_BREAK>I had heard rumors,<NEWLINE>but I never thought...<PAGE_BREAK>Come to think of it, I heard<NEWLINE>that Manarina increased<NEWLINE>its defenses recently...<PAGE_BREAK>But as long as our wealth<NEWLINE>is safe, the misfortunes of<NEWLINE>other lands do not concern us.<PAGE_BREAK>Why not seek help in Manarina?<05><NEWLINE>I will see that the way<NEWLINE>is opened for you.<SPEAKER_BREAK>"
244,"rotdd",0x0017D256,"Tao: Once we cross that<NEWLINE>desert...<02>we'll be in Manarina,<NEWLINE>where Princess Anri is...<SPEAKER_BREAK>"
245,"rotdd",0x0017D2A9,"Lowe: Yeah, Princess Anri's in<NEWLINE>Manarina...<02>Heh heh heh.<NEWLINE>Princesses are always cute.<SPEAKER_BREAK>"
246,"rotdd",0x0017D2FE,"Khris: I've heard tales<NEWLINE>about Princess Anri...<NEWLINE>about her great beauty...<SPEAKER_BREAK>"
247,"rotdd",0x0017D348,"Lowe: Heh heh heh.<NEWLINE>You said it!<SPEAKER_BREAK>"
248,"rotdd",0x0017D369,"<PLAYER_NAME>: Lowe!<NEWLINE>Get a hold of yourself!<SPEAKER_BREAK>"
249,"rotdd",0x0017D38B,"Nova:<NEWLINE><PLAYER_NAME>, there are<NEWLINE>enemies ahead!<PAGE_BREAK>Those monsters are<NEWLINE>used by the mages of Manarina<NEWLINE>to defend their country!<PAGE_BREAK>Movement is difficult here.<NEWLINE>Try not to become isolated<NEWLINE>as you move forward!<PAGE_BREAK>Giant Bats are very swift!<NEWLINE>Don't underestimate them!<SPEAKER_BREAK>"
250,"rotdd",0x0017D479,"Anri: Who are you?<SPEAKER_BREAK>"
251,"rotdd",0x0017D48D,"<PLAYER_NAME>:<NEWLINE>I'm <PLAYER_NAME>.<05><NEWLINE>I came from Guardiana.<SPEAKER_BREAK>"
252,"rotdd",0x0017D4B0,"Anri: From Guardiana, huh?<NEWLINE>And what are you doing here?<05><NEWLINE>Oh, I see.<PAGE_BREAK>A letter from Father, right?<NEWLINE>Always checking up on me!<NEWLINE>I'm not a child anymore!<SPEAKER_BREAK>"
253,"rotdd",0x0017D545,"<PLAYER_NAME>:<NEWLINE>N-No, that's not it...<SPEAKER_BREAK>"
254,"rotdd",0x0017D560,"Anri: What, then?<SPEAKER_BREAK>"
255,"rotdd",0x0017D573,"<PLAYER_NAME>:<NEWLINE>The King of Guardiana...<05><NEWLINE>has passed away.<PAGE_BREAK>He was killed at the hands<NEWLINE>of the army of Runefaust.<SPEAKER_BREAK>"
256,"rotdd",0x0017D5D7,"Anri: Wh-What did you say?<NEWLINE>That can't be...<05><NEWLINE>That's impossible!<PAGE_BREAK>Who are you, anyway?<NEWLINE>I can tell that you're<NEWLINE>not from Guardiana!<SPEAKER_BREAK>"
257,"rotdd",0x0017D66C,"Tao: Princess Anri!<SPEAKER_BREAK>"
258,"rotdd",0x0017D681,"Anri: Tao...<05><NEWLINE>What are you doing here?<SPEAKER_BREAK>"
259,"rotdd",0x0017D6A9,"Tao:<NEWLINE>This is <PLAYER_NAME>.<PAGE_BREAK>He was Lord Varios' pupil.<NEWLINE>Now, he's our leader. We're<NEWLINE>fighting against Runefaust.<SPEAKER_BREAK>"
260,"rotdd",0x0017D70D,"Anri: Then... <02>Then it's true?<05><NEWLINE>Father... <02>is dead?<SPEAKER_BREAK>"
261,"rotdd",0x0017D742,"Tao: Yes, it's true.<SPEAKER_BREAK>"
262,"rotdd",0x0017D758,"Anri: No...<PAGE_BREAK>I... <02>I...<SPEAKER_BREAK>"
263,"rotdd",0x0017D787,"<PLAYER_NAME>: I washed ashore<NEWLINE>in Guardiana with no memory<NEWLINE>of my past.<PAGE_BREAK>The people of Guardiana<NEWLINE>saved me, but I can only<NEWLINE>remember this past year,<PAGE_BREAK>so I have no sad memories.<NEWLINE>Everyone in Guardiana was<NEWLINE>so kind to me...<SPEAKER_BREAK>"
264,"rotdd",0x0017D85E,"<PLAYER_NAME>:<NEWLINE>Maybe there's nothing<NEWLINE>I can say to comfort you,<PAGE_BREAK><05>but even so...<SPEAKER_BREAK>"
265,"rotdd",0x0017D8A2,"Anri: ...That's enough.<05><NEWLINE>I'm all right.<PAGE_BREAK><PLAYER_NAME>, I<NEWLINE>appreciate your concern.<PAGE_BREAK>But, I'm a princess.<NEWLINE>We of royal blood have a<NEWLINE>sacred duty to perform.<PAGE_BREAK>I had already heard<NEWLINE>about Runefaust from<NEWLINE>Lord Otrant.<PAGE_BREAK>I will fight with you.<05><NEWLINE>It's what my father<NEWLINE>would have wanted.<SPEAKER_BREAK>"
266,"rotdd",0x0017D9A4,"<PLAYER_NAME>:<NEWLINE>Thank you, Princess Anri.<SPEAKER_BREAK>"
267,"rotdd",0x0017D9C2,"Anri joins the Shining Force!<SPEAKER_BREAK>"
268,"rotdd",0x0017D9E1,"Tao: Your Highness, I know<NEWLINE>this must be hard for you,<NEWLINE>but let us fight together.<PAGE_BREAK>I will protect you with<NEWLINE>my life, if necessary.<SPEAKER_BREAK>"
269,"rotdd",0x0017DA62,"Anri: Thank you, Tao. But,<NEWLINE>you don't need to worry.<PAGE_BREAK>Let's help each other improve<NEWLINE>our skills and use our power<NEWLINE>to fight for good.<SPEAKER_BREAK>"
270,"rotdd",0x0017DAE5,"Tao: Yes, Your Highness!<SPEAKER_BREAK>"
271,"rotdd",0x0017DAFF,"Anri: <PLAYER_NAME>,<NEWLINE>I've already paid my<NEWLINE>respects to Lord Otrant.<PAGE_BREAK>We'll be waiting at<NEWLINE>headquarters.<SPEAKER_BREAK>"
272,"rotdd",0x0017DB59,"<PLAYER_NAME>: So, this is<NEWLINE>the Cavern of Darkness.<SPEAKER_BREAK>"
273,"rotdd",0x0017DB81,"Anri: Yes. It's connected<NEWLINE>to the netherworld, and<NEWLINE>monsters are born here.<PAGE_BREAK>The mages of Manarina use it <NEWLINE>as a proving ground to test <NEWLINE>their power. <PAGE_BREAK>We'd best be careful.<SPEAKER_BREAK>"
274,"rotdd",0x0017DC2B,"Nova: This is the Cavern of<NEWLINE>Darkness. Monsters were sealed<NEWLINE>here by the mages of Manarina.<PAGE_BREAK>Hmm! I sense some kind of<NEWLINE>strong supernatural<NEWLINE>presence...<SPEAKER_BREAK>"
275,"rotdd",0x0017DCC0,"Hans: Ugh...<NEWLINE>I thought I was ready for it,<NEWLINE>but that eerie feeling...<SPEAKER_BREAK>"
276,"rotdd",0x0017DD06,"Khris: Don't overdo it!<NEWLINE>If you get hurt, call<NEWLINE>for me right away!<SPEAKER_BREAK>"
277,"rotdd",0x0017DD48,"<PLAYER_NAME>: Our mission<NEWLINE>is to find the<NEWLINE><QUOTE>Orb of Light<QUOTE>!<PAGE_BREAK>We need it to solve the<NEWLINE>mystery of the Legacy of the<NEWLINE>Gods. <02>Let's go, everybody!<SPEAKER_BREAK>"
278,"rotdd",0x0017DDC8,"Skeleton: ...Filthy humans, with <NEWLINE>your wasteful flesh and fat...<05><NEWLINE>Why have you come here?<PAGE_BREAK>This is our treasure...<05><NEWLINE>and you can't have it!<SPEAKER_BREAK>"
279,"rotdd",0x0017DE53,"Nova: The enemies have all<NEWLINE>been defeated! Now,<NEWLINE>quickly, the Orb of Light!<SPEAKER_BREAK>"
280,"rotdd",0x0017DE9E,"Spirit of the Spring: ...<05><NEWLINE>You are... <02><PLAYER_NAME>...<05><NEWLINE>I am pleased to see you...<SPEAKER_BREAK>"
281,"rotdd",0x0017DEE7,"<PLAYER_NAME>:<NEWLINE>H-How...?<02><NEWLINE>How did you know my name?<SPEAKER_BREAK>"
282,"rotdd",0x0017DF10,"Spirit of the Spring: ...<02>You<NEWLINE>don't know who I am, do you?<05><NEWLINE>How to explain...<PAGE_BREAK>Listen, <PLAYER_NAME>, and<NEWLINE>listen closely to what<NEWLINE>I am about to tell you.<PAGE_BREAK>Many ages ago,<05><NEWLINE>the lords of Rune...<05><NEWLINE>left something behind...<PAGE_BREAK>The Legacy of the Gods,<05><NEWLINE>objects of terrible power...<05><NEWLINE>They were sealed away.<PAGE_BREAK>You must make sure that no<NEWLINE>one breaks that seal.<05><NEWLINE>That is your mission.<SPEAKER_BREAK>"
283,"rotdd",0x0017E072,"<PLAYER_NAME>:<NEWLINE>My... <02>mission?<PAGE_BREAK>Tell me more!<NEWLINE>Where did I come from?<NEWLINE>Why have I been given this...?<SPEAKER_BREAK>"
284,"rotdd",0x0017E0CA,"Spirit of the Spring:<NEWLINE>It is still early...<05><NEWLINE>I can't tell you any more.<PAGE_BREAK>Both... <02>Both of you<NEWLINE>must be here before<NEWLINE>I can tell you the rest.<PAGE_BREAK>You... <02>and he...<02><NEWLINE>must come to Metapha.<NEWLINE>Metapha, the land of the gods.<PAGE_BREAK>Only then... <02>Only then will I<NEWLINE>reveal the full extent of your<NEWLINE>mission to both of you.<SPEAKER_BREAK>"
285,"rotdd",0x0017E1F2,"Man with a Dream: When<NEWLINE>the circus comes, they'll<NEWLINE>put up a tent over yonder.<PAGE_BREAK>And then I'll get loads<NEWLINE>of customers for my shop...<05><NEWLINE>Hee hee hee...<SPEAKER_BREAK>"
286,"rotdd",0x0017E283,"Man with a Dream:<NEWLINE>Hey, you can't go<NEWLINE>in there yet!<PAGE_BREAK>The circus people asked me<NEWLINE>to make sure no one goes in<NEWLINE>until they're ready.<SPEAKER_BREAK>"
287,"rotdd",0x0017E302,"Man with a Dream:<NEWLINE>The Mayor's grandson?<05><NEWLINE>Come to think of it...<PAGE_BREAK>I saw him here a few days ago.<NEWLINE>You don't think the circus<NEWLINE>people...?<PAGE_BREAK><05>All right, you can go in<NEWLINE>and look, but be careful.<SPEAKER_BREAK>"
288,"rotdd",0x0017E3BC,"Man with a Dream:<NEWLINE>Be careful, OK?<SPEAKER_BREAK>"
289,"rotdd",0x0017E3DF,"Man with a Dream: To think<NEWLINE>those circus freaks took away<NEWLINE>that poor little kid...<PAGE_BREAK>I feel awful...<NEWLINE>I had no idea!<SPEAKER_BREAK>"
290,"rotdd",0x0017E450,"Mishaela: Well, hello there,<NEWLINE><PLAYER_NAME>.<NEWLINE>Do you remember me?<PAGE_BREAK>It's me! The fortune-teller<NEWLINE>from Alterone...<SPEAKER_BREAK>"
291,"rotdd",0x0017E4BE,"Mishaela: Well,<NEWLINE>you may not remember me,<NEWLINE>but I remember you.<PAGE_BREAK>Tell me, what are a bunch<NEWLINE>of stragglers from Guardiana<NEWLINE>doing nosing around here?<PAGE_BREAK>I'd think that losers like you<NEWLINE>would have the sense to go<NEWLINE>back and hide in their holes.<SPEAKER_BREAK>"
292,"rotdd",0x0017E5A5,"Gort: Why you...!<NEWLINE>You'd better watch your mouth!<SPEAKER_BREAK>"
293,"rotdd",0x0017E5D7,"Anri: Mishaela... <02>I've<NEWLINE>heard that name somewhere.<NEWLINE>Aren't you Runefaust's...?<SPEAKER_BREAK>"
294,"rotdd",0x0017E626,"Tao: Princess Anri...<02>She's<NEWLINE>the legendary witch, Mishaela!<NEWLINE>I hear she has awesome powers!<SPEAKER_BREAK>"
295,"rotdd",0x0017E681,"Anri: Now, I remember. The<NEWLINE>legendary witch Mishaela!<NEWLINE>I've heard of your magic!<SPEAKER_BREAK>"
296,"rotdd",0x0017E6D1,"<PLAYER_NAME>:<NEWLINE>Mishaela! Are you an<NEWLINE>agent of Runefaust?!<SPEAKER_BREAK>"
297,"rotdd",0x0017E6FF,"Mishaela: ...The very same. I<NEWLINE>am Mishaela...<02>a witch in the<NEWLINE>service of Runefaust's forces.<PAGE_BREAK>That fool, Kane...<02>He<NEWLINE>wasn't up to the task, so<NEWLINE>I'm here to finish the job.<PAGE_BREAK>Marionettes! My puppets!<NEWLINE>My precious little children!<PAGE_BREAK>See that these warriors get<NEWLINE>the most excruciatingly<NEWLINE>painful death imaginable!<SPEAKER_BREAK>"
298,"rotdd",0x0017E82B,"Marionette: ...Grk...<05><NEWLINE>Grk...<02>Grrrrk...<05><NEWLINE>Mishaela...<SPEAKER_BREAK>"
299,"rotdd",0x0017E861,"<PLAYER_NAME>: You... <02>You're<NEWLINE>the Mayor's grandson?<PAGE_BREAK>So you were captured<NEWLINE>by Mishaela, after all!<SPEAKER_BREAK>"
300,"rotdd",0x0017E8B7,"Mayor's Grandson: Waaah!<NEWLINE>The fortune-teller lady<NEWLINE>kidnapped me!<PAGE_BREAK>She said she'd take my soul<NEWLINE>and put it in a doll!<PAGE_BREAK>It's a good thing you came<NEWLINE>along! Thanks a lot! Now,<NEWLINE>I can go home and play!<SPEAKER_BREAK>"
301,"rotdd",0x0017E976,"Anri: What a lucky break,<NEWLINE>huh, <PLAYER_NAME>?<NEWLINE>With this ship,<PAGE_BREAK>we'll be able to cross the sea<NEWLINE>and catch up with the<NEWLINE>army of Runefaust!<SPEAKER_BREAK>"
302,"rotdd",0x0017E9F1,"<PLAYER_NAME>: Yes, Princess.<NEWLINE>And learn the secret of<NEWLINE>the legacy before they do...<SPEAKER_BREAK>"
303,"rotdd",0x0017EA39,"Anri: What's wrong,<NEWLINE><PLAYER_NAME>?<SPEAKER_BREAK>"
304,"rotdd",0x0017EA51,"Mae: Your Highness!<NEWLINE>Wait! <02>...There's<NEWLINE>a strange presence!<SPEAKER_BREAK>"
305,"rotdd",0x0017EA9D,"Mae:<NEWLINE>Begone, witch!<SPEAKER_BREAK>"
306,"rotdd",0x0017EAB2,"Mishaela: What's the matter?<NEWLINE>Never seen a witch before?<PAGE_BREAK><PLAYER_NAME>!<PAGE_BREAK>I never thought you'd be able<NEWLINE>to defeat my Marionettes...<05><NEWLINE>My poor little darlings...<PAGE_BREAK>You shall suffer pain that is<NEWLINE>100 times worse than the pain<NEWLINE>you caused them.<SPEAKER_BREAK>"
307,"rotdd",0x0017EB91,"<PLAYER_NAME>:<NEWLINE>Mae! It's too dangerous here!<NEWLINE>Take Princess Anri and run!<SPEAKER_BREAK>"
308,"rotdd",0x0017EBCF,"Mae: OK!<05><NEWLINE>Come on, Princess, this way!<SPEAKER_BREAK>"
309,"rotdd",0x0017EBF7,"Mishaela: Don't make such <NEWLINE>an ugly face, <PLAYER_NAME>.<PAGE_BREAK>We'll just have to wait until<NEWLINE>next time to settle the score.<NEWLINE>When you're exhausted<PAGE_BREAK>at the end of your long,<NEWLINE>arduous journey... <02>I will<NEWLINE>return to claim your life!<SPEAKER_BREAK>"
310,"rotdd",0x0017ECC6,"Mishaela:<NEWLINE>Until then, farewell!<SPEAKER_BREAK>"
311,"rotdd",0x0017ECE7,"Mae:<NEWLINE><PLAYER_NAME>! It's too dangerous!<NEWLINE>You have to come back!<SPEAKER_BREAK>"
312,"rotdd",0x0017ED48,"Balbaroy:<NEWLINE>Run! <02>Run away! It's a trap!<SPEAKER_BREAK>"
313,"rotdd",0x0017ED70,"Priest:  Finished your<NEWLINE>prayers? <02>Then, you should<NEWLINE>have no regrets about dying...<SPEAKER_BREAK>"
314,"rotdd",0x0017EDC2,"Darksol:<NEWLINE>It's been a while, <PLAYER_NAME>.<SPEAKER_BREAK>"
315,"rotdd",0x0017EDE2,"<PLAYER_NAME>:<NEWLINE>Who are you?!<05><NEWLINE>How do you know my name...?<SPEAKER_BREAK>"
316,"rotdd",0x0017EE11,"Darksol: You obviously<NEWLINE>don't remember, but I<NEWLINE>know you very well indeed.<PAGE_BREAK>My name is Darksol.<NEWLINE>I am the leader of<NEWLINE>the army of Runefaust.<SPEAKER_BREAK>"
317,"rotdd",0x0017EE98,"<PLAYER_NAME>: What happened<NEWLINE>to the priest who was<NEWLINE>in this church? You didn't...<SPEAKER_BREAK>"
318,"rotdd",0x0017EEDE,"Darksol: Ah, yes... He knew<NEWLINE>more about the legacy than<NEWLINE>even the King of Guardiana.<PAGE_BREAK>Unfortunately, he was most<NEWLINE>uncooperative. <02>I had no<NEWLINE>choice but to kill him. <PAGE_BREAK>He was quite a skilled<NEWLINE>magician, and put up<NEWLINE>a terrible struggle.<PAGE_BREAK>Why, I was seriously wounded!<NEWLINE>I would have liked to finish<NEWLINE>you off myself, but... oh well.<PAGE_BREAK>Ghouls!<SPEAKER_BREAK>"
319,"rotdd",0x0017F023,"Darksol:<NEWLINE>I've brought you your dinner!<SPEAKER_BREAK>"
320,"rotdd",0x0017F04B,"Balbaroy:<NEWLINE>Thanks for saving us!<NEWLINE>I'm eternally grateful.<SPEAKER_BREAK>"
321,"rotdd",0x0017F084,"Amon:<NEWLINE>Thank you ever so much.<SPEAKER_BREAK>"
322,"rotdd",0x0017F0A3,"<PLAYER_NAME>: That's OK...<05><NEWLINE>but why are you here?<SPEAKER_BREAK>"
323,"rotdd",0x0017F0CB,"Balbaroy: We Birdmen<NEWLINE>are powerful warriors who<NEWLINE>can soar through the skies.<PAGE_BREAK>Because of this,<NEWLINE>we were seen as threats,<NEWLINE>and attacked by Runefaust...<SPEAKER_BREAK>"
324,"rotdd",0x0017F15E,"Amon: Our race was almost<NEWLINE>annihilated.<PAGE_BREAK>The survivors were forced to<NEWLINE>flee, leaving their country<NEWLINE>behind...<SPEAKER_BREAK>"
325,"rotdd",0x0017F1C9,"Balbaroy: My wife and I have<NEWLINE>been travelling in search of<NEWLINE>our lost brethren.<PAGE_BREAK>We were staying here, taking<NEWLINE>a break from our travels,<NEWLINE>when Darksol appeared.<SPEAKER_BREAK>"
326,"rotdd",0x0017F265,"Amon: We fought as hard<NEWLINE>as we could, but we<NEWLINE>were no match for him...<PAGE_BREAK>The priest who took us in<NEWLINE>was unable to protect us...<SPEAKER_BREAK>"
327,"rotdd",0x0017F2E1,"Balbaroy:<NEWLINE>We have a favor<NEWLINE>to ask of you.<PAGE_BREAK>If you are truly fighting<NEWLINE>against Runefaust, then we<NEWLINE>would be honored to join you!<PAGE_BREAK>Our powers of flight<NEWLINE>are at your service!<SPEAKER_BREAK>"
328,"rotdd",0x0017F388,"<PLAYER_NAME>: Thanks! We'll<NEWLINE>take on Runefaust together!<SPEAKER_BREAK>"
329,"rotdd",0x0017F3B6,"Balbaroy: Ahead lie<NEWLINE>the forests of Bustoke.<PAGE_BREAK>Beyond that is the Pao Plain,<NEWLINE>and further on,<NEWLINE>the eastern continent.<SPEAKER_BREAK>"
330,"rotdd",0x0017F428,"Amon:<NEWLINE>Please allow us to guide you<NEWLINE>along the path to Bustoke.<SPEAKER_BREAK>"
331,"rotdd",0x0017F467,"Balbaroy: Let us know<NEWLINE>when you're ready to depart.<NEWLINE>We'll be at headquarters.<SPEAKER_BREAK>"
332,"rotdd",0x0017F4B5,"Amon: I have one request...<05><NEWLINE>When you put us on the field,<NEWLINE>try to keep us together...<SPEAKER_BREAK>"
333,"rotdd",0x0017F514,"Amon: Ah... nothing.<PAGE_BREAK>Here, this is a token of my<NEWLINE>gratitude. I'm afraid it's all<NEWLINE>I have right now.<PAGE_BREAK>...I'm sorry.<SPEAKER_BREAK>"
334,"rotdd",0x0017F585,"And so, <PLAYER_NAME> and<NEWLINE>the rest of the Shining Force<NEWLINE>set forth from Shade Abbey.<PAGE_BREAK>Led by Balbaroy and Amon,<NEWLINE>the party arrived in the<NEWLINE>mountainous region of Bustoke.<PAGE_BREAK>Beyond Bustoke, across<NEWLINE>the plains of Pao, lay<NEWLINE>the eastern continent,<PAGE_BREAK>Prompt, where the children<NEWLINE>of the gods lived, and the<NEWLINE>sacred land of Metapha...<PAGE_BREAK>Searching for the secret of<NEWLINE>the legacy, the Shining Force<NEWLINE>continued their quest.<SPEAKER_BREAK>"
335,"rotdd",0x0017F735,"Narsha: By the looks of it, not<NEWLINE>even Runefaust's troops know<NEWLINE>about this secret passageway.<SPEAKER_BREAK>"
336,"rotdd",0x0017F791,"Zuika: Nope.<SPEAKER_BREAK>"
337,"rotdd",0x0017F79F,"Narsha: Quickly, to the port!<PAGE_BREAK>The old Guardiana army has<NEWLINE>regrouped on the western<NEWLINE>continent, with new troops.<PAGE_BREAK>Rumor has it that they're<NEWLINE>fighting against Runefaust. We<NEWLINE>must join up with them...<SPEAKER_BREAK>"
338,"rotdd",0x0017F861,"Narsha: So, Runefaust's grip<NEWLINE>extends even to this place...<SPEAKER_BREAK>"
339,"rotdd",0x0017F89D,"Zuika: It looks like they're<NEWLINE>a little cleverer than we<NEWLINE>first thought.<SPEAKER_BREAK>"
340,"rotdd",0x0017F8E4,"Narsha: ...What shall we do?<SPEAKER_BREAK>"
341,"rotdd",0x0017F902,"Zuika: Simple. <02>The way<NEWLINE>back is already cut off.<05><NEWLINE>Nothing left to do but fight!<SPEAKER_BREAK>"
342,"rotdd",0x0017F953,"Narsha: We've defeated<NEWLINE>the enemies, but...<SPEAKER_BREAK>"
343,"rotdd",0x0017F97F,"Zuika:<NEWLINE>This ship looks OK, but it's<NEWLINE>too dangerous to sail now.<PAGE_BREAK>They ambushed us at the<NEWLINE>port, and I'm sure they'll do<NEWLINE>the same when we're at sea.<PAGE_BREAK>We're badly outnumbered.<NEWLINE>We'd be at a disadvantage<NEWLINE>in a sea battle.<SPEAKER_BREAK>"
344,"rotdd",0x0017FA55,"Narsha: You're right...<05><NEWLINE>...which means we'll just have<NEWLINE>to look for another way out.<SPEAKER_BREAK>"
345,"rotdd",0x0017FAC1,"Mawlock:<NEWLINE>...Well! This is a surprise!<PAGE_BREAK>I thought you'd already be<NEWLINE>well on your way<NEWLINE>to the west by now.<PAGE_BREAK>The Shining Force is already<NEWLINE>valiantly engaged in battle<NEWLINE>with the army of Runefaust.<SPEAKER_BREAK>"
346,"rotdd",0x0017FB7D,"Narsha:<NEWLINE>The Shining Force?<SPEAKER_BREAK>"
347,"rotdd",0x0017FB99,"Mawlock: A group fighting<NEWLINE>against Runefaust, led by a<NEWLINE>young warrior named <PLAYER_NAME>.<SPEAKER_BREAK>"
348,"rotdd",0x0017FBE7,"Narsha: ...But... <02>the journey<NEWLINE>across the sea<NEWLINE>is too dangerous!<SPEAKER_BREAK>"
349,"rotdd",0x0017FC28,"Mawlock: Hmmm...<NEWLINE>You do have a point there...<05><NEWLINE>Ah, I have it!<PAGE_BREAK>I know a better way.<NEWLINE>I'll show you.<SPEAKER_BREAK>"
350,"rotdd",0x0017FC8B,"Narsha: Where are we going?<SPEAKER_BREAK>"
351,"rotdd",0x0017FCA8,"Mawlock:<NEWLINE>You shall see.<PAGE_BREAK>Going this way will save us<NEWLINE>some time <02>...though<NEWLINE>it may be a bit risky.<SPEAKER_BREAK>"
352,"rotdd",0x0017FD16,"Dr. Crock: Welcome to the<NEWLINE>home of Crock the inventor!<05><NEWLINE>That's me, by the way.<PAGE_BREAK>You look like you've got time<NEWLINE>on your hands. Why not take a<NEWLINE>look at my new Steam Suit?<PAGE_BREAK>Hey, Guntz!<NEWLINE>Walk for the people!<SPEAKER_BREAK>"
353,"rotdd",0x0017FDDD,"Guntz: Is it really<NEWLINE>going to work this time?<NEWLINE>Will I be able to move?<SPEAKER_BREAK>"
354,"rotdd",0x0017FE23,"Dr. Crock: Fool! How dare you<NEWLINE>question the genius of the<NEWLINE>great Crock! Now GET WALKING!<SPEAKER_BREAK>"
355,"rotdd",0x0017FE7B,"Guntz:<NEWLINE>...All right, all right.<SPEAKER_BREAK>"
356,"rotdd",0x0017FE9C,"Guntz: I... I can't move.<05><NEWLINE>It's no use...<SPEAKER_BREAK>"
357,"rotdd",0x0017FEC7,"Crock: Darn it!<NEWLINE>Not again..<SPEAKER_BREAK>"
358,"rotdd",0x0017FEE4,"Dr. Crock: Guess what! <02>That<NEWLINE>stingy chairman lent me the<NEWLINE>money to finish my research!<PAGE_BREAK>Now my Steam Suit is complete!<NEWLINE>A great day for science! Time<NEWLINE>to test out my new invention!<PAGE_BREAK>Hey, Guntz!<NEWLINE>Try walking again!<SPEAKER_BREAK>"
359,"rotdd",0x0017FFB5,"Guntz: But, you haven't<NEWLINE>changed it that much!<SPEAKER_BREAK>"
360,"rotdd",0x0017FFE4,"Dr. Crock: Fool! How dare you<NEWLINE>question the genius of the<NEWLINE>great Crock? GET WALKING!<SPEAKER_BREAK>"
361,"rotdd",0x00180038,"Guntz:<NEWLINE>...All right, all right.<SPEAKER_BREAK>"
362,"rotdd",0x00180059,"Guntz: I... I can't move.<05><NEWLINE>It still doesn't work...<SPEAKER_BREAK>"
363,"rotdd",0x0018008E,"Crock: DARN it!<NEWLINE>Not again.<SPEAKER_BREAK>"
364,"rotdd",0x001800AA,"Manager:<NEWLINE>Step right up, one and all!<NEWLINE>Today's main attraction is...<PAGE_BREAK>a battle between Runefaust...<05><NEWLINE>and the miserable remnants<NEWLINE>of the army of Guardiana!<PAGE_BREAK>You won't see this anywhere<NEWLINE>else, folks!<05><NEWLINE>How about it, sir?<SPEAKER_BREAK>"
365,"rotdd",0x0018017F,"Manager: OK, it'll<NEWLINE>start soon. Why don't you<NEWLINE>take a seat over there?<SPEAKER_BREAK>"
366,"rotdd",0x001801C5,"Manager: <NEWLINE>Too bad... It's a great<NEWLINE>production.<SPEAKER_BREAK>"
367,"rotdd",0x001801F4,"Manager:<NEWLINE>And now, ladies and gentlemen!<NEWLINE>The show is about to begin!<SPEAKER_BREAK>"
368,"rotdd",0x00180239,"Actor 1: Ha! I found you, dog<NEWLINE>of Guardiana! I'll teach you<NEWLINE>to stand in Runefaust's way!<SPEAKER_BREAK>"
369,"rotdd",0x00180292,"Actor 2: Eeek! <02>Please,<NEWLINE>I beg you! Spare my life!<SPEAKER_BREAK>"
370,"rotdd",0x001802C5,"Actor 1: Too late for that!<NEWLINE>Prepare to meet your maker!<SPEAKER_BREAK>"
371,"rotdd",0x001802FE,"Actor 2: Eeeeyaaaargh!<SPEAKER_BREAK>"
372,"rotdd",0x00180316,"Actor 2: You killed me!<SPEAKER_BREAK>"
373,"rotdd",0x0018032F,"Manager:<NEWLINE>Wasn't that brilliant, folks?<PAGE_BREAK>What a thrilling performance!<05><NEWLINE>The brave hero of Runefaust<NEWLINE>slaying the Guardiana scum!<SPEAKER_BREAK>"
374,"rotdd",0x001803AE,"Manager:<NEWLINE>Hope you enjoyed today's show!<NEWLINE>Be sure to come again soon!<SPEAKER_BREAK>"
375,"rotdd",0x001803F3,"Old Gert:<NEWLINE>Welcome to my laboratory!<PAGE_BREAK>I'm researching how to turn<NEWLINE>humans into other animals.<05><NEWLINE>But, you see...<PAGE_BREAK>No one's willing to help me<NEWLINE>with my experiments. Do you<NEWLINE>think you could help me?<SPEAKER_BREAK>"
376,"rotdd",0x001804B1,"Old Gert: That's a good boy!<05><NEWLINE>Now, stand over there.<SPEAKER_BREAK>"
377,"rotdd",0x001804E7,"Old Gert:<NEWLINE>OK, let's get started!<SPEAKER_BREAK>"
378,"rotdd",0x00180509,"Old Gert: Wow! I've done it!<NEWLINE>What a tasty-looking chicken!<SPEAKER_BREAK>"
379,"rotdd",0x00180545,"Mage: Heh heh heh. <02>Heh heh.<05><NEWLINE>You've found your way to<NEWLINE>a most frightening place...<PAGE_BREAK>I'm conducting an<NEWLINE>experiment. <02>It's truly<NEWLINE>gruesome. Want to watch?<SPEAKER_BREAK>"
380,"rotdd",0x001805DC,"Mage: Excellent.<NEWLINE>Brace yourself!<SPEAKER_BREAK>"
381,"rotdd",0x001805FE,"Mage: Idiot! Who told you<NEWLINE>that you could refuse?<NEWLINE>Stand there and watch!<SPEAKER_BREAK>"
382,"rotdd",0x00180647,"Mage: I'm researching<NEWLINE>the summoning of demons.<PAGE_BREAK>Now, I shall summon<NEWLINE>a creature more terrifying<NEWLINE>than anything ever seen!<PAGE_BREAK>Dark powers! <02>Bring forth<NEWLINE>the most terrible creature<NEWLINE>the world has ever seen!<SPEAKER_BREAK>"
383,"rotdd",0x00180718,"Mage's Wife: You!<NEWLINE>When are you going<NEWLINE>to stop these tricks?<PAGE_BREAK>I'm going home!<SPEAKER_BREAK>"
384,"rotdd",0x00180770," Don't get mad!<NEWLINE>I'll get a real job!<NEWLINE>I promise!<SPEAKER_BREAK>"
385,"rotdd",0x001807A1,"Arthur: My name is Arthur.<NEWLINE>I used to be a knight...<02><NEWLINE>But, I wasn't cut out for it.<PAGE_BREAK>Now, I'm just a burden on<NEWLINE>this kingdom. I do laundry<NEWLINE>in exchange for food...<SPEAKER_BREAK>"
386,"rotdd",0x00180842,"Arthur: Hey, I know you!<05><NEWLINE>You're the ones fighting <NEWLINE>against Runefaust, aren't you?<PAGE_BREAK>I'd like to try my hand<NEWLINE>at fighting, one last time.<05><NEWLINE>So, I'm begging you!<PAGE_BREAK>If I get in your way,<NEWLINE>you can get rid of me.<05><NEWLINE>Just take me with you!<PAGE_BREAK>No - even if you turn me down,<NEWLINE>I'm still gonna follow you!<SPEAKER_BREAK>"
387,"rotdd",0x00180960,"Arthur joins<NEWLINE>the Shining Force!<SPEAKER_BREAK>"
388,"rotdd",0x00180981,"Arthur: I'll wait at<NEWLINE>headquarters. <02>Just give a yell<NEWLINE>when it's time to fight!<PAGE_BREAK>Here's a little something<NEWLINE>you might find useful...<SPEAKER_BREAK>"
389,"rotdd",0x00180A03,"<PLAYER_NAME>:<NEWLINE>He's kind of pushy.<05><NEWLINE>...Oh, well.<SPEAKER_BREAK>"
390,"rotdd",0x00180A29,"Manager:<NEWLINE>Come one, come all!<NEWLINE>Today's main attraction is...<PAGE_BREAK>a battle between Runefaust...<05><NEWLINE>and the magnificent<NEWLINE>Shining Force!<PAGE_BREAK>You won't see this anywhere<NEWLINE>else, folks! <05><NEWLINE>How about it, sir?<SPEAKER_BREAK>"
391,"rotdd",0x00180AE5,"Manager: OK, it'll<NEWLINE>start soon. Why don't you<NEWLINE>sit in those seats over there?<SPEAKER_BREAK>"
392,"rotdd",0x00180B32,"Manager: What?! <NEWLINE>You're not gonna watch this<NEWLINE>great show? <02>Well, your loss...<SPEAKER_BREAK>"
393,"rotdd",0x00180B80,"Manager:<NEWLINE>And now, ladies and gentlemen!<NEWLINE>The show is about to begin!<SPEAKER_BREAK>"
394,"rotdd",0x00180BC5,"Actor 1: Yikes!<NEWLINE>It's the Shining Force!<PAGE_BREAK>Aieeee! Don't hurt me!<NEWLINE>I promise not to do<NEWLINE>bad things anymore!<SPEAKER_BREAK>"
395,"rotdd",0x00180C2D,"Actor 2: Ha! A likely story!<05><NEWLINE>I know you're up to no good!<SPEAKER_BREAK>"
396,"rotdd",0x00180C69,"Actor 1: Darnit! <NEWLINE>How did you know?<SPEAKER_BREAK>"
397,"rotdd",0x00180C8E,"Actor 2: Take this!<SPEAKER_BREAK>"
398,"rotdd",0x00180CA3,"Actor 1: You killed me!<SPEAKER_BREAK>"
399,"rotdd",0x00180CBC,"Manager:<NEWLINE>Wasn't that great, folks?<PAGE_BREAK>What a thrilling performance!<05><NEWLINE>The gallant Shining Force<NEWLINE>defeats dastardly Runefaust!<SPEAKER_BREAK>"
400,"rotdd",0x00180D36,"Manager: <NEWLINE>Hope you enjoyed today's show!<NEWLINE>Be sure to come again soon!<SPEAKER_BREAK>"
401,"rotdd",0x00180D7C,"Guided by Balbaroy and Amon,<NEWLINE>the Shining Force reached the<NEWLINE>mountainous land of Bustoke.<PAGE_BREAK>There, they found a town<NEWLINE>hewn out of the steep<NEWLINE>side of a mountain...<PAGE_BREAK>To their amazement, there was<NEWLINE>not a single male inhabitant<NEWLINE>to be seen...<SPEAKER_BREAK>"
402,"rotdd",0x00180E63,"Balbazak:<NEWLINE>Dragon Master Balbazak<NEWLINE>reporting for duty, sire!<PAGE_BREAK>I was getting tired of just<NEWLINE>sitting and waiting!<PAGE_BREAK>It feels so good to be<NEWLINE>called upon at last!<SPEAKER_BREAK>"
403,"rotdd",0x00180EFC,"Ramladu: Yes, I expected<NEWLINE>as much. <02>Darksol,<NEWLINE>explain our situation.<SPEAKER_BREAK>"
404,"rotdd",0x00180F40,"Darksol: Yes, Your Highness.<05><NEWLINE>Balbazak! You will<NEWLINE>be heading to Bustoke.<PAGE_BREAK>There, our army is currently<NEWLINE>excavating a mech soldier<NEWLINE>which was buried long ago.<PAGE_BREAK>First, retrieve the soldier.<SPEAKER_BREAK>"
405,"rotdd",0x00180FF8,"Balbazak: Yes, my lord!<SPEAKER_BREAK>"
406,"rotdd",0x00181011,"Darksol: Afterwards,<NEWLINE>return to Uranbatol,<NEWLINE>east of the Pao Plain.<PAGE_BREAK>Our army is now constructing<NEWLINE>a fortress in Uranbatol. You<NEWLINE>must strengthen its defenses.<PAGE_BREAK>Then, when the stragglers<NEWLINE>from Guardiana arrive,<NEWLINE>crush them like insects!<SPEAKER_BREAK>"
407,"rotdd",0x001810F5,"Kane: Lord Darksol! It was I <NEWLINE>who allowed them to escape.<05><NEWLINE>Please let me be the one to...<SPEAKER_BREAK>"
408,"rotdd",0x00181150,"Darksol: Patience, Kane. You<NEWLINE>have a more important task.<05><NEWLINE>You will go to Dragonia.<SPEAKER_BREAK>"
409,"rotdd",0x001811A4,"Kane: Dragonia?<SPEAKER_BREAK>"
410,"rotdd",0x001811B5,"Darksol: Yes. The land of the<NEWLINE>dragon gods holds the key to<NEWLINE>the Legacy of the Gods.<PAGE_BREAK>Kane!<NEWLINE>Go to Dragonia!<SPEAKER_BREAK>"
411,"rotdd",0x0018121F,"Woman near the quarry:<NEWLINE>Don't go that way!<05><NEWLINE>That road leads to the quarry!<PAGE_BREAK>You'll be forced to work<NEWLINE>there by Runefaust,<NEWLINE>like everyone else!<SPEAKER_BREAK>"
412,"rotdd",0x001812AB,"Woman near the quarry: Thanks!<NEWLINE>You're gonna go to the quarry<NEWLINE>and rescue everybody, right?<SPEAKER_BREAK>"
413,"rotdd",0x00181306,"Diane: Talk to my mother<NEWLINE>first, then come talk to me.<SPEAKER_BREAK>"
414,"rotdd",0x0018133D,"Diane: Are you going<NEWLINE>to rescue the men?<NEWLINE>Then, I'm going with you.<PAGE_BREAK>I'll show them that I can<NEWLINE>fight as well as Lord Zylo!<SPEAKER_BREAK>"
415,"rotdd",0x001813B6,"Diane joins the Shining Force!<SPEAKER_BREAK>"
416,"rotdd",0x001813D6,"Diane: If you're going to the<NEWLINE>quarry to rescue the men,<NEWLINE>then put me in the battle.<PAGE_BREAK>Promise me you'll put me in!<05><NEWLINE>Until then, I'll be<NEWLINE>waiting at headquarters.<SPEAKER_BREAK>"
417,"rotdd",0x00181475,"Skeleton: Master Mage,<05><NEWLINE>we have completed our mission.<SPEAKER_BREAK>"
418,"rotdd",0x001814AD,"Master Mage: Excellent.<NEWLINE>Laser Eye has finally<NEWLINE>been moved into position.<PAGE_BREAK>The Shining Force won't stand<NEWLINE>a chance against this thing.<PAGE_BREAK>Have those men from<NEWLINE>Bustoke buried alive!<NEWLINE>They're useless to us now!<SPEAKER_BREAK>"
419,"rotdd",0x00181576,"Skeleton:<NEWLINE>M-<02>Master Mage...<SPEAKER_BREAK>"
420,"rotdd",0x00181593,"Master Mage: What?!<NEWLINE>Don't interrupt me while<NEWLINE>I'm cackling gleefully!<SPEAKER_BREAK>"
421,"rotdd",0x001815D9,"Master Mage: Wh--?<NEWLINE>The Shining Force...!<PAGE_BREAK>Wh-What are they doing here?<NEWLINE>Stop them!<SPEAKER_BREAK>"
422,"rotdd",0x0018162B,"Diane: <PLAYER_NAME>,<NEWLINE>this is the quarry.<NEWLINE>The men are being held here.<SPEAKER_BREAK>"
423,"rotdd",0x00181667,"Hans: Ugh...<02>Those Runefausters<NEWLINE>are pretty gross-looking.<NEWLINE>I don't think I'm up to this.<SPEAKER_BREAK>"
424,"rotdd",0x001816C0,"Diane:<NEWLINE>Get a hold of yourself, Hans!<PAGE_BREAK>You're going to make<NEWLINE>us archers look bad!<SPEAKER_BREAK>"
425,"rotdd",0x00181710,"Hans: Uh-oh!<NEWLINE>I made her mad!<05><NEWLINE>All right, I'll do my best.<SPEAKER_BREAK>"
426,"rotdd",0x0018174B,"Arthur: Alright! A little<NEWLINE>light exercise before dinner!<NEWLINE>It's playtime!<SPEAKER_BREAK>"
427,"rotdd",0x00181793,"Khris: Arthur, don't<NEWLINE>get careless...<SPEAKER_BREAK>"
428,"rotdd",0x001817B9,"Arthur: Hey, I'll be OK.<NEWLINE>As long as you're there<NEWLINE>to treat me when I get hurt!<SPEAKER_BREAK>"
429,"rotdd",0x00181808,"Luke: Hey, guys!<NEWLINE>Stay focused!<SPEAKER_BREAK>"
430,"rotdd",0x00181828,"<PLAYER_NAME>:<NEWLINE>All right, everyone! Let's<NEWLINE>rescue the people of Bustoke!<SPEAKER_BREAK>"
431,"rotdd",0x00181865,"Master Mage: Impossible!<05><NEWLINE>...But, we still have<NEWLINE>Laser Eye!<SPEAKER_BREAK>"
432,"rotdd",0x001818A1,"Diane: <PLAYER_NAME>,<NEWLINE>I'll free the men.<PAGE_BREAK>The Moonstone's in the cave.<NEWLINE>We need it to make the<NEWLINE>medicine to save Lord Zylo.<PAGE_BREAK>You've got to bring it back!<SPEAKER_BREAK>"
433,"rotdd",0x0018192C,"Nova: <PLAYER_NAME>,<NEWLINE>there's a Moonstone<NEWLINE>inside the cave!<PAGE_BREAK>We need it in order to make<NEWLINE>the medicine for Zylo.<NEWLINE>Don't forget to pick it up!<SPEAKER_BREAK>"
434,"rotdd",0x001819AA,"Alchemist: Have you brought<NEWLINE>one with you? <02>Do you<NEWLINE>have a Moonstone?<SPEAKER_BREAK>"
435,"rotdd",0x001819EF,"Alchemist: What?!<NEWLINE>You haven't brought<NEWLINE>a Moonstone with you?<PAGE_BREAK>How do you expect me to<NEWLINE>make the Lunar Dew?!<SPEAKER_BREAK>"
436,"rotdd",0x00181A59,"Alchemist: Ah!<NEWLINE>This is indeed a Moonstone!<PAGE_BREAK>I'll start making the<NEWLINE>Lunar Dew right away!<SPEAKER_BREAK>"
437,"rotdd",0x00181AB1,"Alchemist: There!<05><NEWLINE>With this, you'll be<NEWLINE>able to save Lord Zylo!<SPEAKER_BREAK>"
438,"rotdd",0x00181AF2,"<PLAYER_NAME> got<NEWLINE>the Lunar Dew!<SPEAKER_BREAK>"
439,"rotdd",0x00181B08,"Zylo: Grrrrrrr...<05><NEWLINE>What do you want from me?<PAGE_BREAK>Go away!<05><NEWLINE>Leave me alone,<NEWLINE>or I'll tear you apart!<SPEAKER_BREAK>"
440,"rotdd",0x00181B68,"<PLAYER_NAME>: Listen!<NEWLINE>I just want you to<NEWLINE>take this medicine...<SPEAKER_BREAK>"
441,"rotdd",0x00181B9D,"Zylo: Stop it!<NEWLINE>Stay away from me!<SPEAKER_BREAK>"
442,"rotdd",0x00181BC0,"Diane: Lord Zylo!<NEWLINE>Please, try to be strong!<PAGE_BREAK>You are the forest king!<PAGE_BREAK>Bustoke was built under your<NEWLINE>strong leadership! It's where<NEWLINE>the forest people call home!<PAGE_BREAK>Everyone is worried about you!<NEWLINE>Think of them...<02>Their feelings<NEWLINE>must mean something to you!<PAGE_BREAK>Zylo, mighty king of the<NEWLINE>forest! Do not fall into the<NEWLINE>hands of evil! Be strong!<SPEAKER_BREAK>"
443,"rotdd",0x00181D09,"Zylo: You're... You're right.<05><NEWLINE>Give it to me.<05><NEWLINE>Hurry... <02>The medicine...<SPEAKER_BREAK>"
444,"rotdd",0x00181D53,"<PLAYER_NAME> poured <NEWLINE>the Lunar Dew<NEWLINE>down Zylo's throat!<SPEAKER_BREAK>"
445,"rotdd",0x00181D98,"Diane: Lord Zylo!<SPEAKER_BREAK>"
446,"rotdd",0x00181DAB,"Zylo: D-<02>Don't worry, Diane.<05><NEWLINE>I'll be all right.<05><NEWLINE>Just give me a moment.<PAGE_BREAK>Are you the one<NEWLINE>known as <PLAYER_NAME>?<SPEAKER_BREAK>"
447,"rotdd",0x00181E11,"<PLAYER_NAME>: Yes, that's right.<NEWLINE>I'm <PLAYER_NAME>. <02>But,<NEWLINE>how do you know my name?<SPEAKER_BREAK>"
448,"rotdd",0x00181E4E,"Zylo:<NEWLINE>I heard about you in a letter<NEWLINE>from Lord Otrant of Manarina.<PAGE_BREAK>A long time ago, that great<NEWLINE>wizard saved my life.<PAGE_BREAK>Lord Otrant asked me to<NEWLINE>help the Shining Force<NEWLINE>in any way that I could.<PAGE_BREAK>To think that you ended up<NEWLINE>saving me, instead...<05><NEWLINE>Oh, the indignity!<PAGE_BREAK>Allow me to repay you in some<NEWLINE>small way. <02>From now on,<NEWLINE>I'll fight with you!<PAGE_BREAK>Diane, let's fight together!<NEWLINE>You know I can help!<SPEAKER_BREAK>"
449,"rotdd",0x00181FCE,"Diane: Yes, Lord Zylo!<SPEAKER_BREAK>"
450,"rotdd",0x00181FE6,"Zylo joins the Shining Force!<SPEAKER_BREAK>"
451,"rotdd",0x00182005,"Zylo: We'll be waiting<NEWLINE>at headquarters.<PAGE_BREAK>If you're fighting in the<NEWLINE>forest,  I'm sure I can be of<NEWLINE>service. Just say the word!<SPEAKER_BREAK>"
452,"rotdd",0x00182082,"Nova:<NEWLINE>That which you see over there<NEWLINE>is known as the Pao Bridge.<PAGE_BREAK>Across the Pao Bridge lies the<NEWLINE>Pao Plain. Runefaust will do<NEWLINE>anything to slow our progress.<SPEAKER_BREAK>"
453,"rotdd",0x0018211E,"Zylo: In the forest, knights<NEWLINE>cannot move so quickly.<PAGE_BREAK>The birdmen and I will go<NEWLINE>first and take the enemy<NEWLINE>by surprise!<SPEAKER_BREAK>"
454,"rotdd",0x00182194,"Balbaroy: Leave it to us!<SPEAKER_BREAK>"
455,"rotdd",0x001821AF,"Amon: When it comes to a sky<NEWLINE>battle, no one can defeat us!<SPEAKER_BREAK>"
456,"rotdd",0x001821EB,"Zylo: Let's get going, Diane!<SPEAKER_BREAK>"
457,"rotdd",0x0018220A,"Diane: Yes, Lord Zylo!<SPEAKER_BREAK>"
458,"rotdd",0x00182222,"<PLAYER_NAME>: Make sure you<NEWLINE>don't get too spread out,<NEWLINE>or you'll be sitting ducks!<SPEAKER_BREAK>"
459,"rotdd",0x0018226A,"Nova: <PLAYER_NAME>, we've<NEWLINE>defeated all of the enemies.<PAGE_BREAK>But, I fear the enemy may be<NEWLINE>amassing an even greater<NEWLINE>force at Pao Bridge.<PAGE_BREAK>We can always go back<NEWLINE>to Bustoke and regroup.<SPEAKER_BREAK>"
460,"rotdd",0x00182310,"Silver Knight: You dare<NEWLINE>question Lord Balbazak's<NEWLINE>authority?<SPEAKER_BREAK>"
461,"rotdd",0x0018234D,"Pelle: Hmph! Since when do<NEWLINE>I take orders from you? The<NEWLINE>only one I answer to is me!<SPEAKER_BREAK>"
462,"rotdd",0x001823A1,"Silver Knight: Watch it!<NEWLINE>You're only a mercenary. <NEWLINE>Do what you're told!<SPEAKER_BREAK>"
463,"rotdd",0x001823EA,"Pelle: Here! Take your filthy<NEWLINE>money. I'm no longer<NEWLINE>taking orders from you!<SPEAKER_BREAK>"
464,"rotdd",0x00182436,"Silver Knight: I see...<NEWLINE>In that case, do as you like.<SPEAKER_BREAK>"
465,"rotdd",0x0018246D,"Silver Knight:<NEWLINE>Once I'm through with you...<PAGE_BREAK>you'll have all the time in<NEWLINE>the world to defend your<NEWLINE>honor... in the afterlife!<SPEAKER_BREAK>"
466,"rotdd",0x001824EA,"Pelle: Vile fiend! Aieeee...<SPEAKER_BREAK>"
467,"rotdd",0x00182508,"Silver Knight: Heh heh heh.<NEWLINE>Now, no one will stand<NEWLINE>in my way.<PAGE_BREAK>The Shining Force will be<NEWLINE>perfect target practice<NEWLINE>for my Laser Eye!<SPEAKER_BREAK>"
468,"rotdd",0x0018258B,"Anri: What's that giant thing<NEWLINE>across the bridge...?<SPEAKER_BREAK>"
469,"rotdd",0x001825C0,"Nova: Hmm...<02>Perhaps it's one<NEWLINE>of those laser weapons they<NEWLINE>used in ancient times.<SPEAKER_BREAK>"
470,"rotdd",0x00182612,"Tao: Laser weapon?<NEWLINE>Is that like...<02>magic?<SPEAKER_BREAK>"
471,"rotdd",0x0018263D,"Lowe: Laser weapon?<NEWLINE>Sounds pretty silly to me!<SPEAKER_BREAK>"
472,"rotdd",0x0018266D,"<PLAYER_NAME>:<NEWLINE>Nova, what the heck is<NEWLINE>a laser weapon, anyway?<SPEAKER_BREAK>"
473,"rotdd",0x001826A0,"Nova: I don't know<NEWLINE>the details, but...<PAGE_BREAK>Apparently it uses highly<NEWLINE>focused light to<NEWLINE>create a powerful beam.<SPEAKER_BREAK>"
474,"rotdd",0x0018270B,"<PLAYER_NAME>: Ah, I see...<05><NEWLINE>So, we can't waste any<NEWLINE>time on the bridge, huh?<SPEAKER_BREAK>"
475,"rotdd",0x0018274D,"Nova: Precisely! Everyone must<NEWLINE>cross the bridge and approach<NEWLINE>the enemy as fast as they can!<SPEAKER_BREAK>"
476,"rotdd",0x001827AA,"Silver Knight:<NEWLINE>No, it can't be...<05><NEWLINE>Don't think you've won yet!<PAGE_BREAK>No matter how hard you try,<NEWLINE>you'll never make it across<NEWLINE>the plain!<PAGE_BREAK>General Elliot will stop<NEWLINE>you dead in your tracks!<NEWLINE>Ha ha ha ha! HA ha ha ha!<SPEAKER_BREAK>"
477,"rotdd",0x00182879,"Pelle: Whew, If I hadn't<NEWLINE>got stuck on that branch,<NEWLINE>I would have been a goner!<SPEAKER_BREAK>"
478,"rotdd",0x001828C8,"Pelle: Hey! Aren't you<NEWLINE><PLAYER_NAME>, the guy in<NEWLINE>charge of the Shining Force?<PAGE_BREAK>I saw the whole thing!<NEWLINE>You guys are crazy to take on<NEWLINE>the entire army of Runefaust!<PAGE_BREAK>Ha ha ha! I love it!<NEWLINE>You're my kind of people!<SPEAKER_BREAK>"
479,"rotdd",0x0018298D,"<PLAYER_NAME>:<NEWLINE>...Is that... a compliment?<SPEAKER_BREAK>"
480,"rotdd",0x001829AD,"Pelle: Yeah!<NEWLINE>You've got guts. I like that.<PAGE_BREAK>I was fed up with the way<NEWLINE>Runefaust was doing things.<NEWLINE>Let me join up with you guys!<SPEAKER_BREAK>"
481,"rotdd",0x00182A4F,"Pelle joins the Shining Force!<SPEAKER_BREAK>"
482,"rotdd",0x00182A6F,"Having destroyed Runefaust's<NEWLINE>secret weapon, the Laser Eye,<NEWLINE>the Shining Force presses on<PAGE_BREAK>...and emerges at last from<NEWLINE>the steep, mountainous<NEWLINE>terrain of Bustoke.<PAGE_BREAK>Before them spans the Pao<NEWLINE>Plain, connecting the western<NEWLINE>and eastern continents...<SPEAKER_BREAK>"
483,"rotdd",0x00182B61,"Mawlock:<NEWLINE>Well, here we are!<NEWLINE>We've reached our destination.<SPEAKER_BREAK>"
484,"rotdd",0x00182B9D,"Narsha: Where...?<SPEAKER_BREAK>"
485,"rotdd",0x00182BB0,"Mawlock:<NEWLINE>Well, the thing we're after<NEWLINE>is actually inside.<PAGE_BREAK>This ancient machine bends<NEWLINE>time and space, allowing<NEWLINE>travel to distant lands.<SPEAKER_BREAK>"
486,"rotdd",0x00182C37,"Narsha: But, there's no way<NEWLINE>a machine could do<NEWLINE>something like that.<PAGE_BREAK>Um, I mean, not<NEWLINE>that I doubt you<NEWLINE>or anything...<SPEAKER_BREAK>"
487,"rotdd",0x00182CAC,"Mawlock: Think nothing<NEWLINE>of it. Your suspicions<NEWLINE>are perfectly natural.<PAGE_BREAK>"
488,"rotdd",0x00182CF7,"<05><NEWLINE>Humans... It's so tiring<NEWLINE>explaining things to them...<PAGE_BREAK>If it were up to me...<SPEAKER_BREAK>"
489,"rotdd",0x00182D55,"Mawlock: Ah, nothing!<NEWLINE>Don't mind me.<PAGE_BREAK>We'd best get moving, or our<NEWLINE>pursuers will catch up.<SPEAKER_BREAK>"
490,"rotdd",0x00182DB0,"Zuika: ...Too late.<05><NEWLINE>...They're here.<SPEAKER_BREAK>"
491,"rotdd",0x00182DD7,"Narsha: What?!<SPEAKER_BREAK>"
492,"rotdd",0x00182DF6," More trouble<NEWLINE>than I expected. Well, we<NEWLINE>managed to hold them off.<PAGE_BREAK>Now then, let's go inside.<SPEAKER_BREAK>"
493,"rotdd",0x00182E54,"Narsha: Now, we'll finally<NEWLINE>be able to join up with<NEWLINE>the Shining Force!<PAGE_BREAK>...Farewell, Runefaust...<05><NEWLINE>...Farewell, Father...<PAGE_BREAK>I...<05><NEWLINE>I'm moving on...<SPEAKER_BREAK>"
494,"rotdd",0x00182EE4,"Kokichi: Hey, you!<NEWLINE>Keep your grubby little<NEWLINE>hands off my tools!<SPEAKER_BREAK>"
495,"rotdd",0x00182F24,"<PLAYER_NAME>: I'm sorry.<05><NEWLINE>It's just... I've never seen<NEWLINE>a machine like this before...<SPEAKER_BREAK>"
496,"rotdd",0x00182F6F,"Kokichi: Hmm? You're not from<NEWLINE>around here, are you? <02>I've<NEWLINE>just finished my new creation.<PAGE_BREAK>It took 50 years to perfect!<05><NEWLINE>The more spectators, the<NEWLINE>better. <02>You oughta watch, too.<PAGE_BREAK>Go outside and wait.<05><NEWLINE>I'll show you just what<NEWLINE>this thing is capable of!<SPEAKER_BREAK>"
497,"rotdd",0x00183068,"Kokichi: Watch closely...<SPEAKER_BREAK>"
498,"rotdd",0x00183083,"Kokichi: Here I go-o-o-o!<SPEAKER_BREAK>"
499,"rotdd",0x0018309E,"Kokichi's helper: Master!<SPEAKER_BREAK>"
500,"rotdd",0x001830E4,"Having ventured out onto the<NEWLINE>Pao Plain, the Shining Force<NEWLINE>spots a train of wagons...<PAGE_BREAK>This is the Pao Caravan. It is<NEWLINE>the home of the people of<NEWLINE>Pao - their town, so to speak.<PAGE_BREAK>They constantly travel in<NEWLINE>search of new grazing land for<NEWLINE>their livestock, the Paopigs.<SPEAKER_BREAK>"
501,"rotdd",0x001831E9,"Ramladu: Darksol!<NEWLINE>What's the meaning of this?<PAGE_BREAK>Do you mean to tell me you<NEWLINE>still haven't taken<NEWLINE>care of Guardiana?<SPEAKER_BREAK>"
502,"rotdd",0x0018325A,"Darksol:<NEWLINE>Forgive me, Your Highness...<SPEAKER_BREAK>"
503,"rotdd",0x00183281,"Ramladu:<NEWLINE>What exactly are Balbazak and<NEWLINE>Kane up to, anyway?<SPEAKER_BREAK>"
504,"rotdd",0x001832BD,"Darksol: Balbazak is in<NEWLINE>Uranbatol. <02>He's<NEWLINE>working on our fortress there,<PAGE_BREAK>Once the fortress is complete,<NEWLINE>we shall use it as a base to<NEWLINE>conquer the western continent.<SPEAKER_BREAK>"
505,"rotdd",0x00183375,"Darksol:<NEWLINE>And Lord Kane is on his way<NEWLINE>to Dragonia, as planned.<PAGE_BREAK>The secret of the Legacy of<NEWLINE>the Gods will soon be<NEWLINE>revealed...<SPEAKER_BREAK>"
506,"rotdd",0x001833F2,"Ramladu: But, who's going<NEWLINE>to take care of those<NEWLINE>Guardiana wretches?<PAGE_BREAK>Are you planning on<NEWLINE>sending Mishaela again?<SPEAKER_BREAK>"
507,"rotdd",0x00183463,"Darksol: No. Mishaela has<NEWLINE>not been seen since her<NEWLINE>last encounter with them.<PAGE_BREAK>After her Marionettes<NEWLINE>were defeated, she slunk off<NEWLINE>somewhere to plot her revenge.<PAGE_BREAK>I have asked General Elliot<NEWLINE>to take care of<NEWLINE>the Shining Force.<SPEAKER_BREAK>"
508,"rotdd",0x00183541,"Ramladu: Ah, General Elliot!<NEWLINE>There is no finer soldier<NEWLINE>in the land!<SPEAKER_BREAK>"
509,"rotdd",0x00183586,"Darksol: Yes, my lord.<NEWLINE>You are absolutely correct...<PAGE_BREAK>Those vermin will not<NEWLINE>escape their fate this time!<SPEAKER_BREAK>"
510,"rotdd",0x001835EF,"Elliot:<NEWLINE>Ah, I almost forgot.<PAGE_BREAK>My name is Elliot.<NEWLINE>I am the last remaining <NEWLINE>Dragonewt on earth...<SPEAKER_BREAK>"
511,"rotdd",0x0018364F,"Town Driver:<NEWLINE>Preparations are complete!<05><NEWLINE>Ready for departure!<SPEAKER_BREAK>"
512,"rotdd",0x0018368E,"Queen Koron: This may sound<NEWLINE>a bit selfish, but...<PAGE_BREAK>I have no desire to see you<NEWLINE>and Elliot engage in battle.<NEWLINE>So, we're leaving this place.<PAGE_BREAK>Once the caravan departs,<NEWLINE>only the church and<NEWLINE>headquarters will remain.<PAGE_BREAK>Settle your business. <02>Please<NEWLINE>let me know when your<NEWLINE>preparations are complete.<SPEAKER_BREAK>"
513,"rotdd",0x001837AF,"General Elliot:<NEWLINE>So, the hour of battle has<NEWLINE>finally come, Shining Force...<PAGE_BREAK>Come, <PLAYER_NAME>...<NEWLINE>attack with all of your might!<NEWLINE>I will not hold back, either!<SPEAKER_BREAK>"
514,"rotdd",0x00183842,"Anri: ...<PLAYER_NAME>,<NEWLINE>I've heard my father talk<NEWLINE>about General Elliot before.<PAGE_BREAK>He's a warrior among warriors.<NEWLINE>He helped turn Runefaust from<NEWLINE>a tiny country into an empire.<PAGE_BREAK>Get ready for a tough fight!<SPEAKER_BREAK>"
515,"rotdd",0x001838FF,"Pelle: Hey, <PLAYER_NAME>!<NEWLINE>You better watch out for<NEWLINE>that General Elliot!<PAGE_BREAK>He's a Dragonewt! <02>That<NEWLINE>race is one of the strongest<NEWLINE>in the world!<PAGE_BREAK>And General Elliot is the<NEWLINE>toughest Dragonewt ever known!<SPEAKER_BREAK>"
516,"rotdd",0x001839B9,"Nova: <PLAYER_NAME>,<NEWLINE>General Elliot's fame reaches<NEWLINE>even our own kingdom.<PAGE_BREAK>His strength as a warrior and<NEWLINE>skill as a swordsman are<NEWLINE>legendary. Be careful!<SPEAKER_BREAK>"
517,"rotdd",0x00183A45,"<PLAYER_NAME>:<NEWLINE>...General Elliot,<NEWLINE>I don't want to fight you.<PAGE_BREAK>But...<02>I have a job to do,<NEWLINE>too. <02>I don't know my origins,<05><NEWLINE>nor my true destiny...<PAGE_BREAK>But, until I find out,<NEWLINE>I can't afford to lose!<SPEAKER_BREAK>"
518,"rotdd",0x00183AF8,"General Elliot: ...<PAGE_BREAK>So, this is the power of<NEWLINE>the Shining Force...<05><NEWLINE>the power of <PLAYER_NAME>.<PAGE_BREAK>Yes, I can see now...<05><NEWLINE>You are indeed<NEWLINE>worthy of the task.<SPEAKER_BREAK>"
519,"rotdd",0x00183B86,"<PLAYER_NAME>:<NEWLINE>General Elliot!<NEWLINE>Wait! Hang on!<PAGE_BREAK>Khris!<NEWLINE>Use your Heal magic!<SPEAKER_BREAK>"
520,"rotdd",0x00183BC5,"Khris: Right! <SPEAKER_BREAK>"
521,"rotdd",0x00183BD5,"Elliot: No!<NEWLINE>It is already too late for me!<PAGE_BREAK>This old body has grown weary<NEWLINE>of fighting.  Let this warrior<NEWLINE>choose the time of his demise.<SPEAKER_BREAK>"
522,"rotdd",0x00183C5D,"Narsha: General Elliot!<SPEAKER_BREAK>"
523,"rotdd",0x00183C76,"<PLAYER_NAME>:<NEWLINE>Who are you?<SPEAKER_BREAK>"
524,"rotdd",0x00183C87,"Narsha: My name is...<05><NEWLINE>Narsha Ramladu.<SPEAKER_BREAK>"
525,"rotdd",0x00183CAF,"Anri: Ramladu...?<05><NEWLINE>Not the--!<SPEAKER_BREAK>"
526,"rotdd",0x00183CCE,"Narsha: Yes, it's true.<NEWLINE>I am the daughter of Ramladu,<NEWLINE>King of Runefaust.<PAGE_BREAK>I have travelled from the<NEWLINE>distant eastern continent. We<NEWLINE>have many things to discuss.<PAGE_BREAK>But, that can wait...<05><NEWLINE>General Elliot!<NEWLINE>Stay with us!<PAGE_BREAK>Do you recognize me?<SPEAKER_BREAK>"
527,"rotdd",0x00183DB7,"General Elliot: Oh... It's...<NEWLINE>Princess Narsha...<02>I thought<NEWLINE>I'd never see you again.<PAGE_BREAK>My only regret is that I<NEWLINE>was unable to be of<NEWLINE>greater service to you...<SPEAKER_BREAK>"
528,"rotdd",0x00183E53,"Narsha: Don't worry about me.<NEWLINE>I have my own companions<NEWLINE>to fight by my side now.<SPEAKER_BREAK>"
529,"rotdd",0x00183EA4,"Elliot: Is that so...?<NEWLINE>I'm so glad to hear that...<05><NEWLINE>My lady, please listen...<PAGE_BREAK>Please do one thing for me.<05><NEWLINE>Go with these people...<PAGE_BREAK>Go with <PLAYER_NAME><NEWLINE>and the Shining Force...<05><NEWLINE>and fight against Darksol...<PAGE_BREAK>...to save our people...<05><NEWLINE>Will you honor this request,<NEWLINE>my lady?<SPEAKER_BREAK>"
530,"rotdd",0x00183FA9,"Narsha: Of course I will!<NEWLINE>Mawlock brought me here<NEWLINE>for just that reason...<SPEAKER_BREAK>"
531,"rotdd",0x00183FF4,"Elliot: Good...<05><NEWLINE><PLAYER_NAME>, will you<NEWLINE>fight alongside the Princess?<SPEAKER_BREAK>"
532,"rotdd",0x00184030,"<PLAYER_NAME>: You can count on<NEWLINE>me. Darksol is behind all of<NEWLINE>this. We'll beat him together!<SPEAKER_BREAK>"
533,"rotdd",0x00184081,"General Elliot: Th-<02>that is<NEWLINE>all I ask. <02>When your<NEWLINE>fight is over... <PAGE_BREAK>...you will...<02>know the true<NEWLINE>nature...of your mission...<05><NEWLINE>...<SPEAKER_BREAK>"
534,"rotdd",0x00184104,"Narsha: General Elliot!<SPEAKER_BREAK>"
535,"rotdd",0x0018411D,"Anri: Incredible... <02>You've<NEWLINE>certainly had a long<NEWLINE>journey, Your Highness.<SPEAKER_BREAK>"
536,"rotdd",0x00184167,"Narsha: Princess Anri!<05><NEWLINE>There's no need for formality.<NEWLINE>Just call me <QUOTE>Narsha<QUOTE>.<PAGE_BREAK>I am no longer<NEWLINE>the Princess of Runefaust.<SPEAKER_BREAK>"
537,"rotdd",0x001841E0,"Anri: I see. Well then, why<NEWLINE>don't we just drop our titles?<NEWLINE>You can call me <QUOTE>Anri<QUOTE>.<SPEAKER_BREAK>"
538,"rotdd",0x00184234,"Narsha: All right,<NEWLINE>Your Highness.<SPEAKER_BREAK>"
539,"rotdd",0x00184257,"Anri: It looks like we'll have<NEWLINE>to work on this...<SPEAKER_BREAK>"
540,"rotdd",0x0018428A,"Narsha: ...Yes, I suppose so!<SPEAKER_BREAK>"
541,"rotdd",0x001842A9,"<PLAYER_NAME>:<NEWLINE>...But really, Narsha, are you<NEWLINE>sure you're going to be OK?<PAGE_BREAK>You've made enemies of your<NEWLINE>father and your country.<NEWLINE>Are you sure you can do this?<SPEAKER_BREAK>"
542,"rotdd",0x0018433B,"Mawlock: Princess<NEWLINE>Narsha's will is strong.<NEWLINE>There is no need to worry.<SPEAKER_BREAK>"
543,"rotdd",0x00184382,"<PLAYER_NAME>: I remember now!<05><NEWLINE>You talked to me about cards.<SPEAKER_BREAK>"
544,"rotdd",0x001843B5,"Mawlock: Heh heh heh. So,<NEWLINE>it's finally coming back?<PAGE_BREAK>Well, how about it? <NEWLINE>Have you been collecting<NEWLINE>cards, like I told you?<SPEAKER_BREAK>"
545,"rotdd",0x00184430,"<PLAYER_NAME>: Huh?!<NEWLINE>Umm, well, sort of...<SPEAKER_BREAK>"
546,"rotdd",0x00184450,"Mawlock: That will do. I will<NEWLINE>be with you from now on.<PAGE_BREAK>I'll teach you all about<NEWLINE>using the cards.<SPEAKER_BREAK>"
547,"rotdd",0x001844B2,"Narsha: <PLAYER_NAME>...<NEWLINE>and Princess Anri...<PAGE_BREAK>I love Runefaust more than<NEWLINE>anything else in this world.<NEWLINE>But, to express that love...<PAGE_BREAK>I must fight against Darksol<NEWLINE>and my father... <02>even if my<NEWLINE>country rejects me.<PAGE_BREAK>I know this is the right<NEWLINE>decision. So, I ask again...<NEWLINE>Please, may I join you?<SPEAKER_BREAK>"
548,"rotdd",0x001845C6,"<PLAYER_NAME>: All right.<NEWLINE>Please lend us your strength!<SPEAKER_BREAK>"
549,"rotdd",0x001845F3,"Narsha: Gladly!<SPEAKER_BREAK>"
550,"rotdd",0x00184604,"Narsha joined<NEWLINE>the Shining Force!<SPEAKER_BREAK>"
551,"rotdd",0x00184626,"Zuika joined<NEWLINE>the Shining Force!<SPEAKER_BREAK>"
552,"rotdd",0x00184647,"Mawlock joined<NEWLINE>the Shining Force!<SPEAKER_BREAK>"
553,"rotdd",0x0018466A,"Anri: Look, over there!<NEWLINE>It's the Pao Caravan.<PAGE_BREAK>Our comrades are exhausted<NEWLINE>from fighting.<NEWLINE>Let's rest there.<SPEAKER_BREAK>"
554,"rotdd",0x001846D5,"<PLAYER_NAME> got<NEWLINE>the Blaze Bomb!<SPEAKER_BREAK>"
555,"rotdd",0x001846EC,"Dr. Crock's Servant: Ah...<NEWLINE>You're carrying too much!<NEWLINE>Get rid of some stuff first!<PAGE_BREAK>I'll hold on to the Blaze<NEWLINE>Bomb for the time being.<SPEAKER_BREAK>"
556,"rotdd",0x00184772,"Luke: Time to use that bomb!<NEWLINE>Everybody stand back!<SPEAKER_BREAK>"
557,"rotdd",0x001847A6,"<PLAYER_NAME>:<NEWLINE>Now to attack the fortress!<PAGE_BREAK>If we can get past here, we'll<NEWLINE>be at the eastern continent!<05><NEWLINE>Everybody...<02>let's go!<SPEAKER_BREAK>"
558,"rotdd",0x0018481A,"Guntz:<NEWLINE>Watch out for the Artillery!<PAGE_BREAK>If you're not careful, they'll<NEWLINE>drop a big shell on your head!<SPEAKER_BREAK>"
559,"rotdd",0x0018487D,"Kokichi: Hmmm...<NEWLINE>Runefaust's got an awful lot<NEWLINE>of those hunks of junk.<PAGE_BREAK>But, they're no match for<NEWLINE>my scientific prowess!<NEWLINE>I'll show 'em a thing or two!<SPEAKER_BREAK>"
560,"rotdd",0x00184913,"Luke: So, this is the fortress<NEWLINE>of Uranbatol... <02>So much<NEWLINE>for a frontal assault!<PAGE_BREAK>I'll get a little closer<NEWLINE>and see what's cooking.<SPEAKER_BREAK>"
561,"rotdd",0x00184994,"<PLAYER_NAME>: Be careful!<NEWLINE>Watch out for sentries!<SPEAKER_BREAK>"
562,"rotdd",0x001849BC,"Luke: Heh heh, no worries. I'm<NEWLINE>good at this kind of stuff.<SPEAKER_BREAK>"
563,"rotdd",0x001849F8,"Luke: It's no use. A hammer's<NEWLINE>not going to get the job done.<PAGE_BREAK>To knock that door down, we'll<NEWLINE>need something like a bomb.<SPEAKER_BREAK>"
564,"rotdd",0x00184A71,"<PLAYER_NAME>: A bomb, huh?<05><NEWLINE>OK. Let's pull back for now.<SPEAKER_BREAK>"
565,"rotdd",0x00184AA0,"Earnest joins<NEWLINE>the Shining Force!<SPEAKER_BREAK>"
566,"rotdd",0x00184AC2,"Earnest: I'll be waiting<NEWLINE>at headquarters.<PAGE_BREAK>Be sure to put me in the front<NEWLINE>when you take on Balbazak!<SPEAKER_BREAK>"
567,"rotdd",0x00184B27,"Balbazak:<NEWLINE>Took ya long enough, maggots!<PAGE_BREAK>You imbeciles got some<NEWLINE>nerve, thinking you can take<NEWLINE>on the army of Runefaust!<PAGE_BREAK>Me and my blue boy<NEWLINE>are gonna crush you all<NEWLINE>like the bugs you are!<SPEAKER_BREAK>"
568,"rotdd",0x00184BE0,"Earnest: Don't make me laugh!<NEWLINE>You're the one who's about<NEWLINE>to get crushed, Balbazak!<PAGE_BREAK>My people will be avenged!<SPEAKER_BREAK>"
569,"rotdd",0x00184C4F,"Nova: <PLAYER_NAME>, Balbazak<NEWLINE>is known far and wide for<NEWLINE>his Herculean strength.<PAGE_BREAK>Don't underestimate him.<NEWLINE>He is as dangerous a foe<NEWLINE>as his Blue Dragon.<SPEAKER_BREAK>"
570,"rotdd",0x00184CDA,"Balbazak: Im-Impossible!<05><NEWLINE>My Blue Dragon<NEWLINE>can't have been defeated...<PAGE_BREAK>Grrr! I'll get you for this,<NEWLINE>Shining Force!<SPEAKER_BREAK>"
571,"rotdd",0x00184D4C,"Earnest:<NEWLINE>See that, Balbazak?<PAGE_BREAK>I, Earnest, have beaten<NEWLINE>you once and for all!<SPEAKER_BREAK>"
572,"rotdd",0x00184D98,"Balbazak: I... <02>I give up!<NEWLINE>All right, you beat me.<NEWLINE>I'll give you my ship.<PAGE_BREAK>Just don't kill me!<SPEAKER_BREAK>"
573,"rotdd",0x00184DF7,"Earnest: Shut up!<NEWLINE>You think we believe<NEWLINE>a word you say?<SPEAKER_BREAK>"
574,"rotdd",0x00184E2F,"Balbazak:<NEWLINE>No...<02>You got me all wrong!<NEWLINE>The ship's not enough for you?<PAGE_BREAK>OK, then...<02>I know a nice,<NEWLINE>juicy secret about Darksol...<PAGE_BREAK>And I'll let you in on it...<SPEAKER_BREAK>"
575,"rotdd",0x00184ECB,"Darksol:<NEWLINE>So, Balbazak...<05><NEWLINE>You've betrayed me...<SPEAKER_BREAK>"
576,"rotdd",0x00184EFC,"Balbazak: D-<02>Darksol!<SPEAKER_BREAK>"
577,"rotdd",0x00184F13,"Darksol: I rebuilt your body<NEWLINE>and made you a master of<NEWLINE>dragons... and you betray me?<SPEAKER_BREAK>"
578,"rotdd",0x00184F68,"Balbazak: F-<02>Forgive me!<SPEAKER_BREAK>"
579,"rotdd",0x00184F82,"Darksol: ...I'm afraid not.<SPEAKER_BREAK>"
580,"rotdd",0x00184F9F,"Balbazak: Ugh...<05><NEWLINE><PLAYER_NAME>...<NEWLINE>I'll tell you now...<PAGE_BREAK>You... and Kane...<05><NEWLINE>and Darksol... <02>are...<SPEAKER_BREAK>"
581,"rotdd",0x00185012,"Darksol: ...Quiet, dog.<PAGE_BREAK>Take the ship, as the<NEWLINE>fool said. <02>You will not<NEWLINE>survive the voyage! Ha ha ha!<SPEAKER_BREAK>"
582,"rotdd",0x00185078,"Having defeated<NEWLINE>General Balbazak and<NEWLINE>liberated Uranbatol,<PAGE_BREAK>the Shining Force set sail,<NEWLINE>accompanied by the cheers<NEWLINE>of the grateful townspeople.<PAGE_BREAK>But, the dark clouds gathering<NEWLINE>on the horizon do not bode<NEWLINE>well for their journey...<SPEAKER_BREAK>"
583,"rotdd",0x0018515A,"Kokichi: Ooh, look, it's Pao!<NEWLINE>This is the first time I've<NEWLINE>ever flown out this far!<SPEAKER_BREAK>"
584,"rotdd",0x001851AE,"Kokichi: There they are!<NEWLINE>The ones fighting Runefaust!<NEWLINE>I think I'll give 'em a hand.<SPEAKER_BREAK>"
585,"rotdd",0x00185203,"Kokichi: Wait... <02>I can't stop!<NEWLINE>Hold tight, guys!<NEWLINE>I'll be there in a second!<SPEAKER_BREAK>"
586,"rotdd",0x00185251,"<PLAYER_NAME>: Hey! You're that<NEWLINE>weird old man from Bustoke!<PAGE_BREAK>So you finally managed to<NEWLINE>finish those wings, huh?<SPEAKER_BREAK>"
587,"rotdd",0x001852B5,"Kokichi:<NEWLINE>Show some respect, punk!<PAGE_BREAK>Yeah, after you left Bustoke,<NEWLINE>I finally got these things <NEWLINE>working!<PAGE_BREAK>I didn't know until I heard it<NEWLINE>from the townspeople, but...<PAGE_BREAK>You guys are that Shining<NEWLINE>Horse outfit that saved all<NEWLINE>of us, aren't you?<PAGE_BREAK>I wouldn't be much of a man<NEWLINE>If I didn't thank you...<PAGE_BREAK>And with that in mind...<05><NEWLINE>Let me help you out<NEWLINE>by fighting with you!<SPEAKER_BREAK>"
588,"rotdd",0x00185419,"<PLAYER_NAME>: Huh?!<NEWLINE>But... Come on... Aren't you<NEWLINE>a little old for this?<PAGE_BREAK>And it's not Shining HORSE...<SPEAKER_BREAK>"
589,"rotdd",0x00185475,"Kokichi: Hmph!<NEWLINE>Don't be so stuck-up!<PAGE_BREAK>The Shining Horse could use<NEWLINE>a flying ace like me!<SPEAKER_BREAK>"
590,"rotdd",0x001854CD,"Kokichi joins<NEWLINE>the Shining Force!<SPEAKER_BREAK>"
591,"rotdd",0x001854EF,"Kokichi:<NEWLINE>I'll be at headquarters,<NEWLINE>polishing my wings!<SPEAKER_BREAK>"
592,"rotdd",0x00185526,"<PLAYER_NAME>:<NEWLINE>I told you, it's not HORSE,<NEWLINE>it's FORCE...<PAGE_BREAK>...Oh, he's gone.<SPEAKER_BREAK>"
593,"rotdd",0x00185566,"Vankar:<NEWLINE>My life is yours, warriors!<NEWLINE>It's Queen Koron's orders!<SPEAKER_BREAK>"
594,"rotdd",0x001855A6,"<PLAYER_NAME>: Koron...<NEWLINE>So, the Queen of Pao was<NEWLINE>worried about us after all...<SPEAKER_BREAK>"
595,"rotdd",0x001855EA,"Vankar joins<NEWLINE>the Shining Force!<SPEAKER_BREAK>"
596,"rotdd",0x0018560B,"Vankar: Well, then, I'll be<NEWLINE>relaxing at headquarters...<SPEAKER_BREAK>"
597,"rotdd",0x00185644,"<PLAYER_NAME> gave<NEWLINE>the Domingo Egg to<NEWLINE>the Egg Hatcher!<SPEAKER_BREAK>"
598,"rotdd",0x00185697,"Egg Hatcher: Success!<NEWLINE>It's hatching------!!<SPEAKER_BREAK>"
599,"rotdd",0x001856C4,"Domingo: Domingo!<SPEAKER_BREAK>"
600,"rotdd",0x001856F2,"Domingo: Domingo!<05><NEWLINE>...Domingo!<SPEAKER_BREAK>"
601,"rotdd",0x00185712,"Domingo joins<NEWLINE>the Shining Force!<SPEAKER_BREAK>"
602,"rotdd",0x0018574A,"<PLAYER_NAME>:<NEWLINE>Hey, we're glad to have you!<SPEAKER_BREAK>"
603,"rotdd",0x0018576B,"Guntz joins the Shining Force!<SPEAKER_BREAK>"
604,"rotdd",0x0018578B,"Guntz:<NEWLINE>I'll be at headquarters, then.<PAGE_BREAK>If this suit doesn't get<NEWLINE>water regularly,<NEWLINE>it runs out of steam...<SPEAKER_BREAK>"
605,"rotdd",0x001857F4,"Runefaust was in an uproar<NEWLINE>after Mishaela escaped with<NEWLINE>the Light Saber...<PAGE_BREAK><PLAYER_NAME> and his comrades<NEWLINE>were still at sea...<PAGE_BREAK>Before them, behind them,<NEWLINE>on either side... <02>nothing but<NEWLINE>an endless expanse of water.<PAGE_BREAK>Already, many days had passed<NEWLINE>since they left Uranbatol...<PAGE_BREAK>But, the eastern continent<NEWLINE>lay far beyond the horizon...<SPEAKER_BREAK>"
606,"rotdd",0x00185931,"Ramladu:<NEWLINE>First, Elliot was defeated,<NEWLINE>and now Balbazak!<PAGE_BREAK>Am I surrounded by fools?!<SPEAKER_BREAK>"
607,"rotdd",0x00185992,"Ramladu: Mm? Who's there?<SPEAKER_BREAK>"
608,"rotdd",0x001859AD,"Mishaela: It's been a while.<05><NEWLINE>It's me, Mishaela.<SPEAKER_BREAK>"
609,"rotdd",0x001859DF,"Darksol: Mishaela!<NEWLINE>Where have you been hiding?<NEWLINE>What have you been up to?<SPEAKER_BREAK>"
610,"rotdd",0x00185A29,"Mishaela: Ho ho ho! You know<NEWLINE>very well! <02>I've been plotting<NEWLINE>my revenge against <PLAYER_NAME>!<PAGE_BREAK>I really must be going now.<05><NEWLINE>I still have work to do!<SPEAKER_BREAK>"
611,"rotdd",0x00185AB2,"Darksol: Halt, Mishaela!<SPEAKER_BREAK>"
612,"rotdd",0x00185ACC,"Darksol:<NEWLINE>What is that you have<NEWLINE>hidden in your dress?<SPEAKER_BREAK>"
613,"rotdd",0x00185B02,"Mishaela: ...The Light Saber.<NEWLINE>The one Kane got hold of<NEWLINE>and you stashed away.<SPEAKER_BREAK>"
614,"rotdd",0x00185B50,"Darksol: Mishaela!<NEWLINE>Do you know what you're<NEWLINE>getting yourself into?<SPEAKER_BREAK>"
615,"rotdd",0x00185B93,"Mishaela: Of course.<PAGE_BREAK>I'll need a fine piece of bait<NEWLINE>like this if I'm to lure<NEWLINE>the Shining Force out.<PAGE_BREAK>Be seeing you!<SPEAKER_BREAK>"
616,"rotdd",0x00185C07,"Darksol: Mishaela, stop!<SPEAKER_BREAK>"
617,"rotdd",0x00185C21,"Darksol:<NEWLINE>That witch... <02>Curse her!<SPEAKER_BREAK>"
618,"rotdd",0x00185C45,"Narsha: Now that I think of<NEWLINE>it... <02>it's ironic, isn't it?<PAGE_BREAK>I was in such a hurry to flee<NEWLINE>my country... <02>I never thought<NEWLINE>I'd be back so soon.<SPEAKER_BREAK>"
619,"rotdd",0x00185CDA,"Narsha:<NEWLINE>Don't look at me that way.<NEWLINE>I've already told you.<PAGE_BREAK>I am determined to return to<NEWLINE>Runefaust - even if it means<NEWLINE>fighting against my father.<SPEAKER_BREAK>"
620,"rotdd",0x00185D6B,"<PLAYER_NAME>:<NEWLINE>...I remember you saying that.<PAGE_BREAK>But, I'm not sure it's as<NEWLINE>simple as you make it sound...<PAGE_BREAK>Maybe if things were normal,<NEWLINE>I'd be able to give you some<NEWLINE>advice in this situation...<PAGE_BREAK>But, I've lost my memory.<NEWLINE>I have no recollection of<NEWLINE>my mother and father...<PAGE_BREAK>So, I don't know how much it<NEWLINE>must hurt to be forced to turn<NEWLINE>against your own father...<SPEAKER_BREAK>"
621,"rotdd",0x00185EC0,"Narsha: ...<05><NEWLINE>Thank you, <PLAYER_NAME>.<NEWLINE>I appreciate your words.<PAGE_BREAK>I hope your memory returns...<SPEAKER_BREAK>"
622,"rotdd",0x00185F13,"Mae: Princess Narsha...<SPEAKER_BREAK>"
623,"rotdd",0x00185F2C,"Narsha: Mae...<SPEAKER_BREAK>"
624,"rotdd",0x00185F3C,"Mae: My father was killed<NEWLINE>by the men of Runefaust.<SPEAKER_BREAK>"
625,"rotdd",0x00185F70,"Narsha: Yes, I heard about<NEWLINE>that from <PLAYER_NAME>.<PAGE_BREAK>I...<05><NEWLINE>I'm so sorry for...<SPEAKER_BREAK>"
626,"rotdd",0x00185FB3,"Mae: No!<NEWLINE>I didn't bring it up because<NEWLINE>I wanted you to apologize...<PAGE_BREAK>I just wanted you to know<NEWLINE>that losing a father...<05><NEWLINE>brings sorrow...<PAGE_BREAK>and regret...<SPEAKER_BREAK>"
627,"rotdd",0x00186056,"Mae: So, we shan't ask<NEWLINE>the impossible. It's true that<NEWLINE>we need you...<PAGE_BREAK>But, all we can ask is that<NEWLINE>you do the best you can.<05><NEWLINE>Just be true to yourself.<SPEAKER_BREAK>"
628,"rotdd",0x001860EC,"Narsha: Thank you...<05><NEWLINE>Thank you, Mae.<SPEAKER_BREAK>"
629,"rotdd",0x00186113,"Balbaroy: Everybody on deck!<NEWLINE>The enemy is attacking!<NEWLINE>We're completely surrounded!<SPEAKER_BREAK>"
630,"rotdd",0x00186166,"Nova: This doesn't look good!<NEWLINE>Monsters are surrounding<NEWLINE>the ship!<PAGE_BREAK>Hmm... They don't seem<NEWLINE>to be part of Runefaust's<NEWLINE>forces, though...<SPEAKER_BREAK>"
631,"rotdd",0x001861EB,"Gort: Hrrmm...<05><NEWLINE>A battle at sea, eh...?<NEWLINE>Not really my type of fight.<SPEAKER_BREAK>"
632,"rotdd",0x00186231,"Luke: G-<02>Gort! Don't<NEWLINE>tell me you can't swim!<SPEAKER_BREAK>"
633,"rotdd",0x0018625F,"Gort: You knucklehead!<NEWLINE>Shut your trap!<SPEAKER_BREAK>"
634,"rotdd",0x00186287,"Kokichi:<NEWLINE>These sea monsters are toast!<PAGE_BREAK>I'll blast 'em clear out of<NEWLINE>the water with my<NEWLINE>devastating air attack!<SPEAKER_BREAK>"
635,"rotdd",0x001862F5,"Mawlock:<NEWLINE>I'm afraid I'm not much of a<NEWLINE>fisticuffs fighter...<PAGE_BREAK>Be sure to keep me safe, now!<SPEAKER_BREAK>"
636,"rotdd",0x00186350,"Nova: <PLAYER_NAME>,<NEWLINE>we managed to defeat<NEWLINE>the enemies, but...<PAGE_BREAK>the ship was badly damaged<NEWLINE>during the fight. We'll have<NEWLINE>to get it repaired somewhere.<PAGE_BREAK>Ah! What's...?<SPEAKER_BREAK>"
637,"rotdd",0x001863E8,"Shell: Thanks so much for<NEWLINE>taking care of those monsters!<PAGE_BREAK>I'm Shell of Waral. We've been<NEWLINE>having a lot of problems with<NEWLINE>monsters around here lately...<PAGE_BREAK>So, allow me to thank you!<PAGE_BREAK>If you need to repair your<NEWLINE>boat, you can do it in Waral.<05><NEWLINE>Follow me!<SPEAKER_BREAK>"
638,"rotdd",0x001864DE,"<PLAYER_NAME>:<NEWLINE>Waral... <02>Have you ever heard<NEWLINE>of a country by that name?<SPEAKER_BREAK>"
639,"rotdd",0x0018651B,"Nova: Waral... I've heard the<NEWLINE>name before... <02>but I don't<NEWLINE>know anything about it...<SPEAKER_BREAK>"
640,"rotdd",0x00186570,"<PLAYER_NAME>:<NEWLINE>Can we trust that mermaid?<PAGE_BREAK>She couldn't be from<NEWLINE>Runefaust...<SPEAKER_BREAK>"
641,"rotdd",0x001865B1,"Nova: We can't know for sure.<NEWLINE>But, if we don't get this ship<NEWLINE>repaired, we're sure to sink!<PAGE_BREAK>Let's trust her for now<NEWLINE>and follow her to Waral.<SPEAKER_BREAK>"
642,"rotdd",0x0018663E,"<PLAYER_NAME>:<NEWLINE>What... is this?<SPEAKER_BREAK>"
643,"rotdd",0x00186653,"<PLAYER_NAME>: ...<PAGE_BREAK>Where am I?<PAGE_BREAK>...Hello? ...Anybody?<PAGE_BREAK>Looks like I got<NEWLINE>separated from the others...<SPEAKER_BREAK>"
644,"rotdd",0x001866AB,"Priest: Ah, you're awake.<NEWLINE>You were thrown from your<NEWLINE>ship and washed up here...<SPEAKER_BREAK>"
645,"rotdd",0x001866FB,"<PLAYER_NAME>: Father...<NEWLINE>What are you doing<NEWLINE>in a place like this?<SPEAKER_BREAK>"
646,"rotdd",0x00186732,"Priest: Well, you see... there<NEWLINE>is said to be a path in Waral<NEWLINE>that leads to Metapha.<PAGE_BREAK>But, while I was investigating<NEWLINE>the legend, I was swallowed by<NEWLINE>the vortex and ended up here.<SPEAKER_BREAK>"
647,"rotdd",0x001867E3,"<PLAYER_NAME>: ...<05><NEWLINE>And did you ever find the<NEWLINE>path leading to Metapha?<SPEAKER_BREAK>"
648,"rotdd",0x0018681F,"Priest: No... I didn't.<NEWLINE>There was one path, but it<NEWLINE>turned out to be a dead end.<PAGE_BREAK>The way to Metapha is blocked,<NEWLINE>and I cannot go back up.<PAGE_BREAK>So, I have resigned myself to<NEWLINE>my fate and am living here.<SPEAKER_BREAK>"
649,"rotdd",0x001868EF,"Priest: You must be weary.<NEWLINE>Why don't you rest some more?<SPEAKER_BREAK>"
650,"rotdd",0x00186929,"<PLAYER_NAME>:<NEWLINE>...Yes, I think I will.<SPEAKER_BREAK>"
651,"rotdd",0x00186954,"<PLAYER_NAME>:<NEWLINE>Who... <02>Who are you?!<SPEAKER_BREAK>"
652,"rotdd",0x00186979,"Master Mage:<NEWLINE>Isal...<02>Hosal... <02>Kasal...<PAGE_BREAK>Portal of the Ancients...<05><NEWLINE>Reveal the path to me!<PAGE_BREAK>Isal...<02>Hosal... <02>Kasal...<05><NEWLINE>Take me to the Ancient Land!<PAGE_BREAK>Isal...<02>Hosal... <02>Kasal...<SPEAKER_BREAK>"
653,"rotdd",0x00186A28,"Master Mage: Come on!<NEWLINE>I've been chanting for hours<NEWLINE>and this is all I get...?<SPEAKER_BREAK>"
654,"rotdd",0x00186A94,"Master Mage: What?!<NEWLINE>The stragglers from Guardiana?<05><NEWLINE>Of all the rotten...<PAGE_BREAK>Only one thing to do...<05><NEWLINE>Arise, my servants! Put an<NEWLINE>end to their little crusade!<SPEAKER_BREAK>"
655,"rotdd",0x00186B2F,"Nova: <PLAYER_NAME>!<NEWLINE>We were worried about you!<SPEAKER_BREAK>"
656,"rotdd",0x00186B54,"Narsha: <PLAYER_NAME>!<NEWLINE>What were you doing? Don't<NEWLINE>leave us hanging like that!<SPEAKER_BREAK>"
657,"rotdd",0x00186B97,"Mae: <PLAYER_NAME>!<NEWLINE>Next time you pull a stunt<NEWLINE>like that, I'll make you pay!<SPEAKER_BREAK>"
658,"rotdd",0x00186BD9,"<PLAYER_NAME>:<NEWLINE>Sorry I kept you waiting!<SPEAKER_BREAK>"
659,"rotdd",0x00186BF7,"Nova: <PLAYER_NAME>, there'll<NEWLINE>be time for apologies later.<PAGE_BREAK>The enemy appears to have a<NEWLINE>powerful mage on their side.<NEWLINE>We must be on our guard!<SPEAKER_BREAK>"
660,"rotdd",0x00186C79,"Master Mage: Ugh...<NEWLINE>I've failed you, Lord Darksol.<NEWLINE>I've failed my mission...<PAGE_BREAK>I was so close to unblocking<NEWLINE>the path to Metapha...<SPEAKER_BREAK>"
661,"rotdd",0x00186CFB,"Mysterious Voice: <PLAYER_NAME>...<NEWLINE>I've been waiting for you...<SPEAKER_BREAK>"
662,"rotdd",0x00186D30,"<PLAYER_NAME>:<NEWLINE>That voice... <02>I remember it.<NEWLINE>The spring in Manarina...<PAGE_BREAK>That's where I heard it.<SPEAKER_BREAK>"
663,"rotdd",0x00186D85,"Spirit of the Spring:<NEWLINE>That's right.<PAGE_BREAK>I had something more to tell<NEWLINE>you, so I called that mermaid<NEWLINE>and had her bring you here.<SPEAKER_BREAK>"
664,"rotdd",0x00186E01,"<PLAYER_NAME>:<NEWLINE>So, that's how she found us...<05><NEWLINE>But, why?<SPEAKER_BREAK>"
665,"rotdd",0x00186E2F,"Spirit of the Spring:<NEWLINE>The situation is graver than<NEWLINE>I imagined.<PAGE_BREAK>That Master Mage was trying<NEWLINE>to destroy me before you<NEWLINE>could recover your memory.<PAGE_BREAK>This is all a plot by Darksol.<05><NEWLINE>The longer you fight, the<NEWLINE>greater the danger becomes.<PAGE_BREAK>I will open the portal now.<05><NEWLINE>You must go to Metapha<NEWLINE>immediately. <02>And then...<PAGE_BREAK>Wait for the other one<NEWLINE>to awaken. <02>Take care!<SPEAKER_BREAK>"
666,"rotdd",0x00186F91,"<PLAYER_NAME>: The other one?<05><NEWLINE>What is she talking about...?<SPEAKER_BREAK>"
667,"rotdd",0x00186FC3,"Master Mage:<NEWLINE>...I'm not dead yet!<PAGE_BREAK>I can't allow you<NEWLINE>to reach Metapha...<PAGE_BREAK>Isal Hosal Kasal!<SPEAKER_BREAK>"
668,"rotdd",0x0018701E,"Spirit of the Spring: What<NEWLINE>happened? The road to Metapha<NEWLINE>has been sealed!<PAGE_BREAK>There's only one thing left<NEWLINE>to do. Listen to me closely!<PAGE_BREAK>Runefaust's goal is to<NEWLINE>undo the seal and revive<NEWLINE>the Legacy of the Gods.<PAGE_BREAK>In order to do that, they<NEWLINE>must have two things.<PAGE_BREAK>The first is the Key to the<NEWLINE>Accursed Door. This<NEWLINE>opens the way to Metapha.<PAGE_BREAK>But knowing Darksol,<NEWLINE>he'll find a way to open the<NEWLINE>door even without the key.<PAGE_BREAK>The second is the Book of<NEWLINE>Secrets, located in Dragonia.<PAGE_BREAK>You were sent to this world<NEWLINE>to protect these two things...<05><NEWLINE>...to protect the seal.<SPEAKER_BREAK>"
669,"rotdd",0x0018723D,"<PLAYER_NAME>: SENT here?<05><NEWLINE>You mean, I wasn't<NEWLINE>born here?<SPEAKER_BREAK>"
670,"rotdd",0x0018726B,"Spirit: Hurry! Go to Prompt,<NEWLINE>on the eastern continent.<NEWLINE>Another path exists there.<SPEAKER_BREAK>"
671,"rotdd",0x001872BE,"Nova: <PLAYER_NAME>! This<NEWLINE>place is about to collapse!<NEWLINE>We've got to get out of here!<SPEAKER_BREAK>"
672,"rotdd",0x00187307,"Nova: <PLAYER_NAME>!<NEWLINE>We're being attacked again!<PAGE_BREAK>Curses! And with the eastern<NEWLINE>continent so close at hand...<SPEAKER_BREAK>"
673,"rotdd",0x00187368,"Diane: We archers will take<NEWLINE>care of the flying ones!<SPEAKER_BREAK>"
674,"rotdd",0x0018739E,"Hans: ...Guess it's up to me.<NEWLINE>I'll shoot those winged freaks<NEWLINE>out of the sky!<SPEAKER_BREAK>"
675,"rotdd",0x001873EC,"<PLAYER_NAME>: Archers,<NEWLINE>don't get too close!<NEWLINE>Keep your distance!<SPEAKER_BREAK>"
676,"rotdd",0x00187422,"Earnest: Those Conchs and<NEWLINE>Shellfish have tough armor!<PAGE_BREAK>Lure 'em away and let us<NEWLINE>knights take care of 'em!<SPEAKER_BREAK>"
677,"rotdd",0x0018748C,"Nova: <PLAYER_NAME>, the monsters<NEWLINE>have all been defeated.<NEWLINE>Now, we can finally...<SPEAKER_BREAK>"
678,"rotdd",0x001874D2,"<PLAYER_NAME>:<NEWLINE>Nova, what's wrong?<SPEAKER_BREAK>"
679,"rotdd",0x001874EA,"Nova: Th-This is terrible!<NEWLINE>The monsters...<05><NEWLINE>They destroyed our rudder!<PAGE_BREAK>We're in serious trouble!<NEWLINE>Without a rudder, we're doomed<NEWLINE>to drift on the open sea...<SPEAKER_BREAK>"
680,"rotdd",0x00187587,"The Shining Force won a<NEWLINE>narrow victory in its battle<NEWLINE>on the high seas...<PAGE_BREAK>But, the price was steep, for<NEWLINE>their ship lost its rudder, and<NEWLINE>they now drift aimlessly...<PAGE_BREAK>Where will the waves carry<NEWLINE>our beleaguered heroes?<PAGE_BREAK>Only time will tell...<SPEAKER_BREAK>"
681,"rotdd",0x00187675,"Salesman: Well, there's no law  <NEWLINE>that says the King can't  <NEWLINE>own a shop. Can I help you?  <SPEAKER_BREAK>"
682,"rotdd",0x001876D0,"<PLAYER_NAME> took the  <NEWLINE>rope in his hands!  <SPEAKER_BREAK>"
683,"rotdd",0x001876F3,"Even the words of Runefaust's  <NEWLINE>greatest mage, Mahato, could  <NEWLINE>not reach Ramladu now.  <PAGE_BREAK>Unaware of this, <PLAYER_NAME>  <NEWLINE>and his friends continued to  <NEWLINE>drift among the waves...  <PAGE_BREAK>Many days passed... <02>until  <NEWLINE>at last, land was spotted on<NEWLINE>the horizon. <02>However...<PAGE_BREAK>As they tried to land, their  <NEWLINE>ship was dashed to bits  <NEWLINE>upon the rocky shore.  <SPEAKER_BREAK>"
684,"rotdd",0x0018783F,"Ramladu: Mahato!  <NEWLINE>What in blazes do you want?  <PAGE_BREAK>I thought you left because you  <NEWLINE>couldn't stomach my methods.  <05><NEWLINE>Why have you returned?  <SPEAKER_BREAK>"
685,"rotdd",0x001878CB,"Mahato:  <NEWLINE>Forgive me, sire, but...  <PAGE_BREAK>The army you sent to Dragonia-  <NEWLINE>you must call it back at once!  <SPEAKER_BREAK>"
686,"rotdd",0x00187933,"Ramladu: What are you saying?  <NEWLINE>Darksol was the one who  <NEWLINE>made that decision...  <SPEAKER_BREAK>"
687,"rotdd",0x00187986,"Mahato:  <NEWLINE>I simply cannot trust  <NEWLINE>that Darksol character.  <PAGE_BREAK>Dragonia is the home of the  <NEWLINE>dragon gods. To send an army  <NEWLINE>there would be unthinkable!  <PAGE_BREAK>We will surely suffer for it!  <SPEAKER_BREAK>"
688,"rotdd",0x00187A3E,"Darksol: Ah, Mahato... Are you  <NEWLINE>here to speak to his Highness?  <SPEAKER_BREAK>"
689,"rotdd",0x00187A90,"Darksol: Mahato, you really  <NEWLINE>mustn't trouble the King so.  <PAGE_BREAK>He is terribly busy.  <NEWLINE>Now, please excuse us...  <SPEAKER_BREAK>"
690,"rotdd",0x00187B0F,"Darksol: My liege, you  <NEWLINE>must not listen to  <NEWLINE>such idle prattle.  <PAGE_BREAK>Heed my words only...  <PAGE_BREAK>They are all you need to  <NEWLINE>believe. It is for the best.  <05><NEWLINE>You must believe me.  <SPEAKER_BREAK>"
691,"rotdd",0x00187BBD,"Ramladu: Y-Yes, of course.  <PAGE_BREAK>||||  <PAGE_BREAK>...Darksol...  <05><NEWLINE>I will listen...  <05><NEWLINE>...to your words only...  <SPEAKER_BREAK>"
692,"rotdd",0x00187C22,"<PLAYER_NAME>: ...  <PAGE_BREAK>...  <PAGE_BREAK>...Where are we?  <05><NEWLINE>...What is this place?  <SPEAKER_BREAK>"
693,"rotdd",0x00187C72,"Krin: Stop that! It's not polite  <NEWLINE>to threaten our guests!  <05><NEWLINE>Now be quiet!  <SPEAKER_BREAK>"
694,"rotdd",0x00187CD4,"Village Boy: You're just in  <NEWLINE>time! Only one more rock left!  <SPEAKER_BREAK>"
695,"rotdd",0x00187D14,"Village Boy: Heave, ho!  <SPEAKER_BREAK>"
696,"rotdd",0x00187D2F,"Village Boy: Heave, ho!  <SPEAKER_BREAK>"
697,"rotdd",0x00187D4A,"Dullahan: Graagh!  <NEWLINE>Listen up, all of you!  <PAGE_BREAK>Lord Kane's on a very  <NEWLINE>important mission in  <NEWLINE>Dragonia right now...  <PAGE_BREAK><05>We can't let that  <NEWLINE>scum into Dragonia....  <SPEAKER_BREAK>"
698,"rotdd",0x00187DED,"Domingo: Domingo! Domingo!  <NEWLINE>...D-<02>D-<02>Domingo!  <SPEAKER_BREAK>"
699,"rotdd",0x00187E1F,"Tao: ...What's going on?  <NEWLINE>Domingo's scared stiff!  <SPEAKER_BREAK>"
700,"rotdd",0x00187E55,"Anri: ...What's going on?  <NEWLINE>Domingo's scared stiff!  <SPEAKER_BREAK>"
701,"rotdd",0x00187E8C,"<PLAYER_NAME>: What's going on?  <NEWLINE>Domingo's scared stiff!  <SPEAKER_BREAK>"
702,"rotdd",0x00187EBD,"Nova: Domingo is worried...  <NEWLINE>Perhaps he senses an enemy of  <NEWLINE>terrible power in Dragonia...  <PAGE_BREAK>Even if we defeat the enemies<NEWLINE>here, we must be vigilant!<PAGE_BREAK>The true enemy may well be  <NEWLINE>waiting for us in Dragonia...  <SPEAKER_BREAK>"
703,"rotdd",0x00187F92,"Nova: He seems to have a bad  <NEWLINE>feeling about something...<NEWLINE>Something evil's in Dragonia.<PAGE_BREAK>Even if we defeat the enemies  <NEWLINE>here, we must be vigilant!  <PAGE_BREAK>The true enemy may well be  <NEWLINE>waiting for us in Dragonia...  <SPEAKER_BREAK>"
704,"rotdd",0x00188065,"Dullahan:  <05><NEWLINE>Lord Kane...  <05><NEWLINE>We've failed you...  <SPEAKER_BREAK>"
705,"rotdd",0x00188099,"Nova: <PLAYER_NAME>,<NEWLINE>the enemies have all been<NEWLINE>defeated, but...  <PAGE_BREAK>Runefaust must be in Dragonia  <NEWLINE>too, looking for the book.  <SPEAKER_BREAK>"
706,"rotdd",0x0018810D,"<PLAYER_NAME>: Yes. <02>If the  <NEWLINE>book really does exist, we  <NEWLINE>can't let Runefaust have it.  <PAGE_BREAK>Keep your wits about you!  <SPEAKER_BREAK>"
707,"rotdd",0x00188178,"<PLAYER_NAME>: Wait a minute!  <NEWLINE>You have to listen to me!  <PAGE_BREAK>We've come from a kingdom  <NEWLINE>called Guardiana...  <PAGE_BREAK>We're fighting against  <NEWLINE>Runefaust! We're not  <NEWLINE>your enemies!  <PAGE_BREAK>We mean you no harm!  <SPEAKER_BREAK>"
708,"rotdd",0x00188232,"Bleu: Huh? You mean  <NEWLINE>you weren't sent by  <NEWLINE>Kane of Runefaust? <SPEAKER_BREAK>"
709,"rotdd",0x00188273,"<PLAYER_NAME>: Kane? You <NEWLINE>were attacked by Kane? <SPEAKER_BREAK>"
710,"rotdd",0x0018829A,"Bleu: That's right!  <NEWLINE>He attacked without warning. <NEWLINE>My grandparents... everyone...  <PAGE_BREAK>They were all slaughtered!  <05><NEWLINE>I was terrified...  <05><NEWLINE>and I hid in here.  <SPEAKER_BREAK>"
711,"rotdd",0x00188339,"Karin: Bleu!  <NEWLINE>Is this true?  <PAGE_BREAK>While everyone was killed,<NEWLINE>you hid!?<05><NEWLINE>You worthless coward! <SPEAKER_BREAK>"
712,"rotdd",0x00188396,"Bleu: K-<02>Karin...  <05><NEWLINE>Don't say that...  <SPEAKER_BREAK>"
713,"rotdd",0x001883C0,"Karin: I was so worried, <NEWLINE>I came after you... <02>and all  <NEWLINE>this time you were...  <PAGE_BREAK>I HATE you, Bleu!  <SPEAKER_BREAK>"
714,"rotdd",0x00188439,"Bleu: That's Karin's voice!  <SPEAKER_BREAK>"
715,"rotdd",0x00188458,"Rune Knight: Hmph!  <NEWLINE>Look what I found - a poor,  <NEWLINE>shivering little dragon!  <PAGE_BREAK>If you want the girl to live,  <NEWLINE>you better open that door!  <SPEAKER_BREAK>"
716,"rotdd",0x001884E4,"Karin: Don't do it!  <NEWLINE>Don't listen to what he says!  <PAGE_BREAK>Don't worry about me! Defend  <NEWLINE>the honor of the dragon gods!  <SPEAKER_BREAK>"
717,"rotdd",0x0018855A,"Bleu: Karin!  <SPEAKER_BREAK>"
718,"rotdd",0x0018856A,"Rune Knight:  <NEWLINE>What's a puny little dragon  <NEWLINE>like you gonna do about it?  <SPEAKER_BREAK>"
719,"rotdd",0x001885B6,"Rune Knight: Aaaaaargh!  <SPEAKER_BREAK>"
720,"rotdd",0x001885D1,"Karin: Thank you, Bleu! You  <NEWLINE>finally found your courage!  <SPEAKER_BREAK>"
721,"rotdd",0x0018860E,"Bleu: ...Yeah. I'm still not  <NEWLINE>sure of myself, but... <02>I'm  <NEWLINE>gonna work hard and be strong!  <SPEAKER_BREAK>"
722,"rotdd",0x0018866D,"Karin: If you're serious about  <NEWLINE>that, Bleu, you should go with  <NEWLINE><PLAYER_NAME> and his friends.  <SPEAKER_BREAK>"
723,"rotdd",0x001886C5,"Bleu: Huh? What for?  <NEWLINE>Who are these guys, anyway?  <SPEAKER_BREAK>"
724,"rotdd",0x001886FB,"Karin: The Shining Force.  <NEWLINE>They're brave warriors who're  <NEWLINE>fighting against Runefaust.  <SPEAKER_BREAK>"
725,"rotdd",0x00188756,"Bleu: Wow, really?  <05><NEWLINE>OK, that settles it!  <PAGE_BREAK><PLAYER_NAME>, make me  <NEWLINE>a member of your group!  <SPEAKER_BREAK>"
726,"rotdd",0x001887AB,"<PLAYER_NAME>: All right.  <NEWLINE>We could really use a  <NEWLINE>dragon god, after all.  <PAGE_BREAK>But...  <SPEAKER_BREAK>"
727,"rotdd",0x001887F6,"<PLAYER_NAME>:  <NEWLINE>Are you guys going to be OK  <NEWLINE>without Bleu around?  <SPEAKER_BREAK>"
728,"rotdd",0x00188831,"Karin: It'll be a bit lonely,  <05><NEWLINE>but I think we'll be OK.  <PAGE_BREAK>Bleu's sure to get stronger if  <NEWLINE>he travels along with you.<NEWLINE>So, it'll be good for him.  <SPEAKER_BREAK>"
729,"rotdd",0x001888C7,"<PLAYER_NAME>:<NEWLINE>Yeah, you're right.  <SPEAKER_BREAK>"
730,"rotdd",0x001888E1,"<PLAYER_NAME>:  <NEWLINE>Welcome aboard, Bleu!  <SPEAKER_BREAK>"
731,"rotdd",0x001888FF,"Bleu joins the Shining Force!  <SPEAKER_BREAK>"
732,"rotdd",0x00188920,"Bleu:  <NEWLINE>OK, I'll be at headquarters.  <05><NEWLINE>I'm ready to fight!  <SPEAKER_BREAK>"
733,"rotdd",0x0018895F,"Karin: I'm going back to Rudo.  <NEWLINE>I have to tell everyone that  <NEWLINE>Bleu finally proved himself!  <SPEAKER_BREAK>"
734,"rotdd",0x001889BF,"Kane: <PLAYER_NAME>!  <NEWLINE>Where are you?!  <NEWLINE>Show yourself!  <SPEAKER_BREAK>"
735,"rotdd",0x001889EE,"Kane: You were a fool to come  <NEWLINE>back here so boldly.  <PAGE_BREAK>Do you really think you can  <NEWLINE>defeat me, <PLAYER_NAME>?  <SPEAKER_BREAK>"
736,"rotdd",0x00188A54,"Mae:  <NEWLINE>You... <02>You killed Varios!  <SPEAKER_BREAK>"
737,"rotdd",0x00188A79,"Anri: My father...  <05><NEWLINE>That man murdered him...  <SPEAKER_BREAK>"
738,"rotdd",0x00188AAB,"Narsha:  <NEWLINE>Loyal servant of Darksol...  <05><NEWLINE>Your reign of terror is over!  <SPEAKER_BREAK>"
739,"rotdd",0x00188AF5,"Ken: In the name of Lord  <NEWLINE>Varios and the knights of  <NEWLINE>Guardiana, I will defeat you!  <SPEAKER_BREAK>"
740,"rotdd",0x00188B4D,"Gort: Kane...<02>You scumbag!  <NEWLINE>I'll make you pay for  <NEWLINE>laying waste to my homeland!  <SPEAKER_BREAK>"
741,"rotdd",0x00188BA2,"Lowe: Kane...<05><NEWLINE>He's the one who killed<NEWLINE>the King and Lord Varios.<SPEAKER_BREAK>"
742,"rotdd",0x00188BE4,"Hans:  <NEWLINE>I may not like to fight...  <05><NEWLINE>but THIS time it's personal!  <SPEAKER_BREAK>"
743,"rotdd",0x00188C2A,"Luke: I'm Luke of the  <NEWLINE>Guardiana Band of Warriors!  <NEWLINE>Your number's up, Kane!  <SPEAKER_BREAK>"
744,"rotdd",0x00188C7B,"Bleu: Y-Y-You're the  <NEWLINE>one who killed my grandma  <NEWLINE>and grandpa...  <SPEAKER_BREAK>"
745,"rotdd",0x00188CC0,"<PLAYER_NAME>:  <NEWLINE>Kane! Let's finish this!  <SPEAKER_BREAK>"
746,"rotdd",0x00188CE1,"Kane: Hmph. Well, they do have  <NEWLINE>spirit... <02>But, the outcome will<NEWLINE>still be the same! <PAGE_BREAK>Come on!  <NEWLINE>I'll take you all on!  <SPEAKER_BREAK>"
747,"rotdd",0x00188D5B,"Kane: Aaaaaaaaargh!  <05><NEWLINE>...  <05><NEWLINE>...  <PAGE_BREAK>It... <02>It hurts...  <05><NEWLINE>The mask...  <05><NEWLINE>The mask...  <PAGE_BREAK>The mask... <02>It's breaking!  <SPEAKER_BREAK>"
748,"rotdd",0x00188DD1,"Kane: ...Wh-<02>Where am I?  <05><NEWLINE>What have I... been doing?  <05><NEWLINE>Ah! Now, I remember!  <PAGE_BREAK>Darksol was using that  <NEWLINE>mask in order to control me...  <PAGE_BREAK>He used me to do his bidding.  <05><NEWLINE>I even fought with you,  <NEWLINE><PLAYER_NAME>, <02>my own brother.  <PAGE_BREAK>What have I done...?  <SPEAKER_BREAK>"
749,"rotdd",0x00188EC5,"Voice from the Shrine:  <NEWLINE>The heroes of Light awaken!  <PAGE_BREAK>Come to my shrine, heroes,  <NEWLINE>and receive the  <NEWLINE>Book of Secrets.  <SPEAKER_BREAK>"
750,"rotdd",0x00188F3F,"Nova: <PLAYER_NAME>,<NEWLINE>what in the world did<NEWLINE>Kane mean by...?  <PAGE_BREAK>And what is that voice...?  <SPEAKER_BREAK>"
751,"rotdd",0x00188F8F,"<PLAYER_NAME>:  <NEWLINE>I'm... <02>Kane's brother?  <NEWLINE>I don't understand...  <SPEAKER_BREAK>"
752,"rotdd",0x00188FC7,"Nova: We haven't found the  <NEWLINE>Book of Secrets yet, either.  <PAGE_BREAK>I'm curious about that Dragon  <NEWLINE>Shrine. We should search it.  <SPEAKER_BREAK>"
753,"rotdd",0x00189043,"<QUOTE>Heroes of Light! I have  <NEWLINE>been waiting for you!<QUOTE>  <SPEAKER_BREAK>"
754,"rotdd",0x00189078,"Darksol: So, Kane, you've  <NEWLINE>finally recovered  <NEWLINE>your memory.  <SPEAKER_BREAK>"
755,"rotdd",0x001890B8,"Kane: Darksol, you--!  <NEWLINE>You treacherous snake!  <05><NEWLINE>You manipulated me!  <SPEAKER_BREAK>"
756,"rotdd",0x00189101,"Darksol: Thanks for all your  <NEWLINE>help. But, now that I have the  <NEWLINE>book, I have no need for you.  <PAGE_BREAK>The gate east of Runefaust  <NEWLINE>will soon be opened...  <05><NEWLINE>Then, it will awaken...  <PAGE_BREAK>And you will be sent to hell!  <SPEAKER_BREAK>"
757,"rotdd",0x001891D3,"Kane: Don't just stand there!  <05><NEWLINE>You have to get out of here!  <PAGE_BREAK>This is between me and him.  <NEWLINE>Stay out of it!  <PAGE_BREAK>Don't die on me,<NEWLINE><PLAYER_NAME>!  <SPEAKER_BREAK>"
758,"rotdd",0x0018925A,"Bleu: <PLAYER_NAME>!  <NEWLINE>Are you OK?  <SPEAKER_BREAK>"
759,"rotdd",0x00189274,"Narsha: I just felt<NEWLINE>a horrible presence...<05><NEWLINE>Is Darksol here?<SPEAKER_BREAK>"
760,"rotdd",0x001892B2,"<PLAYER_NAME>: He was...  <05><NEWLINE>But, then he disappeared...  <05><NEWLINE>along with my brother...  <SPEAKER_BREAK>"
761,"rotdd",0x0018930C,"Voice from the Shrine:  <NEWLINE>Take shelter in my Shrine.  <NEWLINE>Do not venture outside...  <SPEAKER_BREAK>"
762,"rotdd",0x0018935F,"Bleu:  <NEWLINE>Bye, everybody. <02>I'm leaving.  <PAGE_BREAK>I'm going on a journey  <NEWLINE>with <PLAYER_NAME><NEWLINE>and his friends.  <PAGE_BREAK>Maybe I won't turn out to be  <NEWLINE>a great warrior... <05><NEWLINE>but I'll give it a shot!  <SPEAKER_BREAK>"
763,"rotdd",0x0018940A,"Karin: Good luck, Bleu!  <SPEAKER_BREAK>"
764,"rotdd",0x00189425,"Krin:  <NEWLINE>We talked amongst ourselves,  <NEWLINE>and we've reached a decision.  <PAGE_BREAK>We're going to stay behind  <NEWLINE>in this village and wait  <NEWLINE>until you come back.  <SPEAKER_BREAK>"
765,"rotdd",0x001894BC,"Bleu: Huh? Really?  <SPEAKER_BREAK>"
766,"rotdd",0x001894D2,"Karin: Yep.  <NEWLINE>So you have to become a great  <NEWLINE>warrior and come back, OK?  <SPEAKER_BREAK>"
767,"rotdd",0x0018951E,"Krin: We'll be waiting.  <SPEAKER_BREAK>"
768,"rotdd",0x00189539,"Bleu: Yeah...<02>OK!  <NEWLINE>Thanks!  <PAGE_BREAK>I'm gonna get stronger and  <NEWLINE>come back to this village.  <05><NEWLINE>And that's a promise!  <SPEAKER_BREAK>"
769,"rotdd",0x001895AB,"<PLAYER_NAME>:  <NEWLINE>Good for you, Bleu.  <PAGE_BREAK>All right, everybody. We're  <NEWLINE>heading south. Our next  <NEWLINE>destination is Prompt.  <PAGE_BREAK>See you again some time!  <SPEAKER_BREAK>"
770,"rotdd",0x00189633,"Mishaela: We meet again,  <NEWLINE><PLAYER_NAME>.  <05><NEWLINE>...Remember me?  <PAGE_BREAK>Prompt lies right before your  <NEWLINE>eyes, but you'll never step <NEWLINE>foot there, because...  <PAGE_BREAK>To get to Prompt, you must  <NEWLINE>first pass through my Demon  <NEWLINE>Castle...<02>Hee hee!  <PAGE_BREAK>Come! Come to my castle!  <NEWLINE>I've got just what  <NEWLINE>you've been looking for...  <PAGE_BREAK>The treasure of Guardiana...  <05><NEWLINE>The Light Saber!  <SPEAKER_BREAK>"
771,"rotdd",0x0018978D,"<PLAYER_NAME>:  <NEWLINE>The Light Saber?!  <NEWLINE>How did you get that sword?  <SPEAKER_BREAK>"
772,"rotdd",0x001897C5,"Mishaela: Heh heh heh.  <NEWLINE>Why should I tell you?  <SPEAKER_BREAK>"
773,"rotdd",0x001897F8,"Mishaela: Aha! What have  <NEWLINE>we here? If it isn't the  <NEWLINE>Princess of Runefaust...  <PAGE_BREAK>Tell me, Princess, how does  <NEWLINE>it feel to betray your father?  <SPEAKER_BREAK>"
774,"rotdd",0x00189889,"Narsha: Silence, Mishaela!  <NEWLINE>I will not have the likes of  <NEWLINE>you calling me a traitor!  <PAGE_BREAK>It is for Runefaust's sake  <NEWLINE>that I stand here today!  <SPEAKER_BREAK>"
775,"rotdd",0x0018991A,"Mishaela: Ooh, I'm so scared!  <NEWLINE>Well, if you're as serious as  <NEWLINE>you claim, I won't hold back!  <SPEAKER_BREAK>"
776,"rotdd",0x0018997B,"Mishaela: Face my servants<NEWLINE>in battle! If you survive,<NEWLINE>then come to my castle!<SPEAKER_BREAK>"
777,"rotdd",0x001899CA,"Mishaela:  <NEWLINE>So, <PLAYER_NAME>, you've  <NEWLINE>finally made it here.  <PAGE_BREAK>Welcome to <NEWLINE>the Demon Castle.  <PAGE_BREAK>I'll say this - you have  <NEWLINE>both strength and courage.  <05><NEWLINE>But, it won't save you now!  <PAGE_BREAK>You can apologize to my poor  <NEWLINE>Marionettes - in hell!  <PAGE_BREAK>Come and meet your doom,  <NEWLINE>Shining Force!  <SPEAKER_BREAK>"
778,"rotdd",0x00189ADA,"Anri: Be careful, everyone!  <NEWLINE>I sense tremendous power...  <05><NEWLINE>Mishaela's magic is strong!  <SPEAKER_BREAK>"
779,"rotdd",0x00189B36,"Tao: Such malice...  <NEWLINE>I feel like my energy's being  <NEWLINE>drained, just standing here...  <SPEAKER_BREAK>"
780,"rotdd",0x00189B8E,"Narsha: Mishaela is the most  <NEWLINE>powerful mage in Runefaust...  <PAGE_BREAK>Powers of Light, give me the  <NEWLINE>strength to protect my allies!  <SPEAKER_BREAK>"
781,"rotdd",0x00189C0E,"Nova: <PLAYER_NAME>,  <NEWLINE>be careful of Mishaela.  <PAGE_BREAK>She is truly a powerful  <NEWLINE>sorceress. She has no equal  <NEWLINE>in all of Runefaust!  <SPEAKER_BREAK>"
782,"rotdd",0x00189C83,"<PLAYER_NAME>:  <NEWLINE>...The Light Saber... I've  <NEWLINE>got to get it back somehow.  <PAGE_BREAK>That sword may help  <NEWLINE>to restore my memories...   <PAGE_BREAK>Then, I can learn more <NEWLINE>about Kane... <02>my brother. <SPEAKER_BREAK>"
783,"rotdd",0x00189D2B,"Mishaela: ...Well done,  <NEWLINE>Shining Force.  <PAGE_BREAK>A promise is a promise,  <NEWLINE><PLAYER_NAME>...  <PAGE_BREAK>You may take  <NEWLINE>the Light Saber...  <SPEAKER_BREAK>"
784,"rotdd",0x00189D9C,"Heroes... <02>listen to me...  <NEWLINE>Beware of Darksol. <02>He is a far  <NEWLINE>more fearsome enemy than I.  <PAGE_BREAK>He is the reason that  <NEWLINE>Runefaust is now as it is.  <05><NEWLINE>Cough... <02>cough... <02>cough...  <PAGE_BREAK>My time here is up... but if  <NEWLINE>Dark Dragon wakes and plunges  <NEWLINE>the world into Darkness...  <PAGE_BREAK>then we may yet meet again  <NEWLINE>in hell. I'll be waiting for  <NEWLINE>you, <PLAYER_NAME>...  <PAGE_BREAK>Until then...  <05><NEWLINE>Farewell...  <SPEAKER_BREAK>"
785,"rotdd",0x00189F12,"<PLAYER_NAME>: Mishaela <NEWLINE>was a worthy adversary...  <PAGE_BREAK>But now, the Light Saber<NEWLINE>is ours...<SPEAKER_BREAK>"
786,"rotdd",0x00189F60,"The fight has begun over the  <NEWLINE>Book of Secrets, the key to  <NEWLINE>reviving Dark Dragon...  <PAGE_BREAK>After a fierce struggle, the  <NEWLINE>advantage belongs to Darksol.  <PAGE_BREAK>Is the mysterious mage truly  <NEWLINE>going to revive a dragon that  <NEWLINE>will destroy the entire world?  <PAGE_BREAK>And what of the fight  <NEWLINE>between Darksol and Kane,  <NEWLINE><PLAYER_NAME>'s long-lost brother?  <PAGE_BREAK>Beset by uncertainty,  <NEWLINE><PLAYER_NAME> makes for Prompt,  <NEWLINE>the land of the gods...  <SPEAKER_BREAK>"
787,"rotdd",0x0018A0EC,"Guntz: Well!  <NEWLINE>This is a blast from the past!  <NEWLINE>Lyle, my old buddy!  <SPEAKER_BREAK>"
788,"rotdd",0x0018A133,"Lyle: Ah, Guntz!  <NEWLINE>It's been a while, hasn't it!?  <SPEAKER_BREAK>"
789,"rotdd",0x0018A168,"<PLAYER_NAME>:  <NEWLINE>Do you two know each other?  <05><NEWLINE>I see. So you were both...  <SPEAKER_BREAK>"
790,"rotdd",0x0018A1AA,"Lyle: That's right. We were  <NEWLINE>both apprentices of Dr Crock.  <SPEAKER_BREAK>"
791,"rotdd",0x0018A1E9,"Guntz: But tell me, where have  <NEWLINE>you been all this time? We  <NEWLINE>were supposed to meet in Pao!  <SPEAKER_BREAK>"
792,"rotdd",0x0018A248,"Lyle: Yeah, well, I...  <SPEAKER_BREAK>"
793,"rotdd",0x0018A262,"Guntz: Ah, I get it. You still  <NEWLINE>have no sense of direction!  <SPEAKER_BREAK>"
794,"rotdd",0x0018A2A2,"Lyle: ...Sorry. I was heading  <NEWLINE>for Uranbatol, but somehow  <NEWLINE>I ended up in Alterone.  <SPEAKER_BREAK>"
795,"rotdd",0x0018A2FA,"Lyle: I may get lost all the  <NEWLINE>time, but I'm a crack shot!  <NEWLINE>Let me help you guys out!  <SPEAKER_BREAK>"
796,"rotdd",0x0018A354,"Lyle joins the Shining Force!  <SPEAKER_BREAK>"
797,"rotdd",0x0018A375,"Lyle: All right, then. We'll  <NEWLINE>be waiting at headquarters.  <PAGE_BREAK>If you ever have a flying  <NEWLINE>pest that you need taken care  <NEWLINE>of, just give me a call!  <PAGE_BREAK>I'll bring it down in a flash!  <SPEAKER_BREAK>"
798,"rotdd",0x0018A42B,"Lyle: Just between you and<NEWLINE>me... <02>I have a slight problem<NEWLINE>with directions.<PAGE_BREAK>I should  have caught up with  <NEWLINE>you in Pao, but somehow I  <NEWLINE>ended up in Alterone...  <PAGE_BREAK>Sorry I couldn't join you<NEWLINE>sooner, but hey...<02>I'll<NEWLINE>make it up to you in battle!<PAGE_BREAK>I'm the best shot in Rune!  <NEWLINE>You NEED a guy like me around!  <SPEAKER_BREAK>"
799,"rotdd",0x0018A55A,"Lyle joins the Shining Force!  <SPEAKER_BREAK>"
800,"rotdd",0x0018A57B,"Lyle: All right, then, I'll  <NEWLINE>be waiting at headquarters.  <PAGE_BREAK>If you ever have a flying  <NEWLINE>pest that you need taken care  <NEWLINE>of, just give me a shout!  <PAGE_BREAK>I'll bring it down in a flash!  <SPEAKER_BREAK>"
801,"rotdd",0x0018A631,"Having left Dragonia behind, <NEWLINE>the Shining Force arrives <NEWLINE>at last in Prompt. <PAGE_BREAK>Prompt, the legendary kingdom <NEWLINE>of the children of the gods... <PAGE_BREAK>But, a new challenge awaits <NEWLINE><PLAYER_NAME> and company <NEWLINE>in this land... <SPEAKER_BREAK>"
802,"rotdd",0x0018A6FB,"<PLAYER_NAME>: <NEWLINE>Are we in Prompt? <05><NEWLINE>...Really? <SPEAKER_BREAK>"
803,"rotdd",0x0018A720,"Narsha: I think so. I've never <NEWLINE>been here, but it's not <NEWLINE>far from my birthplace. <PAGE_BREAK>But, for a land of divine <NEWLINE>beings, it is a little... <SPEAKER_BREAK>"
804,"rotdd",0x0018A7A9,"Man: Who're you folks? <NEWLINE>We don't get visitors too <NEWLINE>often in these here parts... <SPEAKER_BREAK>"
805,"rotdd",0x0018A7FB,"Anri: Forgive me for asking, <NEWLINE>but...<02>is this really <NEWLINE>the kingdom of Prompt? <SPEAKER_BREAK>"
806,"rotdd",0x0018A849,"Man: Yup, that it be. <NEWLINE>Hey, you look a little peaky. <NEWLINE>Somethin' on your mind? <SPEAKER_BREAK>"
807,"rotdd",0x0018A899,"Narsha: No, we're fine, but... <SPEAKER_BREAK>"
808,"rotdd",0x0018A8BA,"Man: Well great, then. There <NEWLINE>isn't much to be doing, but <NEWLINE>you can sit and rest awhile. <PAGE_BREAK>Stay as long as you like! <SPEAKER_BREAK>"
809,"rotdd",0x0018A92F,"<PLAYER_NAME>: <NEWLINE>So this is Prompt, huh...?<PAGE_BREAK><05>Things just get stranger<NEWLINE>by the minute...<SPEAKER_BREAK>"
810,"rotdd",0x0018A97A,"Anri: Well, let's talk <NEWLINE>to the townspeople and <NEWLINE>have a look around. <SPEAKER_BREAK>"
811,"rotdd",0x0018A9C0,"<PLAYER_NAME>: <NEWLINE>These iron bars are thick. <NEWLINE>No way we can break them. <SPEAKER_BREAK>"
812,"rotdd",0x0018A9FC,"Boken: There I was, out on <NEWLINE>an adventure, and suddenly I'm <NEWLINE>here... <02>Huh? Oh, it's you. <PAGE_BREAK>How did you get yourself <NEWLINE>locked up in there? Hold on, <NEWLINE>I'll get you out in a jiffy. <SPEAKER_BREAK>"
813,"rotdd",0x0018AAAC,"<PLAYER_NAME>: <NEWLINE>Thanks! I owe you one. <SPEAKER_BREAK>"
814,"rotdd",0x0018AAC9,"Boken: Don't mention it. <NEWLINE>Glad to be of service. <PAGE_BREAK>...Say, <PLAYER_NAME>... <05><NEWLINE>I was thinking, maybe it's <NEWLINE>time I gave up travelling. <SPEAKER_BREAK>"
815,"rotdd",0x0018AB43,"<PLAYER_NAME>: Huh?<NEWLINE>What's gotten into you<NEWLINE>all of a sudden?<SPEAKER_BREAK>"
816,"rotdd",0x0018AB74,"Boken: Call it a change of <NEWLINE>heart. <02>Know what I mean? <PAGE_BREAK>I've been to lots of places, <NEWLINE>and now I've had my fill. <PAGE_BREAK>I hope that one day you'll<NEWLINE>be able to travel yourself,<PAGE_BREAK>when things have<NEWLINE>calmed down a bit...<PAGE_BREAK>Well, be seeing you! <SPEAKER_BREAK>"
817,"rotdd",0x0018AC58,"Guard: A message has <NEWLINE>arrived from the men sent <NEWLINE>to the Tower of the Ancients. <SPEAKER_BREAK>"
818,"rotdd",0x0018ACA9,"Guard: Darksol's power is<NEWLINE>awesome. Alef and Torasu<NEWLINE>are fighting a losing battle.<SPEAKER_BREAK>"
819,"rotdd",0x0018ACFB,"<PLAYER_NAME>: Kane...! <NEWLINE>What is he doing here? <SPEAKER_BREAK>"
820,"rotdd",0x0018AD21,"King Kusko: Yes, it is<NEWLINE>Kane. He was found lying<NEWLINE>unconscious near the castle.<SPEAKER_BREAK>"
821,"rotdd",0x0018AD6F,"<PLAYER_NAME>: But... <05><NEWLINE>My brother and Darksol <NEWLINE>disappeared under Dragonia! <PAGE_BREAK>How did he get here? <SPEAKER_BREAK>"
822,"rotdd",0x0018ADC7,"King Kusko: Most likely, <NEWLINE>Darksol created a magical <NEWLINE>warp in the fabric of space. <PAGE_BREAK>Kane was able to break <NEWLINE>through, but the resulting <NEWLINE>blast likely sent him here. <SPEAKER_BREAK>"
823,"rotdd",0x0018AE6C,"<PLAYER_NAME>: I see... <05><NEWLINE>Is he hurt? He won't <NEWLINE>answer when I talk to him. <SPEAKER_BREAK>"
824,"rotdd",0x0018AEAD,"King Kusko: No need to worry. <NEWLINE>His wounds have already been <NEWLINE>treated. He is merely tired. <PAGE_BREAK>Be patient. Once Lord Kane <NEWLINE>recovers, you will be able to <NEWLINE>fight together once again. <PAGE_BREAK>You, too, must be tired<NEWLINE>from your many battles.<NEWLINE>Please, rest yourselves.<SPEAKER_BREAK>"
825,"rotdd",0x0018AFA9,"<PLAYER_NAME>: But, aren't the<NEWLINE>people of this land fighting<NEWLINE>against Darksol even now?<PAGE_BREAK>I have to... <SPEAKER_BREAK>"
826,"rotdd",0x0018B002,"King Kusko: Do not concern <NEWLINE>yourself. As I said before,<PAGE_BREAK>you and Kane are our last <NEWLINE>hope. You must rest now. <SPEAKER_BREAK>"
827,"rotdd",0x0018B070,"Kane: Pl-<02>Please, King Kusko. <05><NEWLINE>Let <PLAYER_NAME> go to <NEWLINE>the Tower of the Ancients. <SPEAKER_BREAK>"
828,"rotdd",0x0018B0BA,"King Kusko: <NEWLINE>Kane, do not overexert <NEWLINE>yourself! <02>Your wounds... <SPEAKER_BREAK>"
829,"rotdd",0x0018B0FB,"Kane: <NEWLINE>People are fighting and dying <NEWLINE>out there so that we may live! <PAGE_BREAK><PLAYER_NAME> is not the type <NEWLINE>to just sit and let others <NEWLINE>make such a sacrifice. <PAGE_BREAK>He has always been that way, <NEWLINE>since he was little... <PAGE_BREAK>|||| <PAGE_BREAK>|| <SPEAKER_BREAK>"
830,"rotdd",0x0018B1C9,"King Kusko: Kane... <05><NEWLINE>He's passed out again. <SPEAKER_BREAK>"
831,"rotdd",0x0018B1F8,"King Kusko: Your words were <NEWLINE>not spoken in vain, Kane. <PAGE_BREAK>Lord <PLAYER_NAME>,<NEWLINE>I ask you to go to <NEWLINE>the Tower of the Ancients. <PAGE_BREAK>Please save the lives of <NEWLINE>Alef and Torasu! <SPEAKER_BREAK>"
832,"rotdd",0x0018B295,"<PLAYER_NAME>: <NEWLINE>All right! <02>I mean, <NEWLINE>yes, Your Majesty! <PAGE_BREAK>Shining Force! <NEWLINE>To the Tower of the Ancients! <SPEAKER_BREAK>"
833,"rotdd",0x0018B2F2,"King Kusko: May the gods be <NEWLINE>with you. I shall be waiting <NEWLINE>for news of your victory!<SPEAKER_BREAK>"
834,"rotdd",0x0018B348,"Nova: <PLAYER_NAME>, <NEWLINE>look to the east. That is <NEWLINE>the Tower of the Ancients. <SPEAKER_BREAK>"
835,"rotdd",0x0018B38A,"Narsha: Then, Darksol is... <SPEAKER_BREAK>"
836,"rotdd",0x0018B3A8,"Nova: Yes. <NEWLINE>Darksol is in that tower. <SPEAKER_BREAK>"
837,"rotdd",0x0018B3D0,"Anri: I'm worried for the <NEWLINE>safety of those two sages <NEWLINE>from Prompt, Alef and Torasu. <PAGE_BREAK>We should avoid unnecessary <NEWLINE>battles and hurry to our goal. <PAGE_BREAK><PLAYER_NAME>, if need be, <NEWLINE>you can press ahead to <NEWLINE>the tower by yourself. <SPEAKER_BREAK>"
838,"rotdd",0x0018B4A3,"Nova: I'm worried for the <NEWLINE>safety of those two sages <NEWLINE>from Prompt, Alef and Torasu. <PAGE_BREAK>We should avoid unnecessary <NEWLINE>battles and hurry to our goal. <PAGE_BREAK><PLAYER_NAME>, if need be, <NEWLINE>you can press ahead to <NEWLINE>the tower by yourself. <SPEAKER_BREAK>"
839,"rotdd",0x0018B576,"Khris: <NEWLINE><PLAYER_NAME>, I'll be right <NEWLINE>behind you, ready to heal. <SPEAKER_BREAK>"
840,"rotdd",0x0018B5AD,"Lowe: Give it all you've <NEWLINE>got, <PLAYER_NAME>! I'll be back <NEWLINE>here, ready to heal ya! <SPEAKER_BREAK>"
841,"rotdd",0x0018B5F7,"Gong: <PLAYER_NAME>, you can <NEWLINE>depend on me for healing! <SPEAKER_BREAK>"
842,"rotdd",0x0018B625,"Nova: <PLAYER_NAME>, the enemies <NEWLINE>have all been defeated. <SPEAKER_BREAK>"
843,"rotdd",0x0018B655,"<PLAYER_NAME>: ... <05><NEWLINE>This took longer than I <NEWLINE>thought... <02>We've got to hurry! <SPEAKER_BREAK>"
844,"rotdd",0x0018B699,"Demonmaster: Listen! <PAGE_BREAK>We must stand guard until <NEWLINE>Lord Darksol has finished! <PAGE_BREAK>Crush the Shining Force! <NEWLINE>Do not leave a single <NEWLINE>one of them alive! <SPEAKER_BREAK>"
845,"rotdd",0x0018B72C,"Narsha: ...Darksol is <NEWLINE>nowhere to be seen! <SPEAKER_BREAK>"
846,"rotdd",0x0018B759,"Nova: Mmm? That's odd... <NEWLINE>Darksol is nowhere to be seen. <SPEAKER_BREAK>"
847,"rotdd",0x0018B794,"<PLAYER_NAME>: He must be at <NEWLINE>the top of the tower, then... <SPEAKER_BREAK>"
848,"rotdd",0x0018B7C6,"Narsha: We've got to hurry! <NEWLINE>Let's take care of the enemies <NEWLINE>here and go after Darksol! <SPEAKER_BREAK>"
849,"rotdd",0x0018B820,"Nova: We must hurry!<NEWLINE>Defeat the enemies here,<NEWLINE>and then go after Darksol!<SPEAKER_BREAK>"
850,"rotdd",0x0018B86A,"Demonmaster: <NEWLINE>I am defeated... <05><NEWLINE>My life is at an end... <PAGE_BREAK>But, we have won! We have <NEWLINE>succeeded in buying enough <NEWLINE>time for Lord Darksol! <SPEAKER_BREAK>"
851,"rotdd",0x0018B8F4,"Anri: I sense an aura of evil <NEWLINE>from the top of the tower... <SPEAKER_BREAK>"
852,"rotdd",0x0018B939,"Sniff, sniff"
853,"rotdd",0x0018B946,"<05><NEWLINE>Hmm, something smells rotten. <PAGE_BREAK>It smells like...<02>evil... <SPEAKER_BREAK>"
854,"rotdd",0x0018B983,"Anri: I sense an aura of evil <NEWLINE>from the top of the tower... <SPEAKER_BREAK>"
855,"rotdd",0x0018B9C1,"<PLAYER_NAME>: Darksol... <NEWLINE>What is he doing at <NEWLINE>the top of the tower? <PAGE_BREAK>I'm worried about the <NEWLINE>sages of Prompt, too... <05><NEWLINE>...Let's go! <SPEAKER_BREAK>"
856,"rotdd",0x0018BA3C,"Torasu: Y-<02>You are... <SPEAKER_BREAK>"
857,"rotdd",0x0018BA54,"Alef: ...Lord <PLAYER_NAME>! <05><NEWLINE>You're Lord <PLAYER_NAME>, <NEWLINE>aren't you? <PAGE_BREAK>You've come to save us! <NEWLINE>Forgive us, my lord... <SPEAKER_BREAK>"
858,"rotdd",0x0018BAB6,"Torasu: Darksol has already <NEWLINE>left for the top of the tower. <PAGE_BREAK>We fought as hard as we could, <NEWLINE>but his power was too great. <SPEAKER_BREAK>"
859,"rotdd",0x0018BB32,"<PLAYER_NAME>: Don't worry.<NEWLINE>I'll take care of Darksol. <NEWLINE>You two rest here.<SPEAKER_BREAK>"
860,"rotdd",0x0018BB72,"Alef: Yes, my lord. <NEWLINE>As soon as these wounds heal, <NEWLINE>we will join you in battle. <SPEAKER_BREAK>"
861,"rotdd",0x0018BBC4,"Alef joins the Shining Force! <SPEAKER_BREAK>"
862,"rotdd",0x0018BBE4,"Torasu joins<NEWLINE>the Shining Force! <SPEAKER_BREAK>"
863,"rotdd",0x0018BC06,"Alef: Wait, my lord! You're <NEWLINE>not going in alone without <NEWLINE>any companions, are you? <SPEAKER_BREAK>"
864,"rotdd",0x0018BC5A,"<PLAYER_NAME>: <NEWLINE>There's something I need to<NEWLINE>find out about Darksol.<SPEAKER_BREAK>"
865,"rotdd",0x0018BC93,"Alef: ...I see. Then, at least <NEWLINE>promise me you'll be careful. <SPEAKER_BREAK>"
866,"rotdd",0x0018BCD3,"Darksol: Ha! So you've finally <NEWLINE>arrived, <PLAYER_NAME>. <PAGE_BREAK>Hear my words! The tower has <NEWLINE>already been set in motion. <NEWLINE>A great power is gathering! <PAGE_BREAK>I doubt it means anything to <NEWLINE>you without your memories, <PAGE_BREAK>but over this continent floats <NEWLINE>a man-made star, which <NEWLINE>emits an invisible power. <PAGE_BREAK>That power is the source of <NEWLINE>all the magic on Rune. <PAGE_BREAK>And now it is gathering at the <NEWLINE>tower and being channelled to <NEWLINE>Dark Dragon...<SPEAKER_BREAK>"
867,"rotdd",0x0018BE69,"Narsha: <PLAYER_NAME>! <NEWLINE>Why did you come here alone? <SPEAKER_BREAK>"
868,"rotdd",0x0018BE94,"<PLAYER_NAME>: I'm sorry. <05><NEWLINE>But, I had to... <SPEAKER_BREAK>"
869,"rotdd",0x0018BEB7,"Narsha: Forgive me. <05><NEWLINE>If only Darksol... <PAGE_BREAK>If only he hadn't turned up, <NEWLINE>my father would be a good <NEWLINE>king. It's all his fault... <PAGE_BREAK>And I will make him pay! <SPEAKER_BREAK>"
870,"rotdd",0x0018BF52,"Darksol: Ha ha ha ha! This <NEWLINE>is a pleasant surprise - the <NEWLINE>Princess of Runefaust herself! <PAGE_BREAK>I am honored and delighted to <NEWLINE>have you witness this event! <PAGE_BREAK>Dark Dragon will soon awaken. <NEWLINE>The Legacy of the Gods will <NEWLINE>be revived at last!<SPEAKER_BREAK>"
871,"rotdd",0x0018C03A,"Darksol: The great and ancient <NEWLINE>Powers of Darkness will soon <NEWLINE>be mine... <02>Huh? <SPEAKER_BREAK>"
872,"rotdd",0x0018C08B,"Darksol: What is going on? <SPEAKER_BREAK>"
873,"rotdd",0x0018C0A8,"Darksol: ...<02>KANE! <SPEAKER_BREAK>"
874,"rotdd",0x0018C0C8,"Kane: Darksol! <NEWLINE>Your scheme... <02>ends... <05><NEWLINE>here... <SPEAKER_BREAK>"
875,"rotdd",0x0018C0FC,"Darksol: Ha! You don't <NEWLINE>look very well, Kane... <02>Are <NEWLINE>you sure you're up to this? <PAGE_BREAK>Why, you can barely stand... <05><NEWLINE>Let me end your suffering! <SPEAKER_BREAK>"
876,"rotdd",0x0018C18B,"Kane: Aaaaaargh! <SPEAKER_BREAK>"
877,"rotdd",0x0018C19E,"Darksol: <NEWLINE>Rest in peace... <NEWLINE>for all eternity... <PAGE_BREAK>After all, Kane... <02>it's <NEWLINE>what you've always wanted... <SPEAKER_BREAK>"
878,"rotdd",0x0018C208,"<PLAYER_NAME>: Darksol! <NEWLINE>What have you done to Kane? <05><NEWLINE>You murderous scum...! <SPEAKER_BREAK>"
879,"rotdd",0x0018C24C,"Darksol: Silence, fool! <NEWLINE>It's already too late! <PAGE_BREAK>Kane, you made a valiant <NEWLINE>effort in coming here, but <NEWLINE>you were a little too late. <PAGE_BREAK>There is no limit to the power <NEWLINE>out there, but I already have <NEWLINE>enough to revive Dark Dragon. <PAGE_BREAK>Indeed, my power is already <NEWLINE>far too great to stop... <SPEAKER_BREAK>"
880,"rotdd",0x0018C366,"Kane: Listen to me, <NEWLINE><PLAYER_NAME>... <PAGE_BREAK>There's no hope <02>left for me. <SPEAKER_BREAK>"
881,"rotdd",0x0018C3A1,"<PLAYER_NAME>: <NEWLINE>Don't say that! It's not too <NEWLINE>late to treat your wounds... <SPEAKER_BREAK>"
882,"rotdd",0x0018C3E2,"Kane: I know my own body... <05><NEWLINE>better than anyone else. <PAGE_BREAK>I've been using this suit to <NEWLINE>teleport... <02>but the strain <NEWLINE>was greater than I thought. <PAGE_BREAK>This time... <02>I've pushed it <NEWLINE>too far. <02>Before it's too late, <PAGE_BREAK>there is something I need to <NEWLINE>tell you. Listen closely... <SPEAKER_BREAK>"
883,"rotdd",0x0018C4ED,"<PLAYER_NAME>: ... <PAGE_BREAK>... <PAGE_BREAK>... <PAGE_BREAK>... <PAGE_BREAK>So, we two brothers were <05><NEWLINE>sent to the future... <SPEAKER_BREAK>"
884,"rotdd",0x0018C537,"Narsha: What's wrong? <NEWLINE>Your memory! Did you...? <SPEAKER_BREAK>"
885,"rotdd",0x0018C577,"<PLAYER_NAME>: ... <05><NEWLINE>I remember! <05><NEWLINE>I remember now, Kane! <PAGE_BREAK>Our mission...<05><NEWLINE>We were going to team up <NEWLINE>and seal Dark Dragon! <PAGE_BREAK>We feared the new race that <NEWLINE>we ourselves had created... <PAGE_BREAK>And so to destroy it, we <NEWLINE>created Dark Dragon... <02>and <NEWLINE>sowed the seeds of ruin. <PAGE_BREAK>To atone for that sin, <NEWLINE>we tried to put it to sleep. <SPEAKER_BREAK>"
886,"rotdd",0x0018C6A8,"Kane: Do you remember now? <NEWLINE>Do you remember, <PLAYER_NAME>? <SPEAKER_BREAK>"
887,"rotdd",0x0018C6DA,"<PLAYER_NAME>: Yes, <NEWLINE>I remember everything... <SPEAKER_BREAK>"
888,"rotdd",0x0018C6FE,"Kane: Good... <05><NEWLINE>Heh heh. Looks like I <NEWLINE>won't die in vain after all. <PAGE_BREAK>Here, <PLAYER_NAME>, <NEWLINE>take this sword with you. <SPEAKER_BREAK>"
889,"rotdd",0x0018C769,"<PLAYER_NAME> got<NEWLINE>the Dark Saber! <SPEAKER_BREAK>"
890,"rotdd",0x0018C781,"Kane: When that blade is <NEWLINE>combined with the other... <PAGE_BREAK>the weapon to defeat... <05><NEWLINE>Dark Dragon...<SPEAKER_BREAK>"
891,"rotdd",0x0018C7E1,"<PLAYER_NAME>: Kane, <NEWLINE>don't try to speak. <SPEAKER_BREAK>"
892,"rotdd",0x0018C801,"Kane: Go to Metapha. There, <NEWLINE>all will be revealed to you. <PAGE_BREAK>There should be a few <NEWLINE>Adam-types left, too... <05><NEWLINE>They'll help you... <SPEAKER_BREAK>"
893,"rotdd",0x0018C898,"Torasu: Lord <PLAYER_NAME>! The <NEWLINE>tower is about to collapse! <PAGE_BREAK>Alef and the others have <NEWLINE>already made their escape. <SPEAKER_BREAK>"
894,"rotdd",0x0018C901,"Narsha: All right! <NEWLINE><PLAYER_NAME>, we'd better <NEWLINE>get going, too... <SPEAKER_BREAK>"
895,"rotdd",0x0018C943,"Narsha: What? What's wrong? <NEWLINE>What's come over you? <SPEAKER_BREAK>"
896,"rotdd",0x0018C982,"Narsha: No, you haven't... <SPEAKER_BREAK>"
897,"rotdd",0x0018C99F,"Torasu: Hmm? There's something<NEWLINE>strange about Lord <PLAYER_NAME>.<NEWLINE>Perhaps he's lost his voice?<SPEAKER_BREAK>"
898,"rotdd",0x0018C9F2,"Narsha: Is that what's <NEWLINE>happened, <PLAYER_NAME>? <PAGE_BREAK><PAGE_BREAK>I... <02>I see now... <05><NEWLINE>He's overcome by the shock <NEWLINE>of his brother's death... <SPEAKER_BREAK>"
899,"rotdd",0x0018CA66,"Torasu: Come, both of you! <NEWLINE>We must hurry! <SPEAKER_BREAK>"
900,"rotdd",0x0018CA93,"Narsha: All right. <NEWLINE>We've got to get out of here. <NEWLINE>Come on, <PLAYER_NAME>. <SPEAKER_BREAK>"
901,"rotdd",0x0018CADD,"?: Are the two of you ready? <SPEAKER_BREAK>"
902,"rotdd",0x0018CAFC,"Kane: Yes, Mother. <SPEAKER_BREAK>"
903,"rotdd",0x0018CB21,"?: All right, then. I'll start <NEWLINE>the cryogenic sleep sequence. <SPEAKER_BREAK>"
904,"rotdd",0x0018CB61,"Kane: What's wrong? Is the <NEWLINE>equipment not working? <SPEAKER_BREAK>"
905,"rotdd",0x0018CB96,"<PLAYER_NAME>: <NEWLINE>What's wrong, Mother? <05><NEWLINE>It isn't... broken, is it? <SPEAKER_BREAK>"
906,"rotdd",0x0018CBCF,"?: ...No, it's not broken. <05><NEWLINE>I'm sorry. <PAGE_BREAK>I know this is harder for <NEWLINE>you than it is for me. <NEWLINE>But, even so... <SPEAKER_BREAK>"
907,"rotdd",0x0018CC3D,"Kane: Don't worry about us. <NEWLINE>We've been training for this <NEWLINE>day ever since we were kids. <SPEAKER_BREAK>"
908,"rotdd",0x0018CC97,"<PLAYER_NAME>: Kane's right. <NEWLINE>We're journeying forward<NEWLINE>in time...<PAGE_BREAK>to save this planet's future! <SPEAKER_BREAK>"
909,"rotdd",0x0018CCED,"?: Thank you... <05><NEWLINE>Kane... <02><PLAYER_NAME>... <PAGE_BREAK>The creation of Dark Dragon <NEWLINE>was our generation's crime. <PAGE_BREAK>And now, it is up to you to <NEWLINE>atone for that crime. <PAGE_BREAK>... <PAGE_BREAK>We may never see each other <NEWLINE>again. But, I will always be <NEWLINE>watching over you. <PAGE_BREAK>Kane, <PLAYER_NAME>, together,<NEWLINE>you must protect the lives<NEWLINE>of the people of the future!<SPEAKER_BREAK>"
910,"rotdd",0x0018CE1C,"Kane: Yes, Mother... <05><NEWLINE>I will give it my all. <SPEAKER_BREAK>"
911,"rotdd",0x0018CE4C,"<PLAYER_NAME>: Yes... <05><NEWLINE>...Goodbye, Mother.<SPEAKER_BREAK>"
912,"rotdd",0x0018CE6D,"<PLAYER_NAME>'s Orb of Light <NEWLINE>began to glow faintly <NEWLINE>in the dark! <SPEAKER_BREAK>"
913,"rotdd",0x0018CEA5,"<PLAYER_NAME>'s Orb of Light <NEWLINE>began to glow faintly <NEWLINE>in the dark! <SPEAKER_BREAK>"
914,"rotdd",0x0018CEDD,"Spirit of the Spring: <NEWLINE>...<PLAYER_NAME>, I'm glad <NEWLINE>you made it here safely... <SPEAKER_BREAK>"
915,"rotdd",0x0018CF2A,"Spirit of the Spring: <NEWLINE>I know that you <NEWLINE>have lost your voice.<PAGE_BREAK>I have been watching you. <05><NEWLINE>I know about Kane as well. <SPEAKER_BREAK>"
916,"rotdd",0x0018CFAA,"Spirit of the Spring: I have <NEWLINE>brought suffering to both of <NEWLINE>you. <02>Please forgive me... <PAGE_BREAK>There is no time to lose. <NEWLINE>You must bring me the weapons <NEWLINE>needed to seal Dark Dragon. <PAGE_BREAK>Adam will show you the way. <SPEAKER_BREAK>"
917,"rotdd",0x0018D077,"Darksol: Fools! I'll never <NEWLINE>let you seal Dark Dragon! <PAGE_BREAK>Dark Dragon will rise again! <NEWLINE>Together, we will reduce <NEWLINE>this world to ashes! <PAGE_BREAK>...Demon Breath! <SPEAKER_BREAK>"
918,"rotdd",0x0018D10F,"Adam: <NEWLINE>The robots have been destroyed <NEWLINE>by Darksol's Demon Breath. <SPEAKER_BREAK>"
919,"rotdd",0x0018D153,"Kane: <PLAYER_NAME>! <NEWLINE>I'll hold them off! You've <NEWLINE>got to get out of here! <SPEAKER_BREAK>"
920,"rotdd",0x0018D193,"Adam: Thanks to Kane, <NEWLINE>you, at least, were able <NEWLINE>to escape with your life. <PAGE_BREAK>However... <02>Before the  <NEWLINE>memories lost during your <PAGE_BREAK>long sleep could be <NEWLINE>brought back...<NEWLINE>you were tossed into the sea. <PAGE_BREAK>I was able to keep myself <NEWLINE>from being discovered. <NEWLINE>Unfortunately... <PAGE_BREAK>Kane and our leader, Chaos, <NEWLINE>were captured by Darksol and <NEWLINE>brainwashed.<PAGE_BREAK>Of the 100 robots in our unit, <NEWLINE>only I now remain. <PAGE_BREAK>I will fight alongside you! <SPEAKER_BREAK>"
921,"rotdd",0x0018D336,"Adam joins the Shining Force! <SPEAKER_BREAK>"
922,"rotdd",0x0018D356,"Adam: To seal Dark Dragon, <NEWLINE>we need the Chaosbreaker. <PAGE_BREAK>The device needed to call <NEWLINE>forth the Chaosbreaker is <NEWLINE>inside. Let us go, quickly! <SPEAKER_BREAK>"
923,"rotdd",0x0018D3E1,"Chaos: LORD DARKSOL'S<NEWLINE>ORDERS: YOU MUST BE<NEWLINE>EXTERMINATED!<SPEAKER_BREAK>"
924,"rotdd",0x0018D41A,"Chaos: LORD DARKSOL'S<NEWLINE>ORDERS:<PAGE_BREAK>YOU MUST BE...<PAGE_BREAK>EXTERMINATED!<05><NEWLINE>EXTERMINATED!<05><NEWLINE>EXTERMINATED!<SPEAKER_BREAK>"
925,"rotdd",0x0018D474,"Adam: Watch yourselves. Chaos <NEWLINE>is the leader of the robots. <NEWLINE>He is formidable in battle. <SPEAKER_BREAK>"
926,"rotdd",0x0018D4CF,"Nova: Hmm... <NEWLINE>So, this is the heart of <NEWLINE>Metapha, land of the gods... <PAGE_BREAK>Oh! Sorry about that. <NEWLINE>I was just fascinated by all <NEWLINE>these wonderful machines... <PAGE_BREAK>Ahem. Now then... <05><NEWLINE><PLAYER_NAME>! <NEWLINE>What are your orders? <SPEAKER_BREAK>"
927,"rotdd",0x0018D5A0,"Nova: ...Ah! <02>Excuse me. <PAGE_BREAK>...<PLAYER_NAME>, while your <NEWLINE>voice is gone, you won't be <NEWLINE>able to cast the Egress spell. <PAGE_BREAK>Do not forget this! <SPEAKER_BREAK>"
928,"rotdd",0x0018D61F,"Anri: I'll take it from here. <NEWLINE>Listen up, everyone! The heart <NEWLINE>of Metapha is just ahead. <PAGE_BREAK>We have to break through if <NEWLINE><PLAYER_NAME> is to get the sword <NEWLINE>he needs to seal Dark Dragon! <SPEAKER_BREAK>"
929,"rotdd",0x0018D6CD,"Mae: I'll take it from here. <05><NEWLINE>Keep calm, everyone! <PAGE_BREAK>We have to break through <NEWLINE>or we'll never get the sword <NEWLINE>needed to seal Dark Dragon! <SPEAKER_BREAK>"
930,"rotdd",0x0018D758,"Nova: Fight hard, warriors! <NEWLINE>The heart of Metapha <NEWLINE>lies just ahead! <PAGE_BREAK>If we are to seal Dark Dragon, <NEWLINE>we must get the Chaosbreaker, <NEWLINE>no matter what the cost! <SPEAKER_BREAK>"
931,"rotdd",0x0018D7F7,"Chaos: GRRRGRGR...<02>GRGRRR... <05><NEWLINE>GRRRGGgggg... <PAGE_BREAK>...Lord <PLAYER_NAME>! It is you! <05><NEWLINE>What have I been... <05><NEWLINE>Yes... now I remember... <PAGE_BREAK>I was controlled by Darksol... <05><NEWLINE>He is already at the Castle <NEWLINE>of the Ancients, my lord. <PAGE_BREAK>There is another Gate of <NEWLINE>the Ancients in Runefaust, <NEWLINE>and it has been opened. <PAGE_BREAK>Darksol is beginning the final <NEWLINE>ritual to revive Dark Dragon. <PAGE_BREAK>Quickly! <05><NEWLINE>There is no time... <PAGE_BREAK>Lord <PLAYER_NAME>... <PAGE_BREAK>I... have ...failed... you... <SPEAKER_BREAK>"
932,"rotdd",0x0018D9A8,"Adam: ...Chaos... <PAGE_BREAK>You were a valiant leader... <05><NEWLINE>You will never be forgotten. <PAGE_BREAK>I shall take your place at <NEWLINE>Lord <PLAYER_NAME>'s side. <NEWLINE>I shall carry on the fight! <SPEAKER_BREAK>"
933,"rotdd",0x0018DA42,"Spirit: That's the Chaosbreaker. <NEWLINE>It is the only force capable <NEWLINE>of sealing Dark Dragon. <PAGE_BREAK><PLAYER_NAME>, the blade <NEWLINE>is yours to take! <SPEAKER_BREAK>"
934,"rotdd",0x0018DABD,"<PLAYER_NAME> got<NEWLINE>the Chaosbreaker! <SPEAKER_BREAK>"
935,"rotdd",0x0018DAD7,"Spirit of the Spring: ... <PAGE_BREAK>Even Chaos, who was to have <NEWLINE>been your staunchest ally, was <NEWLINE>converted to evil by Darksol. <PAGE_BREAK>With your memories lost, <NEWLINE>you were left to face an <NEWLINE>unfamiliar world alone... <PAGE_BREAK>I was so worried that you <NEWLINE>would fail your mission... <05><NEWLINE>But now, I see...<PAGE_BREAK>You've got so many <NEWLINE>wonderful friends <NEWLINE>who believe in you. <PAGE_BREAK>They are your real treasures. <PAGE_BREAK>Know that they are the true <NEWLINE>power to seal Dark Dragon. <PAGE_BREAK>The destiny of Metapha <NEWLINE>has now been fulfilled. <PAGE_BREAK>The spring that supports <NEWLINE>me will soon run dry. <SPEAKER_BREAK>"
936,"rotdd",0x0018DCE8,"Spring of Recollection: Don't <NEWLINE>look so sad. <02>It is time to go. <PAGE_BREAK>Believe in your friends, <NEWLINE>and fight bravely to the end! <SPEAKER_BREAK>"
937,"rotdd",0x0018DD62,"Narsha: Look! <NEWLINE>Runefaust is just beyond <NEWLINE>that castle wall. <SPEAKER_BREAK>"
938,"rotdd",0x0018DD9F,"Kokichi: Huh? Look at that! <NEWLINE>There's a big castle wall... Is <NEWLINE>Runefaust on the other side? <SPEAKER_BREAK>"
939,"rotdd",0x0018DDFC,"Pelle: Look! <NEWLINE>Runefaust's on the other <NEWLINE>side of that castle wall! <SPEAKER_BREAK>"
940,"rotdd",0x0018DE40,"Bleu: Look, everybody! <NEWLINE>There's a big castle wall! <NEWLINE>Runefaust's on the other side! <SPEAKER_BREAK>"
941,"rotdd",0x0018DE95,"Nova: Hm? What's this? <NEWLINE>Could it be Runefaust on <NEWLINE>the other side of that wall? <SPEAKER_BREAK>"
942,"rotdd",0x0018DEE6,"Lyle: So, this is the last line <NEWLINE>of defense... Looks like they <NEWLINE>put their strongest men here! <SPEAKER_BREAK>"
943,"rotdd",0x0018DF46,"Guntz: All right! It's time to <NEWLINE>finish this once and for all! <PAGE_BREAK>I'll show you what this Steam <NEWLINE>Suit is really capable of!<SPEAKER_BREAK>"
944,"rotdd",0x0018DFC0,"Khris: Be careful, everyone. <NEWLINE>Anyone who is wounded can <NEWLINE>come to me for healing! <SPEAKER_BREAK>"
945,"rotdd",0x0018E013,"Nova: <PLAYER_NAME>, we've got <NEWLINE>the enemy on the run now. <NEWLINE>Runefaust lies just ahead! <SPEAKER_BREAK>"
946,"rotdd",0x0018E067,"Prompt and Metapha, homes<NEWLINE>to the gods and their heirs.<PAGE_BREAK>It was there that <PLAYER_NAME><NEWLINE>recovered all his memories.<PAGE_BREAK>At last, he and his brother<NEWLINE>Kane learned of their ancient<NEWLINE>destinies as warriors.<PAGE_BREAK>But, the death of Kane was too<NEWLINE>much for <PLAYER_NAME> to bear... <05><NEWLINE>and he lost his voice. <PAGE_BREAK>The revival of<NEWLINE>Dark Dragon is near...<PAGE_BREAK>The Shining Force is now <NEWLINE>preparing to venture forth <NEWLINE>into Runefaust.<PAGE_BREAK>The final battle is at hand.<SPEAKER_BREAK>"
947,"rotdd",0x0018E1F8,"After a long and bitter fight, <NEWLINE>the Shining Force has finally <NEWLINE>arrived in Runefaust. <PAGE_BREAK>Meanwhile, Darksol is already <NEWLINE>at the Castle of the Ancients, <NEWLINE>trying to revive Dark Dragon. <PAGE_BREAK>Will <PLAYER_NAME> and his friends <NEWLINE>be able to stop Darksol and <NEWLINE>seal Dark Dragon? <PAGE_BREAK>Let the final battle commence! <SPEAKER_BREAK>"
948,"rotdd",0x0018E315,"Mae: Hey, what's going on? <05><NEWLINE>Why is everyone so calm?<SPEAKER_BREAK>"
949,"rotdd",0x0018E356,"Narsha: It is a bit strange. <NEWLINE>Not at all like when I <NEWLINE>was still at the castle. <PAGE_BREAK>The army kept a tight grip on <NEWLINE>things, and everyone always <NEWLINE>looked frightened. <02>But now... <PAGE_BREAK>Now, everyone looks so <NEWLINE>calm and cheerful. <SPEAKER_BREAK>"
950,"rotdd",0x0018E42F,"Mae: Well, it's pointless just<NEWLINE>sitting here. <PLAYER_NAME>,<NEWLINE>let's have a look around town.<SPEAKER_BREAK>"
951,"rotdd",0x0018E47F,"Mahato: Greetings. <NEWLINE>I am a sage of Runefaust. <NEWLINE>Mahato is my name. <SPEAKER_BREAK>"
952,"rotdd",0x0018E4CC,"Mahato: Don't try to speak. <05><NEWLINE>I have already heard that <NEWLINE>you've lost your voice. <PAGE_BREAK>... <PAGE_BREAK>I have served this kingdom <NEWLINE>since the reign of the last <NEWLINE>king. But, I was too weak... <PAGE_BREAK>Darksol is in total control, <NEWLINE>and King Ramladu has lost the <NEWLINE>last shreds of his humanity. <SPEAKER_BREAK>"
953,"rotdd",0x0018E5D6,"Narsha: Mahato! <NEWLINE>Is this true? <SPEAKER_BREAK>"
954,"rotdd",0x0018E5F7,"Mahato: P-<02>Princess Narsha! <05><NEWLINE>I had heard you were safe, <NEWLINE>but to see your face again... <SPEAKER_BREAK>"
955,"rotdd",0x0018E651,"Narsha: I'm glad to see you,<NEWLINE>too... <02>Tell me, Mahato.<PAGE_BREAK>What exactly did you mean... <05><NEWLINE>when you said that my father <NEWLINE>had lost his humanity? <SPEAKER_BREAK>"
956,"rotdd",0x0018E6DD,"Mahato: I... That is... <05><NEWLINE>Forgive me, Princess. <NEWLINE>I cannot hide it any longer. <PAGE_BREAK>Darksol still needs more time <NEWLINE>to revive Dark Dragon. <PAGE_BREAK>He has turned King Ramladu <NEWLINE>into a soulless monster and <NEWLINE>is using him as a shield. <SPEAKER_BREAK>"
957,"rotdd",0x0018E7B8,"Narsha: Then... <02>is there no <NEWLINE>way to bring my father back? <SPEAKER_BREAK>"
958,"rotdd",0x0018E7F5,"Mahato: I am afraid not... <SPEAKER_BREAK>"
959,"rotdd",0x0018E812,"Narsha: ...I understand.<05><NEWLINE>I sensed changes in my<NEWLINE>father long ago...<SPEAKER_BREAK>"
960,"rotdd",0x0018E860,"Narsha: <PLAYER_NAME>, don't <NEWLINE>worry on my account.<05><NEWLINE>I was prepared for this. <SPEAKER_BREAK>"
961,"rotdd",0x0018E8A3,"Mahato: ... <PAGE_BREAK><PLAYER_NAME>, Darksol is in <NEWLINE>the Castle of the Ancients. <PAGE_BREAK>He may have already begun the <NEWLINE>ritual to revive Dark Dragon. <PAGE_BREAK>Defeat the enemies in your way <NEWLINE>and hurry on to the castle! <SPEAKER_BREAK>"
962,"rotdd",0x0018E95B,"Narsha: <PLAYER_NAME>, I will <NEWLINE>be waiting at headquarters.<PAGE_BREAK>Be sure to take me with you <NEWLINE>when you go into battle. <PAGE_BREAK>And please... <NEWLINE>don't worry on my behalf. <SPEAKER_BREAK>"
963,"rotdd",0x0018E9EC,"Mahato: What a brave soul... <SPEAKER_BREAK>"
964,"rotdd",0x0018EA14,"Mahato: I, too, implore you to <NEWLINE>take Narsha with you when you <NEWLINE>fight against King Ramladu. <PAGE_BREAK>It may well be... the last <NEWLINE>time that father and daughter <NEWLINE>ever see each other... <SPEAKER_BREAK>"
965,"rotdd",0x0018EACD,"Darksol: Hmph. <NEWLINE>You're late, <PLAYER_NAME>. <SPEAKER_BREAK>"
966,"rotdd",0x0018EAF8,"Darksol: So! <NEWLINE>The rumors were true! <NEWLINE>You have lost your voice! <PAGE_BREAK>You have my pity... <SPEAKER_BREAK>"
967,"rotdd",0x0018EB58,"Darksol: No, I mean it!<NEWLINE>After all, you and I -<NEWLINE>and Kane - are almost like...<PAGE_BREAK>old friends... <SPEAKER_BREAK>"
968,"rotdd",0x0018EBC1,"Darksol: You and Kane<NEWLINE>travelled through time<NEWLINE>to seal Dark Dragon...<PAGE_BREAK>But, did you ever consider... <05><NEWLINE>that you might not be the only <NEWLINE>ones who came from the past? <SPEAKER_BREAK>"
969,"rotdd",0x0018EC6C,"Darksol: That's right. There <NEWLINE>were three people sent from <NEWLINE>the past - including me. <PAGE_BREAK>Think about it... <PAGE_BREAK>How was it that I was able <NEWLINE>to attack you so soon after <NEWLINE>you awakened from your sleep? <PAGE_BREAK>The obvious answer...<02>is that <NEWLINE>I was sleeping alongside you! <SPEAKER_BREAK>"
970,"rotdd",0x0018ED75,"Darksol: Of course, my reasons <NEWLINE>for coming to the future were <NEWLINE>a bit different from yours... <PAGE_BREAK>Now that Kane is dead, <NEWLINE><PLAYER_NAME>, you and I are the <NEWLINE>only survivors of the past. <PAGE_BREAK>I pity you, really... <PAGE_BREAK>Even if you seal Dark Dragon, <NEWLINE>what will your reward be? <PAGE_BREAK>Once the battle ended, you'd <NEWLINE>have no place to go. No one <NEWLINE>would have any use for you. <SPEAKER_BREAK>"
971,"rotdd",0x0018EEC8,"Darksol: We could rule this <NEWLINE>world together, <PLAYER_NAME>. <NEWLINE>Will you not join me? <SPEAKER_BREAK>"
972,"rotdd",0x0018EF1B,"Darksol: Ha ha ha ha ha... I'm <NEWLINE>afraid you've been mistaken. <PAGE_BREAK>My purpose in reviving Dark <NEWLINE>Dragon is not destruction. <PAGE_BREAK>No, I... <02>and I alone am <NEWLINE>able to control Dark Dragon. <PAGE_BREAK>With Dark Dragon's power,<NEWLINE>I will rule this world...<05><NEWLINE>That is my goal.<PAGE_BREAK>Come, join me...<05><NEWLINE>Cast away the Chaosbreaker.<SPEAKER_BREAK>"
973,"rotdd",0x0018F03F,"Darksol: That's it... <NEWLINE>This world will soon <NEWLINE>belong to you and me. <PAGE_BREAK>The people of this world know <NEWLINE>nothing of pain... We will <NEWLINE>make them suffer and despair. <PAGE_BREAK>Come, <PLAYER_NAME>!<SPEAKER_BREAK>"
974,"rotdd",0x0018F0E7,"Darksol: Aaaaarrrgh! <05><NEWLINE>Who? Who dares to <NEWLINE>do such a thing to me...? <SPEAKER_BREAK>"
975,"rotdd",0x0018F12D,"A strange voice: <PAGE_BREAK>You stole my soul, but <NEWLINE>you will not have his! <PAGE_BREAK><PLAYER_NAME>! <NEWLINE>Do not be deceived! <SPEAKER_BREAK>"
976,"rotdd",0x0018F189,"Darksol: <NEWLINE>You... <02>But, you're dead! <SPEAKER_BREAK>"
977,"rotdd",0x0018F1AF,"Darksol: Aaaaarrrgh! <SPEAKER_BREAK>"
978,"rotdd",0x0018F1C6,"Once again, the voice... <05><NEWLINE>Kane's voice, echoes <NEWLINE>in <PLAYER_NAME>'s head: <PAGE_BREAK>This is the end, <PLAYER_NAME>. <NEWLINE>I cannot help you any more... <05><NEWLINE>...Farewell. <SPEAKER_BREAK>"
979,"rotdd",0x0018F249,"Darksol: Ha! Thanks to your <NEWLINE>brother, you have lost your <NEWLINE>last chance! <PAGE_BREAK>Very well, then...<NEWLINE>you will die a fool's death! <PAGE_BREAK>If you wish to stop me, you <NEWLINE>must defeat my minions. <02>I <NEWLINE>will be waiting at the castle. <SPEAKER_BREAK>"
980,"rotdd",0x0018F31C,"Ramladu: So, you're the <NEWLINE>Shining Force, eh? I've been <NEWLINE>waiting for you! Ha ha ha ha! <SPEAKER_BREAK>"
981,"rotdd",0x0018F373,"Narsha: ...Father... <SPEAKER_BREAK>"
982,"rotdd",0x0018F38A,"Ramladu: Huh? <NEWLINE>Narsha... <02>is that you? <PAGE_BREAK>Cursed girl! You have betrayed <NEWLINE>your country to its enemies! <NEWLINE>You are no daughter of mine! <PAGE_BREAK>I'll make sure your <NEWLINE>soul finds its way to hell! <SPEAKER_BREAK>"
983,"rotdd",0x0018F441,"Narsha: ...Father... <05><NEWLINE>So, Mahato was right. <NEWLINE>You have lost your humanity. <PAGE_BREAK>So be it.  <05><NEWLINE>I will defeat you, Father! <SPEAKER_BREAK>"
984,"rotdd",0x0018F4C3,"Mawlock: Well spoken, my lady! <NEWLINE>I, Mawlock, shall aid you <NEWLINE>in your battle!<SPEAKER_BREAK>"
985,"rotdd",0x0018F50F,"Ramladu: You! I heard that <NEWLINE>you tricked my daughter into <NEWLINE>becoming your puppet... <PAGE_BREAK>So you won't show yourself... <05><NEWLINE>No matter. <SPEAKER_BREAK>"
986,"rotdd",0x0018F58F,"Ramladu: <NEWLINE>Dark Dragon will soon awaken. <NEWLINE>I won't let you interfere! <PAGE_BREAK>If you think you can get past <NEWLINE>a legion of Runefaust's best, <NEWLINE>then show me what you've got! <SPEAKER_BREAK>"
987,"rotdd",0x0018F632,"Ramladu: HA HA HA HA HA! <NEWLINE>You think it's over? <05><NEWLINE>Guess again! <PAGE_BREAK>Now, you'll taste the REAL <NEWLINE>power of Runefaust's army! <SPEAKER_BREAK>"
988,"rotdd",0x0018F6AA,"Ramladu: ... <NEWLINE>... <05><NEWLINE>...Ugh... <PAGE_BREAK>... <PAGE_BREAK>... <PAGE_BREAK>Is that you, Narsha? <SPEAKER_BREAK>"
989,"rotdd",0x0018F6EA,"Narsha: ...Father... <05><NEWLINE>Forgive me, Father. <PAGE_BREAK>This was the only way... <SPEAKER_BREAK>"
990,"rotdd",0x0018F731,"Ramladu: You did well... <PAGE_BREAK>You made... <02>the right choice. <NEWLINE>I lost my soul to Darksol... <05><NEWLINE>He was controlling me. <PAGE_BREAK>But... <02>it was my fault. <05><NEWLINE>I wanted power... <02>My <NEWLINE>heart was easily corrupted... <PAGE_BREAK>You make a fine princess, <NEWLINE>Narsha... <02>You fought <NEWLINE>like a true warrior! <SPEAKER_BREAK>"
991,"rotdd",0x0018F83C,"Narsha: ...Father... <SPEAKER_BREAK>"
992,"rotdd",0x0018F85C,"Ramladu: Narsha, <NEWLINE>this is no time for tears. <PAGE_BREAK>You and your friends... <05><NEWLINE>must put a stop... <05><NEWLINE>to Darksol's schemes... <PAGE_BREAK>Dark Dragon... <05><NEWLINE>must NOT be revived! <PAGE_BREAK>Please... <05><NEWLINE>heed the last request... <05><NEWLINE>of your foolish father... <SPEAKER_BREAK>"
993,"rotdd",0x0018F93C,"Narsha: ...Father... <PAGE_BREAK>... <PAGE_BREAK>Rest easy, Father. I will fight <NEWLINE>to the bitter end as befits <NEWLINE>the Princess of Runefaust! <PAGE_BREAK>Let us go, <PLAYER_NAME>! <NEWLINE>We must stop Darksol before <NEWLINE>he achieves his goal! <SPEAKER_BREAK>"
994,"rotdd",0x0018F9F5,"Ramladu: ... <NEWLINE>... <05><NEWLINE>...Ugh... <PAGE_BREAK>... <PAGE_BREAK>... <PAGE_BREAK>Well done, <PLAYER_NAME>! <NEWLINE>You are a worthy leader <NEWLINE>of this Shining Force! <SPEAKER_BREAK>"
995,"rotdd",0x0018FA68,"Narsha: Father! <SPEAKER_BREAK>"
996,"rotdd",0x0018FA7A,"Ramladu: That voice... <02>Narsha? <NEWLINE>I was a fool... Forgive me... <SPEAKER_BREAK>"
997,"rotdd",0x0018FABB,"Narsha: ...Father... <SPEAKER_BREAK>"
998,"rotdd",0x0018FAD2,"Anri: King Ramladu! <SPEAKER_BREAK>"
999,"rotdd",0x0018FAE8,"Ramladu: That voice... <05><NEWLINE>You're Princess Anri <NEWLINE>of Guardiana! <PAGE_BREAK>I'm so sorry. I've done your <NEWLINE>kingdom a terrible wrong... <NEWLINE>And your father... <PAGE_BREAK>Attacking a sister kingdom...<NEWLINE>What a fool I was. <NEWLINE>Please forgive me...<PAGE_BREAK>My desire for power caused <NEWLINE>me to fall prey to Darksol's <NEWLINE>temptations, and he used me... <SPEAKER_BREAK>"
1000,"rotdd",0x0018FC17,"Anri: King Ramladu... <SPEAKER_BREAK>"
1001,"rotdd",0x0018FC38,"Ramladu: Forgive me... <NEWLINE>I have failed as a king... <05><NEWLINE>I have failed as a man... <PAGE_BREAK>Hear the last request of this <NEWLINE>foolish man. <02>You must put <NEWLINE>a stop to Darksol's schemes. <PAGE_BREAK>Dark Dragon... <05><NEWLINE>must NOT be revived! <SPEAKER_BREAK>"
1002,"rotdd",0x0018FD12,"Nova: <PLAYER_NAME>, it seems <NEWLINE>Darksol has already entered <NEWLINE>the Castle of the Ancients.<PAGE_BREAK>There is no time to mourn <NEWLINE>the loss of King Ramladu! <SPEAKER_BREAK>"
1003,"rotdd",0x0018FD9E,"As <PLAYER_NAME> wields the<NEWLINE>Chaosbreaker, it begins to<NEWLINE>emit a mysterious light!<SPEAKER_BREAK>"
1004,"rotdd",0x0018FDF6,"Lowe: <PLAYER_NAME>! I've got <NEWLINE>a message from Princess Anri! <PAGE_BREAK>It looks like the path to the <NEWLINE>castle is open again! <PAGE_BREAK>C'mon, let's hurry up! <SPEAKER_BREAK>"
1005,"rotdd",0x0018FE77,"Nova: So, this is the Castle of <NEWLINE>the Ancients. I never thought <NEWLINE>I'd see it with my own eyes. <SPEAKER_BREAK>"
1006,"rotdd",0x0018FED6,"Lowe: Hey, quit gawking! <SPEAKER_BREAK>"
1007,"rotdd",0x0018FEF1,"Diane: Pardon me, Nova, but <NEWLINE>I don't think this is the best <NEWLINE>time to admire the view... <SPEAKER_BREAK>"
1008,"rotdd",0x0018FF4B,"Bleu: Look at that... <05><NEWLINE>What is that thing? <NEWLINE>Another robot, maybe? <SPEAKER_BREAK>"
1009,"rotdd",0x0018FF90,"Luke: Huh? That's strange. <SPEAKER_BREAK>"
1010,"rotdd",0x0018FFAD,"Alef: ...Is it... moving? <SPEAKER_BREAK>"
1011,"rotdd",0x0018FFC9,"Colossus: <NEWLINE>Whrrr... <02>LIFE FORMS DETECTED. <05><NEWLINE>Whrrr... VERIFYING CODES. <PAGE_BREAK>Whrrrrrr... <PAGE_BREAK>NO MATCHING ENTRIES FOUND <NEWLINE>IN MAIN DATA BANK. <PAGE_BREAK>Whrrr... <NEWLINE>DISPATCHING SENTINELS.<SPEAKER_BREAK>"
1012,"rotdd",0x0019006E,"Colossus 1: <NEWLINE>ELIMINATE INTRUDERS.<SPEAKER_BREAK>"
1013,"rotdd",0x00190091,"Colossus 2: <NEWLINE>EXECUTING COMMAND 1"
1014,"rotdd",0x001900B9,"Colossus 3: <NEWLINE>INTRUDER SWEEP... <02>INITIATED!<SPEAKER_BREAK>"
1015,"rotdd",0x001900E5,"Nova: Could it be... <NEWLINE>the legendary Colossus? <PAGE_BREAK>The ultimate sentry, left <NEWLINE>behind by the ancient gods... <PAGE_BREAK>Its fantastic strength is said <NEWLINE>to rival even Dark Dragon's... <05><NEWLINE>Hmm. Wait a minute. <PAGE_BREAK>I seem to remember hearing <NEWLINE>that the head in the middle is <NEWLINE>the only one with a soul... <PAGE_BREAK>If we can just defeat the head <NEWLINE>in the middle, the other two <NEWLINE>heads should lose their power. <PAGE_BREAK>If the going gets tough, we <NEWLINE>should concentrate our attacks <NEWLINE>on the head in the middle! <SPEAKER_BREAK>"
1016,"rotdd",0x001902B5,"Nova: Yes! <NEWLINE>We've finally defeated <NEWLINE>Colossus. <PAGE_BREAK>Hmm... What's this... <SPEAKER_BREAK>"
1017,"rotdd",0x001902FC,"Nova: <PLAYER_NAME>, <NEWLINE>a staircase has appeared <NEWLINE>behind Colossus.<PAGE_BREAK>It must lead inside! <SPEAKER_BREAK>"
1018,"rotdd",0x00190348,"Darksol: ...Awaken! <05><NEWLINE>Awaken, Dark Dragon! <PAGE_BREAK>Awaken from your long sleep <NEWLINE>and release all of your power! <PAGE_BREAK>Your jaws shall swallow <NEWLINE>hopes whole! Your claws <NEWLINE>shall rend dreams asunder! <SPEAKER_BREAK>"
1019,"rotdd",0x00190400,"Darksol: What is wrong? Why do <NEWLINE>you not awaken, Dark Dragon? <SPEAKER_BREAK>"
1020,"rotdd",0x0019043F,"Darksol: So, you managed to <NEWLINE>defeat Ramladu, eh? Bravo! <SPEAKER_BREAK>"
1021,"rotdd",0x00190479,"Darksol: And Princess Narsha! <NEWLINE>So bent on defeating me that <NEWLINE>you even slew your own father. <PAGE_BREAK>I admire your determination. <NEWLINE>Your title suits you well. <SPEAKER_BREAK>"
1022,"rotdd",0x00190511,"Narsha: Silence! Your <NEWLINE>treachery killed my father. <NEWLINE>I come to restore his honor! <SPEAKER_BREAK>"
1023,"rotdd",0x00190564,"Anri: <NEWLINE>Darksol... <02>root of all evil! <PAGE_BREAK>In the name of my father, <NEWLINE>the fallen king of Guardiana, <NEWLINE>I, Anri, shall defeat you! <SPEAKER_BREAK>"
1024,"rotdd",0x001905E1,"Mae: Darksol! I will avenge <NEWLINE>my father Varios! <SPEAKER_BREAK>"
1025,"rotdd",0x00190612,"Adam: ...Darksol...  <02>My <NEWLINE>comrades fell before they <NEWLINE>could complete their mission. <PAGE_BREAK>Nothing will ever erase that <NEWLINE>tragedy from my memory. <SPEAKER_BREAK>"
1026,"rotdd",0x0019069E,"Gort: <NEWLINE>This is where I make you pay <NEWLINE>for laying waste to Guardiana! <SPEAKER_BREAK>"
1027,"rotdd",0x001906E4,"Balbaroy: We Birdmen were <NEWLINE>annihilated by the forces <NEWLINE>of Runefaust. <PAGE_BREAK>And it was upon your orders. <NEWLINE>We will never forget that. <SPEAKER_BREAK>"
1028,"rotdd",0x00190764,"Domingo: <NEWLINE>Domingo! Domingo! <SPEAKER_BREAK>"
1029,"rotdd",0x00190782,"Earnest: My hometown <NEWLINE>was wiped out on <NEWLINE>your orders. <PAGE_BREAK>My family, my friends... <05><NEWLINE>You'll soon be begging for <NEWLINE>their forgiveness, Darksol! <SPEAKER_BREAK>"
1030,"rotdd",0x0019080D,"Darksol: Ha! Such boasting <NEWLINE>from insignificant vermin! <PAGE_BREAK>I have no time to play with <NEWLINE>you. Dark Dragon awaits! <PAGE_BREAK>Go, my minions! <SPEAKER_BREAK>"
1031,"rotdd",0x0019088E,"Darksol: It's not over yet... <05><NEWLINE>I haven't lost yet! <PAGE_BREAK><PLAYER_NAME>! <NEWLINE>Do you hear me?! <SPEAKER_BREAK>"
1032,"rotdd",0x001908E3,"Darksol: Do you know <NEWLINE>why I traveled through <NEWLINE>time to come here?<PAGE_BREAK>I shall tell you now. <PAGE_BREAK>The gods... the Ancients... <NEWLINE>wished to destroy the races <NEWLINE>that they had created... <PAGE_BREAK>For this purpose, they <NEWLINE>created Dark Dragon... <PAGE_BREAK>And at the same time... they <NEWLINE>chose one man to wield the <NEWLINE>power to control Dark Dragon. <PAGE_BREAK>They altered his body so that <NEWLINE>he became the mind <NEWLINE>of the creature. <PAGE_BREAK>That man... was me! <SPEAKER_BREAK>"
1033,"rotdd",0x00190A7D,"Darksol: Darksol... <05><NEWLINE>the Dark Soul... <PAGE_BREAK>I was given this odious <NEWLINE>name at that time... <PAGE_BREAK>All memory of my previous <NEWLINE>life was erased... <05><NEWLINE>And from then on... <PAGE_BREAK>I was nothing but a tool, <NEWLINE>the <QUOTE>brain<QUOTE> of Dark Dragon. <PAGE_BREAK>It was a miserable fate. <05><NEWLINE>But, then I had a thought... <PAGE_BREAK>I would take control of Dark <NEWLINE>Dragon, just as they wished... <05><NEWLINE>and use it to get my revenge! <PAGE_BREAK>And until that time... <PAGE_BREAK>nothing would stand in my way! <SPEAKER_BREAK>"
1034,"rotdd",0x00190C2A,"Darksol: <NEWLINE>Hear me, Dark Dragon! <NEWLINE>I give myself over to you! <PAGE_BREAK>As promised in ancient times, <NEWLINE>I shall serve as your mind! <SPEAKER_BREAK>"
1035,"rotdd",0x00190CA4,"Darksol: Yes, I see! <NEWLINE>You, too, wish this to happen! <SPEAKER_BREAK>"
1036,"rotdd",0x00190CDB,"Darksol: Ha ha ha ha ha ha ha! <NEWLINE>Dark Dragon... lives again! <SPEAKER_BREAK>"
1037,"rotdd",0x00190D19,"Dark Dragon: <NEWLINE>...I am Dark Dragon. <PAGE_BREAK>I shall devour this world. <PAGE_BREAK>There is no one left who <NEWLINE>can prevent my awakening. <SPEAKER_BREAK>"
1038,"rotdd",0x00190D8F,"Mae: This is the final battle! <NEWLINE>We can do this, everyone! <SPEAKER_BREAK>"
1039,"rotdd",0x00190DCB,"Ken: <NEWLINE>So, this is Dark Dragon, huh?<05><NEWLINE>He's toast!<SPEAKER_BREAK>"
1040,"rotdd",0x00190DFD,"Arthur: How ironic that a <NEWLINE>washed-up warrior like me <NEWLINE>would end up standing here. <PAGE_BREAK>But, if we can just defeat this <NEWLINE>thing, I can give up fighting <NEWLINE>for good! <SPEAKER_BREAK>"
1041,"rotdd",0x00190E9C,"Pelle: Whoa, this thing's BIG! <05><NEWLINE>Should I run away? <PAGE_BREAK>Or fight like a man? <NEWLINE>I think the choice is clear! <SPEAKER_BREAK>"
1042,"rotdd",0x00190F06,"Vankar: ... <NEWLINE>The legendary Dark Dragon... <NEWLINE>Looks pretty tough... <PAGE_BREAK>Just right for a tough guy <NEWLINE>like me! I'll send you <NEWLINE>straight to hell! <SPEAKER_BREAK>"
1043,"rotdd",0x00190F90,"Earnest: Dark Dragon, huh?<NEWLINE>You do look awfully strong... <05><NEWLINE>but nothing I can't handle! <PAGE_BREAK>This battle is going to be <NEWLINE>for my honor as a knight! <SPEAKER_BREAK>"
1044,"rotdd",0x00191020,"Luke: Listen, dragon! <NEWLINE>I'm Luke, the dwarf warrior! <PAGE_BREAK>You better watch out, 'cause <NEWLINE>I'll split that head <NEWLINE>open with this axe! <SPEAKER_BREAK>"
1045,"rotdd",0x0019109F,"Gort: There's too much <NEWLINE>suffering in this world...<02>and <NEWLINE>I can't take it anymore! <PAGE_BREAK>I'll defeat you and <NEWLINE>bring peace to the world! <SPEAKER_BREAK>"
1046,"rotdd",0x00191122,"Hans: This is great... <NEWLINE>Why did it have to be me? <PAGE_BREAK>Ah, well. I'm gonna get sick <NEWLINE>looking at that ugly face... <05><NEWLINE>Guess I'll get rid of it! <SPEAKER_BREAK>"
1047,"rotdd",0x001911AE,"Diane: I, Diane, will show <NEWLINE>you the courage and honor <NEWLINE>of the people of Bustoke! <PAGE_BREAK>Feel the deadly sting <NEWLINE>of my arrows! <SPEAKER_BREAK>"
1048,"rotdd",0x00191227,"Lyle: Dragon, schmagon! <05><NEWLINE>Taste the power of Dr. <NEWLINE>Crock's mechanical crossbow! <SPEAKER_BREAK>"
1049,"rotdd",0x00191278,"Guntz: <NEWLINE>The grinding gears! <05><NEWLINE>The blasts of steam! <PAGE_BREAK>Witness the true power of <NEWLINE>Dr. Crock's Steam Suit... <05><NEWLINE>and tremble! <SPEAKER_BREAK>"
1050,"rotdd",0x001912F2,"Tao: ...Such a tremendous aura <NEWLINE>of evil... <02>Gods of Light, <NEWLINE>give me the power to fight! <SPEAKER_BREAK>"
1051,"rotdd",0x0019134C,"Anri: Dark Dragon... <05><NEWLINE>The greatest calamity ever <NEWLINE>to befall this world... <PAGE_BREAK>I, Anri, descendant of the <NEWLINE>line of Guardiana, will not <NEWLINE>allow you to be reborn! <SPEAKER_BREAK>"
1052,"rotdd",0x001913EB,"Domingo: <NEWLINE>Domingo! <05><NEWLINE>...Domingo! <SPEAKER_BREAK>"
1053,"rotdd",0x0019140E,"Alef: Powers of thunder! Hear <NEWLINE>my command! Destroy this <NEWLINE>vile apparition of evil! <SPEAKER_BREAK>"
1054,"rotdd",0x00191462,"Lowe: I ain't afraid of no <NEWLINE>Dark Dragon! Bring it on! <NEWLINE>I'll pound you into dust! <SPEAKER_BREAK>"
1055,"rotdd",0x001914B5,"Khris: <NEWLINE>No matter how great the foe... <05><NEWLINE>for the sake of this world... <PAGE_BREAK>I will fight to the end. <NEWLINE>I call on the powers of Light <NEWLINE>to lend me their strength! <SPEAKER_BREAK>"
1056,"rotdd",0x00191561," <NEWLINE>Here I am, a brand new <NEWLINE>member of the Shining Force... <PAGE_BREAK>and already we're fighting <NEWLINE>Dark Dragon. Why me? <SPEAKER_BREAK>"
1057,"rotdd",0x001915CE,"Gong: Evil must be destroyed. <NEWLINE>This is the law of the world! <PAGE_BREAK>I, Gong, will enforce that <NEWLINE>law with these two fists! <SPEAKER_BREAK>"
1058,"rotdd",0x00191644,"Balbaroy: We Birdmen abhor <NEWLINE>those who besmirch the sky. <PAGE_BREAK>From Darkness you were born. <NEWLINE>To Darkness you will return! <SPEAKER_BREAK>"
1059,"rotdd",0x001916BA,"Amon: We Birdmen will fight <NEWLINE>with the Dark Dragon for the <NEWLINE>freedom of our skies! <SPEAKER_BREAK>"
1060,"rotdd",0x0019170D,"Kokichi: Kokichi the master <NEWLINE>airman will protect the skies! <PAGE_BREAK>Dark Dragon, <NEWLINE>your head is MINE!! <SPEAKER_BREAK>"
1061,"rotdd",0x0019176E,"Bleu: Please watch over <NEWLINE>Grandma and Grandpa and <NEWLINE>all the others who died. <PAGE_BREAK>I'm... <02>I'm gonna fight so <NEWLINE>that people will be proud <NEWLINE>to call me a dragon god! <SPEAKER_BREAK>"
1062,"rotdd",0x0019180C,"Zylo: <NEWLINE>I am Zylo, the Forest King! <PAGE_BREAK>Those who stand in my way <NEWLINE>will be slashed to ribbons by <NEWLINE>my fangs and claws! <SPEAKER_BREAK>"
1063,"rotdd",0x00191880,"Adam: Lord <PLAYER_NAME>, <NEWLINE>the time has finally come. <PAGE_BREAK>Even if my body is reduced to <NEWLINE>scrap metal, I will see my <NEWLINE>mission through to its end! <SPEAKER_BREAK>"
1064,"rotdd",0x00191904,"Musashi: We meet at last,<NEWLINE>o purveyor of evil!<PAGE_BREAK>Have at thee! You'll make a<NEWLINE>fine notch on my blade!<SPEAKER_BREAK>"
1065,"rotdd",0x00191967,"Hanzou: ...Hmph! <NEWLINE>Impertinent fiend! <PAGE_BREAK>Before my ninja arts, you're <NEWLINE>no more than a sitting duck! <NEWLINE>Begone, foul beast! <SPEAKER_BREAK>"
1066,"rotdd",0x001919DF,"Zuika: ...Fate can be so <NEWLINE>strange. <02>Dark Dragon! <PAGE_BREAK>I know what it's like... <05><NEWLINE>to be hated by people <NEWLINE>and sealed away... <PAGE_BREAK>But still... <02>your existence <NEWLINE>is an abomination! <02>Be silent <NEWLINE>and return to the Darkness! <SPEAKER_BREAK>"
1067,"rotdd",0x00191AB2,"Mawlock: <NEWLINE>Well, well! So the Dark Dragon <NEWLINE>has finally come to play. <PAGE_BREAK>All right, then. I suppose <NEWLINE>it's up to me to finish this. <PAGE_BREAK>It's against my principles, <NEWLINE>but I'll dirty my hands just <NEWLINE>this once - to bury you. <SPEAKER_BREAK>"
1068,"rotdd",0x00191B88,"Narsha: ...Father... <05><NEWLINE>I hope you're <NEWLINE>watching me fight. <PAGE_BREAK>As the Princess of Runefaust, <NEWLINE>I shall put an end to this! <SPEAKER_BREAK>"
1069,"rotdd",0x00191C09,"Dark Dragon: <NEWLINE>Graaaaaaaaagh! <PAGE_BREAK>I... I am... <PAGE_BREAK>Malice incarnate... <PAGE_BREAK>Destruction incarnate... <PAGE_BREAK>I am the embodiment... <05><NEWLINE>of the will of Darkness... <PAGE_BREAK>I cannot be destroyed... <PAGE_BREAK>I will heal this wounded body <NEWLINE>and soon appear once more... <SPEAKER_BREAK>"
1070,"rotdd",0x00191CF1,"Nova: What? Is he immortal?! <NEWLINE>If we slay him, he immediately <NEWLINE>comes back to life! <SPEAKER_BREAK>"
1071,"rotdd",0x00191D4F,"Nova: Ah! That's it! <PAGE_BREAK>Now, <PLAYER_NAME>! <NEWLINE>Use the Chaosbreaker! <PAGE_BREAK>Gather all your strength <NEWLINE>and plunge the Chaosbreaker <NEWLINE>into Dark Dragon!<SPEAKER_BREAK>"
1072,"rotdd",0x00191DD9,"Nova: <PLAYER_NAME>! The Castle of <NEWLINE>the Ancients is about to sink! <NEWLINE>Hurry! We must get out! <SPEAKER_BREAK>"
1073,"rotdd",0x00191E35,"Nova: What's wrong? <NEWLINE>No... <02>don't tell me... <PAGE_BREAK><PLAYER_NAME> is somehow <NEWLINE>bound to the Chaosbreaker! <SPEAKER_BREAK>"
1074,"rotdd",0x00191E8E,"Nova: Now, what? <NEWLINE>We've come all this way to <NEWLINE>seal Dark Dragon... <PAGE_BREAK>We can't just... <SPEAKER_BREAK>"
1075,"rotdd",0x00191EE4,"<PLAYER_NAME>: ... <PAGE_BREAK>I-<02>I'm all right, Nova. <05><NEWLINE>Don't worry about me. <SPEAKER_BREAK>"
1076,"rotdd",0x00191F1E,"Nova: ...<PLAYER_NAME>... <05><NEWLINE>...Your voice... <SPEAKER_BREAK>"
1077,"rotdd",0x00191F41,"<PLAYER_NAME>: <NEWLINE>...Egress! ...Egress!<SPEAKER_BREAK>"
1078,"rotdd",0x00191F5C,"Soldier: What?<NEWLINE>Guardiana's been attacked?<NEWLINE>By Runefaust? Rubbish!<PAGE_BREAK>Get outta here, you good for<NEWLINE>nothin'!<SPEAKER_BREAK>"
1079,"rotdd",0x00191FC4,"Soldier:<NEWLINE>You heard him!<NEWLINE>Get lost!<SPEAKER_BREAK>"
1080,"rotdd",0x00191FE7,"Soldier: The King allows you<NEWLINE>to proceed. But, don't poke<NEWLINE>around too much in the castle!<SPEAKER_BREAK>"
1081,"rotdd",0x00192040,"Soldier: Water is so relaxing...<05><NEWLINE>Guarding the castle? I leave<NEWLINE>that to the sentries.<PAGE_BREAK>Those guys guarding the gates<NEWLINE>are tough. There'll be no<NEWLINE>problems with them around.<SPEAKER_BREAK>"
1082,"rotdd",0x001920E9,"Soldier: Water is so relaxing...<05><NEWLINE>Guarding the castle? I leave<NEWLINE>that to the sentries.<SPEAKER_BREAK>"
1083,"rotdd",0x0019213F,"Old Woman: Did you know that<NEWLINE>there's a secret underground<NEWLINE>passage in the castle?<SPEAKER_BREAK>"
1084,"rotdd",0x00192191,"Old Woman: The entrance to the<NEWLINE>passage is around here. <02>But,<NEWLINE>I can't seem to find it...<PAGE_BREAK>I thought I could use it to<NEWLINE>escape if I ever needed to.<05><NEWLINE>Ah! If only I could find it!<SPEAKER_BREAK>"
1085,"rotdd",0x00192240,"Old Woman: Oh, dear...<05><NEWLINE>Ha ha! Oh, it's nothing.<SPEAKER_BREAK>"
1086,"rotdd",0x00192272,"Khris' Relative: Khris!<NEWLINE>Khris! Where are you?!<05><NEWLINE>I'm badly injured!<PAGE_BREAK>You!<NEWLINE>Do you know of Khris'<NEWLINE>whereabouts?<SPEAKER_BREAK>"
1087,"rotdd",0x001922DE,"Khris' Relative: In that case,<NEWLINE>go and get her for me!<NEWLINE>I've sprained my ankle!<PAGE_BREAK>Ah! Ouch! Ouch! I'll die<NEWLINE>if I'm left like this!<SPEAKER_BREAK>"
1088,"rotdd",0x0019235D,"Khris' Relative: Hmph!<NEWLINE>Totally useless! Just like<NEWLINE>everyone else around here!<SPEAKER_BREAK>"
1089,"rotdd",0x001923AB,"Khris: ......<PAGE_BREAK>I'm sorry.<NEWLINE>I'm truly sorry.<SPEAKER_BREAK>"
1090,"rotdd",0x001923D6,"Khris: ......<NEWLINE>Take great care when you<NEWLINE>meet with the King.<PAGE_BREAK>I'm sorry.<NEWLINE>That's all I can say right<NEWLINE>now...<SPEAKER_BREAK>"
1091,"rotdd",0x0019243F,"Soldier: Sleep, eat and<NEWLINE>play games. This is the life!<SPEAKER_BREAK>"
1092,"rotdd",0x00192476,"Soldier: It's paradise here.<05><NEWLINE>Sit down and relax!<NEWLINE>We all do.<SPEAKER_BREAK>"
1093,"rotdd",0x001924B4,"Soldier: Hmm. A fine suit of<NEWLINE>armor is well and good,<NEWLINE>but I can't stand the weight!<SPEAKER_BREAK>"
1094,"rotdd",0x00192508,"Bar Owner: Relax.<NEWLINE>Take a seat and shovel down<NEWLINE>some food!<SPEAKER_BREAK>"
1095,"rotdd",0x00192542,"Knight: The King is a<NEWLINE>great man. If you need help,<NEWLINE>you should try talking to him.<SPEAKER_BREAK>"
1096,"rotdd",0x00192595,"Knight: What?<NEWLINE>Runefaust attacked Guardiana?<05><NEWLINE>No one in town believes you?<PAGE_BREAK><05>Heheh!<05><NEWLINE>Ahem.<PAGE_BREAK>Talk it over with the King.<NEWLINE>He's sure to help you!<SPEAKER_BREAK>"
1097,"rotdd",0x00192622,"Item seller: Welcome, welcome!<NEWLINE>Come on in and browse.<NEWLINE>Nothing but the best here!<SPEAKER_BREAK>"
1098,"rotdd",0x00192674,"Old Man: You're <PLAYER_NAME>?<NEWLINE>I heard about you from one of<NEWLINE>Guardiana's knights.<PAGE_BREAK>If you have a problem, you<NEWLINE>should talk it over with the<NEWLINE>King.<SPEAKER_BREAK>"
1099,"rotdd",0x001926F9,"King of Alterone: ...  <05><NEWLINE>Are... Are you serious?<PAGE_BREAK>Runefaust invaded Guardiana  <NEWLINE>looking for clues about the  <NEWLINE>Legacy of the Gods?<PAGE_BREAK>And now their armies are  <NEWLINE>headed for my kingdom? <PAGE_BREAK>Hmm. This is most alarming.  <05><NEWLINE>I must discuss it with my  <NEWLINE>...adviser. Follow me.<SPEAKER_BREAK>"
1100,"rotdd",0x00192800,"King of Alterone:   <NEWLINE>Please forgive me. This is  <NEWLINE>for the good of Alterone.<SPEAKER_BREAK>"
1101,"rotdd",0x0019284D,"Soldier: Nobody is allowed in<NEWLINE>here. There are important<NEWLINE>guests inside.<SPEAKER_BREAK>"
1102,"rotdd",0x00192895,"Soldier: The King is waiting<NEWLINE>for you. Hurry!<SPEAKER_BREAK>"
1103,"rotdd",0x001928C3,"Soldier: You're finished here?<05><NEWLINE>Then, go home!<SPEAKER_BREAK>"
1104,"rotdd",0x001928F3,"Rune Knight: ......<SPEAKER_BREAK>"
1105,"rotdd",0x00192908,"Rune Knight: ......<SPEAKER_BREAK>"
1106,"rotdd",0x0019291D,"Kane: You...<05><NEWLINE>You're from Guardiana?<05><NEWLINE><PLAYER_NAME>, is it?<SPEAKER_BREAK>"
1107,"rotdd",0x0019294E,"Priest: You've been arrested<NEWLINE>too? I'm a priest.<PAGE_BREAK>Runefaust's army is not to<NEWLINE>be trusted. That's what I<NEWLINE>told the King...<PAGE_BREAK>And then, I was thrown in<NEWLINE>jail...<PAGE_BREAK>I may be behind bars, but I'm<NEWLINE>still a priest. I'll do all I<NEWLINE>can to help you.<SPEAKER_BREAK>"
1108,"rotdd",0x00192A34,"Priest: I may be behind bars,<NEWLINE>but I'm still a priest. I'll<NEWLINE>do all I can to help you.<SPEAKER_BREAK>"
1109,"rotdd",0x00192A8A,"Priest: There's no need to<NEWLINE>worry about me.<PAGE_BREAK>You should concentrate<NEWLINE>on your mission.<SPEAKER_BREAK>"
1110,"rotdd",0x00192ADE,"Soldier: Please leave.<NEWLINE>The castle is not open<NEWLINE>to visitors.<PAGE_BREAK>I can't let you in without<NEWLINE>an introduction from<NEWLINE>someone.<SPEAKER_BREAK>"
1111,"rotdd",0x00192B53,"Soldier: ...Hey! Stranger!<SPEAKER_BREAK>"
1112,"rotdd",0x00192B6F,"Soldier: Go home!<05><NEWLINE>Hm? It's that important<NEWLINE>you enter the castle?<PAGE_BREAK>If someone trustworthy could<NEWLINE>introduce you, I'd consider<NEWLINE>it... <02>Come to think of it...<PAGE_BREAK>I'm sure there was someone in<NEWLINE>town who was an apprentice<NEWLINE>knight in Guardiana...<SPEAKER_BREAK>"
1113,"rotdd",0x00192C58,"Soldier: Someone trustworthy<NEWLINE>must speak on your behalf.<PAGE_BREAK>I'm sure there was someone in<NEWLINE>town who was an apprentice<NEWLINE>knight in Guardiana...<PAGE_BREAK>You should talk to him.<SPEAKER_BREAK>"
1114,"rotdd",0x00192CF9,"Soldier: Hey! Stranger!<NEWLINE>Stop hanging around here!<SPEAKER_BREAK>"
1115,"rotdd",0x00192D2C,"Soldier: Thanks!<NEWLINE>You saved the castle!<SPEAKER_BREAK>"
1116,"rotdd",0x00192D54,"Soldier: We obviously<NEWLINE>have more work to do...<SPEAKER_BREAK>"
1117,"rotdd",0x00192D83,"Maid: Have you seen Khris<NEWLINE>recently?<SPEAKER_BREAK>"
1118,"rotdd",0x00192DA8,"Maid: I thought so. She's<NEWLINE>travelling with you, isn't<NEWLINE>she?<PAGE_BREAK>A journey to distant lands...<05><NEWLINE>How romantic!<SPEAKER_BREAK>"
1119,"rotdd",0x00192E10,"Maid: Oh! Really?<NEWLINE>She said she was leaving<NEWLINE>the castle to go with you.<PAGE_BREAK>I see.<05><NEWLINE>It must have just been an<NEWLINE>excuse to stop working here.<SPEAKER_BREAK>"
1120,"rotdd",0x00192E96,"Khris' relative: This<NEWLINE>is preposterous! How can<NEWLINE>Khris leave the castle?!<PAGE_BREAK>And I treated her so well!<NEWLINE>What more does she want?!<SPEAKER_BREAK>"
1121,"rotdd",0x00192F14,"Soldier: Watching you fight<NEWLINE>inspired me. I'm not gonna<NEWLINE>just sit around anymore!<SPEAKER_BREAK>"
1122,"rotdd",0x00192F65,"Soldier: Good job, <PLAYER_NAME>.<PAGE_BREAK>We'll be on guard from now on!<SPEAKER_BREAK>"
1123,"rotdd",0x00192F9B,"Soldier: Before you set off<NEWLINE>on your way, talk to the<NEWLINE>townspeople.<PAGE_BREAK>They may know something<NEWLINE>useful.<SPEAKER_BREAK>"
1124,"rotdd",0x00192FFE,"Bar owner: Well, I hope you're<NEWLINE>proud of yourself!<NEWLINE>My business is ruined...<SPEAKER_BREAK>"
1125,"rotdd",0x0019304A,"Knight: I'm ashamed.<NEWLINE>Just hearing the name <QUOTE>Kane<QUOTE><NEWLINE>made me so afraid...<PAGE_BREAK>The King might seem weak,<NEWLINE>but he acted for our sake.<NEWLINE>Please try to understand!<SPEAKER_BREAK>"
1126,"rotdd",0x001930E1,"Knight: Forgive me!<05><NEWLINE>I, too, allowed myself<NEWLINE>to be bullied!<SPEAKER_BREAK>"
1127,"rotdd",0x0019311D,"Old Man: Kane said<NEWLINE>something that's been<NEWLINE>bothering me...<PAGE_BREAK><QUOTE>Dark Dragon wakes soon<QUOTE>...<05><NEWLINE>I'm sure Kane's looking for<NEWLINE>the Legacy of the Gods...<PAGE_BREAK>That and Dark Dragon...<05><NEWLINE>What could the connection be?!<05><NEWLINE>Do you know of the dragon?<SPEAKER_BREAK>"
1128,"rotdd",0x001931FE,"Old Man: You do? Scary, eh?<SPEAKER_BREAK>"
1129,"rotdd",0x0019321B,"Old Man: Dark Dragon<NEWLINE>is a terrifying beast that<NEWLINE>sleeps deep under Rune.<PAGE_BREAK>If Dark Dragon awakes, it<NEWLINE>will be the end of the world.<05><NEWLINE>That is what legends say.<SPEAKER_BREAK>"
1130,"rotdd",0x001932B7,"King of Alterone: I never<NEWLINE>dreamt that it would come<NEWLINE>to this...<PAGE_BREAK>I did what they said because<NEWLINE>I thought that it would be<NEWLINE>best for my people.<PAGE_BREAK>And yet, they still tried to<NEWLINE>drag the castle and Alterone<NEWLINE>into war...<PAGE_BREAK>I'm sorry. <02>Can you forgive me?<SPEAKER_BREAK>"
1131,"rotdd",0x001933A9,"Oh! Really?<05><NEWLINE>Then, I will lend you all the<NEWLINE>fighting power of my country!<PAGE_BREAK>Well, I wish I could offer you<NEWLINE>that, but...<PAGE_BREAK>I spent too much money on<NEWLINE>luxuries, and now there are<NEWLINE>no decent weapons left.<PAGE_BREAK>It's not much, but I had an<NEWLINE>underground passage built<NEWLINE>to Rindo. You may use it.<PAGE_BREAK>It seems that Runefaust's<NEWLINE>army is headed for Rindo.<PAGE_BREAK>They'll probably go back to<NEWLINE>Runefaust by boat from there.<PAGE_BREAK>Oh yes, that's right...<NEWLINE>The entrance to the passage...<PAGE_BREAK>It's next to the waterfall in<NEWLINE>this castle. Look for<NEWLINE>the dragon statue.<SPEAKER_BREAK>"
1132,"rotdd",0x001935A9,"King of Alterone: Oh...<05><NEWLINE>...You won't forgive me?<05><NEWLINE>I suppose it's to be expected.<SPEAKER_BREAK>"
1133,"rotdd",0x001935FC,"King of Alterone: You want to<NEWLINE>know of the Legacy of the Gods<NEWLINE>and the Gate of the Ancients?<PAGE_BREAK>In that case, you should visit<NEWLINE>Manarina after Rindo.<PAGE_BREAK>The Great Mage Otrant of<NEWLINE>Manarina is sure to know<NEWLINE>something. <PAGE_BREAK>Did you find the passage yet?<NEWLINE>Look for the dragon statue<NEWLINE>near the waterfall.<SPEAKER_BREAK>"
1134,"rotdd",0x00193718,"Soldier: When you're in<NEWLINE>Rindo, you should visit<NEWLINE>the playhouse.<PAGE_BREAK>I hear a really interesting<NEWLINE>show just started there.<SPEAKER_BREAK>"
1135,"rotdd",0x0019378D,"Maid: Are you heading for<NEWLINE>Rindo now? Rindo has a<NEWLINE>circus, you know!<SPEAKER_BREAK>"
1136,"rotdd",0x001937D1,"Soldier: Runefaust's army?<05><NEWLINE>For such a small country,<NEWLINE>they sure became powerful!<PAGE_BREAK>I wonder what on earth<NEWLINE>happened?<SPEAKER_BREAK>"
1137,"rotdd",0x00193844,"Soldier: There's a mighty<NEWLINE>general in Runefaust's<NEWLINE>army named Elliot.<PAGE_BREAK>He's a Dragonewt, one of<NEWLINE>the few left of his kind.<NEWLINE>They are a strong race.<SPEAKER_BREAK>"
1138,"rotdd",0x001938D4,"Young Man:<NEWLINE>Welcome to Alterone, stranger!<SPEAKER_BREAK>"
1139,"rotdd",0x001938FF,"Man: A Runefaust invasion,<NEWLINE>you say? They'd never come<NEWLINE>all this way!<SPEAKER_BREAK>"
1140,"rotdd",0x00193944,"Girl: Are you from Guardiana?<05><NEWLINE>A man who used to be a knight<NEWLINE>there is working at the inn.<SPEAKER_BREAK>"
1141,"rotdd",0x0019399F,"Old Woman: People say there's<NEWLINE>a secret passage in the castle<NEWLINE>that the King had built.<PAGE_BREAK>Obviously, if anything<NEWLINE>happens, he just wants to<NEWLINE>save himself. <02>How selfish!<SPEAKER_BREAK>"
1142,"rotdd",0x00193A43,"Mishaela: I am the famous<NEWLINE>fortune teller, Mishaela.<05><NEWLINE>Want to see your future?<SPEAKER_BREAK>"
1143,"rotdd",0x00193A92,"Mishaela: The road northwards<NEWLINE>to Rindo and Manarina...<05><NEWLINE>A large force gathers there.<PAGE_BREAK>The knights of Runefaust...<05><NEWLINE>You do not have the strength<NEWLINE>to defeat them.<PAGE_BREAK>I see no Light in your<NEWLINE>future. <02>You should<NEWLINE>end your journey now.<SPEAKER_BREAK>"
1144,"rotdd",0x00193B73,"Mishaela: Well, people aren't<NEWLINE>always what they seem.<05><NEWLINE>So long, coward!<SPEAKER_BREAK>"
1145,"rotdd",0x00193BBB,"Lovestruck Man: That fortune<NEWLINE>teller's a real beauty...<05><NEWLINE>She's exactly my type.<PAGE_BREAK>She looks a bit pale,<NEWLINE>but I don't mind...<SPEAKER_BREAK>"
1146,"rotdd",0x00193C35,"Merchant: Huh?<NEWLINE>Hey, aren't you...<05><NEWLINE><PLAYER_NAME>?<SPEAKER_BREAK>"
1147,"rotdd",0x00193C5C,"Merchant: So, it IS you!<05><NEWLINE>Until recently, I was training<NEWLINE>to be a knight in Guardiana.<PAGE_BREAK>But, I just wasn't cut out for<NEWLINE>it. <02>So, I gave up and started<NEWLINE>a business here instead.<PAGE_BREAK>You're Varios' pupil, aren't<NEWLINE>you? How is everyone?<05><NEWLINE>What's that you say?<PAGE_BREAK>The knights were annihilated?<05><NEWLINE>I see. I'll go to the castle<NEWLINE>and try to get you some help.<SPEAKER_BREAK>"
1148,"rotdd",0x00193DAD,"Merchant: Huh? That's weird.<05><NEWLINE>I could have sworn that<NEWLINE>I recognized you...<SPEAKER_BREAK>"
1149,"rotdd",0x00193DF8,"Merchant: I can't just sit<NEWLINE>here! I'm getting my things<NEWLINE>and going back to Guardiana.<SPEAKER_BREAK>"
1150,"rotdd",0x00193E4D,"Customer: Don't they have<NEWLINE>anything nicer?<NEWLINE>A gold purse for instance?<SPEAKER_BREAK>"
1151,"rotdd",0x00193E93,"Customer: I hate this shop.<NEWLINE>Full of tacky tourist<NEWLINE>souvenirs!<SPEAKER_BREAK>"
1152,"rotdd",0x00193ED1,"Old Woman: Look at this!<NEWLINE>My gold false tooth!<05><NEWLINE>Dazzling, isn't it?<SPEAKER_BREAK>"
1153,"rotdd",0x00193F15,"Item seller: No place easier<NEWLINE>than here to do business! They<NEWLINE>just love expensive things.<SPEAKER_BREAK>"
1154,"rotdd",0x00193F6E,"Old Man: This land was poor<NEWLINE>once. But then, crystals<NEWLINE>were found in the mountains.<PAGE_BREAK>And the money rolled in. <02>It's<NEWLINE>nice that everyone's rich,<NEWLINE>but it doesn't seem right...<SPEAKER_BREAK>"
1155,"rotdd",0x00194018,"Fisherman: Ahh, fishing.<NEWLINE>It's a nice distraction from<NEWLINE>the problem of <PAGE_BREAK>having too much money.<NEWLINE>Oh! <02>Oh oh oh!<05><NEWLINE>I think I got a bite!<PAGE_BREAK>Hey, would you mind standing<NEWLINE>behind me and pulling?<NEWLINE>This is a big'un!<SPEAKER_BREAK>"
1156,"rotdd",0x001940E2,"Fisherman: Yep, a big one!<NEWLINE>Pull one more time, will you?<SPEAKER_BREAK>"
1157,"rotdd",0x0019411C,"Fisherman: One more time!<SPEAKER_BREAK>"
1158,"rotdd",0x00194137,"Fisherman: That's it! Got 'em!<SPEAKER_BREAK>"
1159,"rotdd",0x00194157,"Fisherman: Huh? <02>It's just<NEWLINE>a gold bar. Worthless!<NEWLINE>I thought I got rid of it!<SPEAKER_BREAK>"
1160,"rotdd",0x001941B6,"<NEWLINE>I'm not giving up<NEWLINE>until I catch a fish.<SPEAKER_BREAK>"
1161,"rotdd",0x001941E0,"Fisherman:<NEWLINE>Here, fishee fishee<NEWLINE>fishee...<SPEAKER_BREAK>"
1162,"rotdd",0x0019420A,"Old Man: Hey! You're not<NEWLINE>allowed here! This's my<NEWLINE>land! I'm building a mansion.<SPEAKER_BREAK>"
1163,"rotdd",0x0019425A,"Woman: It's a bit odd, all<NEWLINE>these strangers coming and<NEWLINE>going at the castle lately.<SPEAKER_BREAK>"
1164,"rotdd",0x001942AD,"Laid-back Man: The King is<NEWLINE>a fool. He had a <QUOTE>secret<NEWLINE>passage<QUOTE> built, but...<PAGE_BREAK>everyone knows about it!<NEWLINE>It's no secret at all!<SPEAKER_BREAK>"
1165,"rotdd",0x00194329,"Priest's Deputy: The Priest's<NEWLINE>been summoned to the castle.<05><NEWLINE>I always wanted to stand here!<SPEAKER_BREAK>"
1166,"rotdd",0x00194385,"Lovesick Man: There's a girl<NEWLINE>named Khris at the castle...<05><NEWLINE>Oh! <02>How I love her...<PAGE_BREAK>But, lately she hasn't come<NEWLINE>out. I wonder if something's<NEWLINE>happened inside the castle...<SPEAKER_BREAK>"
1167,"rotdd",0x0019442F,"Old Woman: Something's going<NEWLINE>on in the castle, I tell you.<05><NEWLINE>Lots of strangers around...<SPEAKER_BREAK>"
1168,"rotdd",0x00194488,"Lonely Old Man: Money makes<NEWLINE>the world go round, youngster.<NEWLINE>Don't you forget it!<SPEAKER_BREAK>"
1169,"rotdd",0x001944D9,"Woman: Watch out!<NEWLINE>Don't get mud on my<NEWLINE>beautiful new dress!<SPEAKER_BREAK>"
1170,"rotdd",0x00194515,"Woman: My... <02>My new<NEWLINE>dress is covered with mud!<05><NEWLINE>You clumsy oaf!<SPEAKER_BREAK>"
1171,"rotdd",0x00194557,"Woman: Ah! My new dress!<NEWLINE>I won't forgive you for this!<05><NEWLINE>Ever!<SPEAKER_BREAK>"
1172,"rotdd",0x00194596,"Soldier: You! Who are you?!<NEWLINE>Get outta here! Go!<SPEAKER_BREAK>"
1173,"rotdd",0x001945C7,"Young Man:<NEWLINE>Thanks so much for what you<NEWLINE>did to help Alterone!<SPEAKER_BREAK>"
1174,"rotdd",0x00194605,"Man: So, it seems the rumors<NEWLINE>of a Runefaust invasion<NEWLINE>weren't a joke after all...<SPEAKER_BREAK>"
1175,"rotdd",0x00194657,"Girl: Thank you. You're<NEWLINE>the ones who drove away<NEWLINE>Runefaust's army, right?<SPEAKER_BREAK>"
1176,"rotdd",0x001946A1,"Old Woman: Thanks to the<NEWLINE>King's secret passage, you<NEWLINE>managed to escape, huh?<PAGE_BREAK>I suppose even he<NEWLINE>has his uses...<05><NEWLINE>Ha ha ha.<SPEAKER_BREAK>"
1177,"rotdd",0x0019471B,"Lovestruck Man: That<NEWLINE>fortune teller disappeared.<05><NEWLINE>I wonder where she went?<SPEAKER_BREAK>"
1178,"rotdd",0x00194767,"Man from Guardiana: I'm<NEWLINE>returning to Guardiana. I<NEWLINE>must do what I can to help.<SPEAKER_BREAK>"
1179,"rotdd",0x001947B6,"Customer: So, you're the ones<NEWLINE>who helped us?<05><NEWLINE>You don't look very strong.<SPEAKER_BREAK>"
1180,"rotdd",0x00194801,"Customer: While you're at it,<NEWLINE>why not go to Manarina?<NEWLINE>It's to the west of Rindo.<PAGE_BREAK>People say that they use magic<NEWLINE>there all the time, so you'll<NEWLINE>probably find a great mage!<SPEAKER_BREAK>"
1181,"rotdd",0x001948AC,"Old Woman: Thank you for<NEWLINE>saving our country.<05><NEWLINE>Here's a gold...<PAGE_BREAK>...tooth for you to look at!<05><NEWLINE>Ooh! Dazzling!<SPEAKER_BREAK>"
1182,"rotdd",0x00194919,"Item seller: Ah! I was scared!<NEWLINE>The fighting started<NEWLINE>totally out of the blue!<SPEAKER_BREAK>"
1183,"rotdd",0x00194967,"Old Man: We'll help rebuild<NEWLINE>Guardiana. Worry not,<NEWLINE>and continue your journey.<SPEAKER_BREAK>"
1184,"rotdd",0x001949B5,"Old Man: What! War?!<05><NEWLINE>And I thought that peace in<NEWLINE>this land would last forever.<SPEAKER_BREAK>"
1185,"rotdd",0x00194A06,"Woman: Goodness!<NEWLINE>You fought Runefaust's<NEWLINE>army!<PAGE_BREAK>Wouldn't want to run into<NEWLINE>them on a dark night!<SPEAKER_BREAK>"
1186,"rotdd",0x00194A65,"Man: I won't let<NEWLINE>Runefaust get away with this!<NEWLINE>I'll help you out!<PAGE_BREAK>What? Right now?<05><NEWLINE>Uh, can you wait<NEWLINE>10 years or so?<SPEAKER_BREAK>"
1187,"rotdd",0x00194ADB,"Deputy Priest: The priest<NEWLINE>is back safe and sound. <02>But,<NEWLINE>now I'm just deputy again.<SPEAKER_BREAK>"
1188,"rotdd",0x00194B2F,"Priest: Ah, the good <PLAYER_NAME>!<NEWLINE>Do you remember me? I'm the<NEWLINE>priest you met in jail.<PAGE_BREAK>Thanks to you, peace was<NEWLINE>restored in Alterone. I'm<NEWLINE>behind you all the way!<SPEAKER_BREAK>"
1189,"rotdd",0x00194BC7,"Thanks to you, peace was<NEWLINE>restored in Alterone. I'm<NEWLINE>behind you all the way!<SPEAKER_BREAK>"
1190,"rotdd",0x00194C13,"Lovesick Man: Ah! Khris is<NEWLINE>leaving on a journey! <02>And<NEWLINE>I never had a chance to...<PAGE_BREAK>Perhaps it's not meant to be.<NEWLINE>I don't need this anymore...<NEWLINE>Here, you take it.<SPEAKER_BREAK>"
1191,"rotdd",0x00194CCD," What can I do<NEWLINE>to lift my spirits...?<PAGE_BREAK>... Khris!<05><NEWLINE>No! I have to get that name<NEWLINE>out of my head...<SPEAKER_BREAK>"
1192,"rotdd",0x00194D2E,"Old Woman: I overheard<NEWLINE>the knights of Runefaust.<NEWLINE>They're headed to Rindo.<PAGE_BREAK>I wonder what they want there?<SPEAKER_BREAK>"
1193,"rotdd",0x00194D98,"Lonely Old Man: Rindo is just<NEWLINE>like here. Money is the be all<NEWLINE>and end all. Remember that.<SPEAKER_BREAK>"
1194,"rotdd",0x00194DF2,"Woman: My dress is filthy.<NEWLINE>I tripped when I was running<NEWLINE>away.<SPEAKER_BREAK>"
1195,"rotdd",0x00194E31,"Woman: I don't care!<NEWLINE>My dress was already dirty!<SPEAKER_BREAK>"
1196,"rotdd",0x00194E63,"Soldier: Welcome to<NEWLINE>Guardiana Castle!<SPEAKER_BREAK>"
1197,"rotdd",0x00194E8A,"Welcome to<NEWLINE>Guardiana Castle!<SPEAKER_BREAK>"
1198,"rotdd",0x00194EA8,"Soldier: This is the knights'<NEWLINE>training ground. You'd<NEWLINE>better not get too close...<PAGE_BREAK>Those guys really don't like<NEWLINE>you at all. <02>I mean, we're<NEWLINE>on your side, of course...<SPEAKER_BREAK>"
1199,"rotdd",0x00194F4D,"Knight: Yaah! Take that!<NEWLINE>And that! And this too!<05><NEWLINE>Phew, training is tiring work.<SPEAKER_BREAK>"
1200,"rotdd",0x00194F9F,"Knight: Haaah! Urrghhh!<05><NEWLINE>I'm just trying to decide<NEWLINE>on my battle cries...<SPEAKER_BREAK>"
1201,"rotdd",0x00194FE9,"Knight: Yaah! Take that!<05><NEWLINE>I heard a rumor from a<NEWLINE>travelling merchant.<PAGE_BREAK>He said that Runefaust<NEWLINE>forces are planning to attack.<05><NEWLINE>But, it was just a rumor...<SPEAKER_BREAK>"
1202,"rotdd",0x00195083,"Knight: Hey! Whaddya want?<NEWLINE>You have no place here!<PAGE_BREAK>Get out of here!<SPEAKER_BREAK>"
1203,"rotdd",0x001950C8,"Knight: Some of the knights<NEWLINE>can be rather rude. I'm very<NEWLINE>sorry...<PAGE_BREAK>A knight's pride can make him<NEWLINE>get carried away at times...<SPEAKER_BREAK>"
1204,"rotdd",0x00195146,"Knight: Wars are few nowadays.<05><NEWLINE>I wonder if knights like us<NEWLINE>are of any use anymore...?<SPEAKER_BREAK>"
1205,"rotdd",0x0019519E,"Knight: Hey! What are you up<NEWLINE>to? This is Guardiana Castle.<NEWLINE>You can't hang around here.<SPEAKER_BREAK>"
1206,"rotdd",0x001951F6,"Knight: I heard it with my own<NEWLINE>ears! <02>You're going to be<NEWLINE>given a great mission.<PAGE_BREAK>What on earth are the King<NEWLINE>and Lord Varios thinking?!<05><NEWLINE>I can't understand it...<SPEAKER_BREAK>"
1207,"rotdd",0x00195297,"Knight: What on earth are the<NEWLINE>King and Lord Varios thinking?<SPEAKER_BREAK>"
1208,"rotdd",0x001952D5,"Minister: I've served<NEWLINE>the King ever since<NEWLINE>he was a child...<PAGE_BREAK>And yet he won't tell me a<NEWLINE>thing! <02>How sad...<PAGE_BREAK>I've heard rumors that he's<NEWLINE>troubled by something. Do you<NEWLINE>know anything about it?<SPEAKER_BREAK>"
1209,"rotdd",0x00195392,"Minister: Well! You<NEWLINE>youngsters think<NEWLINE>you know everything!<SPEAKER_BREAK>"
1210,"rotdd",0x001953CD,"I thought as much... <02>Maybe<NEWLINE>the Gate of the Ancients-<05><NEWLINE>Um, nothing. Never mind.<SPEAKER_BREAK>"
1211,"rotdd",0x0019541E,"Sentry: Guarding treasure is<NEWLINE>awful. I get really nervous...<05><NEWLINE>I want to switch posts...<PAGE_BREAK>Sorry? What kind of treasure?<NEWLINE>Only Minister Ward knows that.<SPEAKER_BREAK>"
1212,"rotdd",0x001954B3,"Even the King doesn't know<NEWLINE>what's in here.<05><NEWLINE>At least, supposedly...<SPEAKER_BREAK>"
1213,"rotdd",0x001954F8,"Maid: This's Anri's room. But,<NEWLINE>the Princess is in Manarina.<05><NEWLINE>Do you know of Manarina?<SPEAKER_BREAK>"
1214,"rotdd",0x0019554F,"Maid: Wow! You're very clever!<NEWLINE>I like clever people!<SPEAKER_BREAK>"
1215,"rotdd",0x00195585,"Maid: Manarina is the land of<NEWLINE>many amazing mages.<NEWLINE>It's a kind of mage nation!<PAGE_BREAK>Princess Anri has had magical<NEWLINE>talents since she was a child,<NEWLINE>so she's studying there.<PAGE_BREAK>When she comes back, she'll<NEWLINE>open a magic school here.<05><NEWLINE>How wonderful!<SPEAKER_BREAK>"
1216,"rotdd",0x00195670,"Maid: Oh! It's so annoying!<05><NEWLINE>You think so too, right?<NEWLINE>Right? Right?<SPEAKER_BREAK>"
1217,"rotdd",0x001956B5,"Maid: Exactly! Very annoying!<05><NEWLINE>There's this girl called Tao.<NEWLINE>She was a new maid here.<PAGE_BREAK>But, she had magical skills.<NEWLINE>She studied with Princess Anri,<NEWLINE>and now she's the castle mage.<PAGE_BREAK>And I'm still just a maid...<05><NEWLINE>I'm getting sick of all<NEWLINE>this work!<SPEAKER_BREAK>"
1218,"rotdd",0x001957A9,"Maid: ...Charming!<05><NEWLINE>I haven't even told you<NEWLINE>about it yet.<SPEAKER_BREAK>"
1219,"rotdd",0x001957E4,"Old Man: The view from the top<NEWLINE>of this tower is fantastic!<05><NEWLINE>You can see for miles.<PAGE_BREAK>Huh? The bottom of the tower?<05><NEWLINE>Hmm, I don't really know about<NEWLINE>the room down there.<SPEAKER_BREAK>"
1220,"rotdd",0x0019588B,"Mage: You're interested in<NEWLINE>this room? <02>No need to hide it.<NEWLINE>Everyone's the same.<PAGE_BREAK>But, I don't know much about<NEWLINE>it. <02>All I know is that this<NEWLINE>here is called <QUOTE>Machine<QUOTE>.<PAGE_BREAK>The mages in Manarina might<NEWLINE>know more...<SPEAKER_BREAK>"
1221,"rotdd",0x00195959,"Mage: Machine...<05><NEWLINE>A mysterious, ancient item<NEWLINE>from the time of the gods.<SPEAKER_BREAK>"
1222,"rotdd",0x001959A2,"Old Man at Lookout Tower:<NEWLINE>Mmm, what's this?<05><NEWLINE>Oh, good lord!<SPEAKER_BREAK>"
1223,"rotdd",0x001959DF,"Old Man: Oh, it's you! Sorry,<NEWLINE>I was so caught up in this<NEWLINE>telescope, I didn't see you!<PAGE_BREAK>This is my greatest invention<NEWLINE>yet. It lets you see faraway<NEWLINE>things! <02>By the way,<PAGE_BREAK>soldiers are gathering near<NEWLINE>the Gate of the Ancients. <05><NEWLINE>I wonder what they're up to?<SPEAKER_BREAK>"
1224,"rotdd",0x00195ADB,"Old Man at Lookout Tower:<NEWLINE>What's going on at the gate?<05><NEWLINE>We could be in trouble if...<SPEAKER_BREAK>"
1225,"rotdd",0x00195B41,"Sentry: Forget it.<NEWLINE>You can't just push your<NEWLINE>way in here! Get out!<SPEAKER_BREAK>"
1226,"rotdd",0x00195B84,"Sentry: About a year ago,<NEWLINE>Minister Ward ordered security<NEWLINE>here to be stepped up.<PAGE_BREAK>I reckon he got hold of<NEWLINE>a new treasure and wanted<NEWLINE>to protect it.<SPEAKER_BREAK>"
1227,"rotdd",0x00195C16,"Maid: What do you want?<NEWLINE>You're in the way of my<NEWLINE>cleaning! I'm very busy!<PAGE_BREAK>The King has a lot on his<NEWLINE>mind. The least I can do is<NEWLINE>tidy his room so he can relax!<SPEAKER_BREAK>"
1228,"rotdd",0x00195CB5,"Maid:  Oh! You're <PLAYER_NAME>?<NEWLINE>So, the King chose you to go<NEWLINE>to the Gate of the Ancients?<PAGE_BREAK>If it will help the King,<NEWLINE>then you must try hard.<05><NEWLINE>But, not too hard.<PAGE_BREAK>Think how sad your mother<NEWLINE>would be if you were hurt.<05><NEWLINE>What? No memory...?<PAGE_BREAK>Oh, I didn't realize...<05><NEWLINE>...Well, anyway, good luck!<SPEAKER_BREAK>"
1229,"rotdd",0x00195DCA,"Maid: There's a mountain hut<NEWLINE>near the Gate of the Ancients.<PAGE_BREAK>If you get tired, you can rest<NEWLINE>there. The old man there<NEWLINE>will help you out.<SPEAKER_BREAK>"
1230,"rotdd",0x00195E52,"Sentry: Warriors prepare for<NEWLINE>battle here at headquarters.<NEWLINE>You need permission to enter.<SPEAKER_BREAK>"
1231,"rotdd",0x00195EAB,"Sentry:<NEWLINE>I've been waiting for you!<05><NEWLINE>Quick! Get inside!<SPEAKER_BREAK>"
1232,"rotdd",0x00195EE3,"Sentry: Good luck,<NEWLINE>Lord <PLAYER_NAME>!<SPEAKER_BREAK>"
1233,"rotdd",0x00195EFF,"Mae: ......<05><NEWLINE>Leave me alone...<05><NEWLINE>I'm busy.<SPEAKER_BREAK>"
1234,"rotdd",0x00195F37,"Mae: <PLAYER_NAME>......<05><NEWLINE>It's not that I dislike you or<NEWLINE>anything, but...<PAGE_BREAK>Since taking sides with you,<NEWLINE>it's been awkward because of<NEWLINE>my father's post in the castle.<PAGE_BREAK>For some reason, Minister Ward<NEWLINE>really hates you.<SPEAKER_BREAK>"
1235,"rotdd",0x00196001,"Mae: Don't come to the castle<NEWLINE>unless you have business here.<NEWLINE>You'll trouble my father.<SPEAKER_BREAK>"
1236,"rotdd",0x00196059,"Minister Ward: <NEWLINE>The Silver Knight,<NEWLINE>the pride of Runefaust.<PAGE_BREAK>The look in his eyes made<NEWLINE>my blood run cold. I was too<NEWLINE>scared to even draw my sword.<PAGE_BREAK><PLAYER_NAME>...<05><NEWLINE>There's something I must<NEWLINE>apologize for.<PAGE_BREAK>The Light Saber that Kane<NEWLINE>stole...<NEWLINE>Well, it belonged to you...<SPEAKER_BREAK>"
1237,"rotdd",0x00196157,"<PLAYER_NAME>:<NEWLINE>Wh-<02>What did you say?<SPEAKER_BREAK>"
1238,"rotdd",0x00196171,"Minister Ward: A year ago,<NEWLINE>when you washed up here, <NEWLINE>a bag washed ashore, too.<PAGE_BREAK>Before Lowe discovered you,<NEWLINE>a knight found the bag. There<NEWLINE>was a strange sword inside.<PAGE_BREAK>It was lighter than a feather,<NEWLINE>but stronger than steel.<NEWLINE>It was a complete mystery.<PAGE_BREAK>I thought it must be a weapon<NEWLINE>of the gods, and so I hid it.<05><NEWLINE>I'm sorry, <PLAYER_NAME>!<SPEAKER_BREAK>"
1239,"rotdd",0x001962B5,"Minister Ward: Please,<NEWLINE>leave the rest to us.<PAGE_BREAK>Do as the King wishes and<NEWLINE>carry out your mission.<05><NEWLINE>That's all I ask.<SPEAKER_BREAK>"
1240,"rotdd",0x00196328,"Soldier: K-K-<02>Kane of Runefaust<NEWLINE>is inside the castle...<05><NEWLINE>The King may be in danger...<SPEAKER_BREAK>"
1241,"rotdd",0x0019637F,"Soldier: Lord <PLAYER_NAME>!<NEWLINE>Good luck!<SPEAKER_BREAK>"
1242,"rotdd",0x0019639C,"Soldier: Enemy knights are<NEWLINE>inside the castle!<NEWLINE>It's hopeless!<SPEAKER_BREAK>"
1243,"rotdd",0x001963DA,"Soldier: I beg of you,<NEWLINE>protect the future of Rune!<SPEAKER_BREAK>"
1244,"rotdd",0x0019640E,"Knight: Argh! This is awful!<NEWLINE>I can't believe all of my men<NEWLINE>have been defeated...<PAGE_BREAK>Please <PLAYER_NAME>!<NEWLINE>I mean, Lord <PLAYER_NAME>!<NEWLINE>Avenge this terrible act!<SPEAKER_BREAK>"
1245,"rotdd",0x00196494,"Minister: I see. The King...<05><NEWLINE>I can't believe he has gone<NEWLINE>to heaven before me...<PAGE_BREAK>No! This is no time for tears!<05><NEWLINE>Please go to Alterone.<NEWLINE>There you will find allies.<SPEAKER_BREAK>"
1246,"rotdd",0x00196539,"Girl: Aaaaah! Aaaah!<NEWLINE>I was so scared.<05><NEWLINE>My dream... <02>It came true!<SPEAKER_BREAK>"
1247,"rotdd",0x0019657C,"Woman: I hope my husband's<NEWLINE>OK. <02>He stayed behind<NEWLINE>to protect the house.<SPEAKER_BREAK>"
1248,"rotdd",0x001965C4,"Maid: In your travels,<NEWLINE>you may end up in<NEWLINE>Manarina, right?<SPEAKER_BREAK>"
1249,"rotdd",0x001965FF,"Maid: Ah, I thought as much!<NEWLINE>You should find Princess Anri.<PAGE_BREAK>I'm sure that she'll be<NEWLINE>of great help to you.<SPEAKER_BREAK>"
1250,"rotdd",0x0019666A,"Maid: Really? What a shame...<SPEAKER_BREAK>"
1251,"rotdd",0x00196689,"Maid: You're going on a trip?<05><NEWLINE>To protect lots of countries,<NEWLINE>not just Guardiana...<PAGE_BREAK>Tao's going too, right? Then<NEWLINE>give her this message...<PAGE_BREAK>Tell her I said good luck.<05><NEWLINE>And to come home safe.<SPEAKER_BREAK>"
1252,"rotdd",0x00196746,"Now, don't push Tao<NEWLINE>too hard, OK?<SPEAKER_BREAK>"
1253,"rotdd",0x00196769,"Maid: I heard about the King.<05><NEWLINE>Please be careful during<NEWLINE>your travels.<PAGE_BREAK>No drinking unboiled water...<05><NEWLINE>Well, just be careful, OK?<05><NEWLINE>I won't forget you.<SPEAKER_BREAK>"
1254,"rotdd",0x001967FF,"Mage: The Legacy of the Gods?<05><NEWLINE>Ask the old man at the church<NEWLINE>about that. He'll know.<PAGE_BREAK>Long ago he used to work<NEWLINE>as a mercenary. He travelled<NEWLINE>across much of Rune.<SPEAKER_BREAK>"
1255,"rotdd",0x001968A0,"Watchtower Man: Blasted<NEWLINE>telescope! What use is it<NEWLINE>if I couldn't spot the<PAGE_BREAK>Runefaust army with it?<NEWLINE>I'll have to rely on the old<NEWLINE>eyes from now on...<SPEAKER_BREAK>"
1256,"rotdd",0x00196933,"Sentry: Kane made off with<NEWLINE>something from the treasury.<05><NEWLINE>...He seemed really anxious.<PAGE_BREAK>I wonder what he could<NEWLINE>have taken...<SPEAKER_BREAK>"
1257,"rotdd",0x001969AF,"Sentry: There are still a few<NEWLINE>things left. Please take<NEWLINE>whatever you need.<SPEAKER_BREAK>"
1258,"rotdd",0x001969FA,"Priest: Ah, Lord <PLAYER_NAME>!<05><NEWLINE>I had an odd dream last night.<05><NEWLINE>Can you guess what it was?<SPEAKER_BREAK>"
1259,"rotdd",0x00196A4B,"Priest: Yes, Lord <PLAYER_NAME>!<05><NEWLINE>That's right. I dreamt about<NEWLINE>the first time I met you.<SPEAKER_BREAK>"
1260,"rotdd",0x00196A99,"Priest: Well, I suppose even<NEWLINE>the great Lord <PLAYER_NAME><NEWLINE>can't read people's minds!<PAGE_BREAK>I had a dream about the first<NEWLINE>time I met you.<SPEAKER_BREAK>"
1261,"rotdd",0x00196B11,"Lowe, an apprentice here,<NEWLINE>found you lying on the beach.<05><NEWLINE>That was a year ago now...<PAGE_BREAK>You'd lost your memory.<NEWLINE>I think it was fate that you<NEWLINE>came here.<SPEAKER_BREAK>"
1262,"rotdd",0x00196BA6,"Priest: You seem anxious <NEWLINE>about Lord Varios, so why<NEWLINE>don't you go to the castle?<PAGE_BREAK>There may be something<NEWLINE>you can do to help him.<SPEAKER_BREAK>"
1263,"rotdd",0x00196C26,"Priest: You're going to the<NEWLINE>Gate of the Ancients?! <02>Well,<NEWLINE>if your mind's made up...<PAGE_BREAK>I bestow these words upon you.<05><NEWLINE>...May the Light be with you.<05><NEWLINE>I pray it gives you strength.<SPEAKER_BREAK>"
1264,"rotdd",0x00196CD8,"Woman: My helper's getting<NEWLINE>so forgetful. At his age, I<NEWLINE>suppose it can't be helped.<SPEAKER_BREAK>"
1265,"rotdd",0x00196D2C,"Helper: You know, there's no<NEWLINE>need to worry about having<NEWLINE>lost your memory.<PAGE_BREAK>It happens to us all. Happy<NEWLINE>things and sad things... We<NEWLINE>forget it all once we get old.<SPEAKER_BREAK>"
1266,"rotdd",0x00196DCE,"Soldier: I want to take sword<NEWLINE>lessons from Lord Varios!<05><NEWLINE>Well, I'd like to, but...<PAGE_BREAK>I'm so busy guarding the<NEWLINE>church, there's just no time.<05><NEWLINE>I envy you, <PLAYER_NAME>!<SPEAKER_BREAK>"
1267,"rotdd",0x00196E69,"Man: Guardiana's a great land.<NEWLINE>It's green, the water's clean.<05><NEWLINE>Gotta love the countryside!<SPEAKER_BREAK>"
1268,"rotdd",0x00196EC5,"Girl: Guardiana Castle is up<NEWLINE>ahead. It's small, but it has<NEWLINE>a great history.<PAGE_BREAK>And, people say it contains<NEWLINE>an amazing treasure.<05><NEWLINE>Maybe it's some kind of jewel?<SPEAKER_BREAK>"
1269,"rotdd",0x00196F63,"Mother: My daughter's behaving<NEWLINE>a bit strangely lately.<NEWLINE>Whatever could be the matter?<SPEAKER_BREAK>"
1270,"rotdd",0x00196FB9,"Girl: Waah <02>Waaah...<05><NEWLINE>I had a really scary dream.<PAGE_BREAK>The town, everyone, burning...<05><NEWLINE>Houses. People. Everything.<05><NEWLINE>It was so scary!<SPEAKER_BREAK>"
1271,"rotdd",0x0019703A,"Father: My wife's worried<NEWLINE>about our daughter. I'm not<NEWLINE>all that concerned, though.<PAGE_BREAK>Married life has so many<NEWLINE>worries! <02>I'd stay free and<NEWLINE>single if I were you!<SPEAKER_BREAK>"
1272,"rotdd",0x001970D8,"Old Man: You know, I'd like to<NEWLINE>go to Manarina. Yeah. There I<NEWLINE>could, er, do some studying...<PAGE_BREAK>I could become a great mage!<05><NEWLINE>Just like the Princess!<SPEAKER_BREAK>"
1273,"rotdd",0x0019716B,"Shopkeeper: Come in! Come in!<NEWLINE>What is it you're looking for?<05><NEWLINE>No, don't tell me.<PAGE_BREAK>We've been at peace,<NEWLINE>so no one's buying any weapons<NEWLINE>or travel items anymore.<PAGE_BREAK>...Ah, I wish I'd never<NEWLINE>bothered opening a shop!<SPEAKER_BREAK>"
1274,"rotdd",0x0019723B,"Shopkeeper: But, listening to<NEWLINE>me complain won't help you,<NEWLINE>so here's a piece of advice...<PAGE_BREAK>If you buy an item that can<NEWLINE>be equipped, make sure you<NEWLINE>remember to equip it.<PAGE_BREAK>If you don't do that,<NEWLINE>it won't have any effect<NEWLINE>at all. What a waste!<SPEAKER_BREAK>"
1275,"rotdd",0x00197327,"Shop Assistant: My boss has no<NEWLINE>motivation anymore. If it's<NEWLINE>items you want, I can help.<SPEAKER_BREAK>"
1276,"rotdd",0x0019737F,"Cowardly Man: Aaaargh! No! No!<NEWLINE>I didn't see anything! Honest!<NEWLINE>Spare me...  <02>Oh!<PAGE_BREAK>I thought you were goblins,<NEWLINE>like those I've seen on the<NEWLINE>road to the gate.<PAGE_BREAK>I'm not leaving town<NEWLINE>while those things are<NEWLINE>out there!<SPEAKER_BREAK>"
1277,"rotdd",0x00197451,"Cowardly Man: Aaaargh!<05><NEWLINE>...Oh! It's you again!<SPEAKER_BREAK>"
1278,"rotdd",0x00197481,"Cowardly Man: Aaaargh!<05><NEWLINE>...Are you deliberately trying<NEWLINE>to scare me?!<SPEAKER_BREAK>"
1279,"rotdd",0x001974C7,"Gort: Hey there, youngster!<05><NEWLINE>Want to talk for a bit?<SPEAKER_BREAK>"
1280,"rotdd",0x001974FD,"Gort: Thanks.<05><NEWLINE>You're <PLAYER_NAME>, right?<NEWLINE>Great with a sword, I hear.<PAGE_BREAK>That's why the knights at the<NEWLINE>castle aren't keen on you...<05><NEWLINE>Ha! Don't let them bother you.<PAGE_BREAK>All they care about is their<NEWLINE>own careers. <SPEAKER_BREAK>"
1281,"rotdd",0x001975C0,"Gort: I understand. I had<NEWLINE>things to do when I was your<NEWLINE>age. Perhaps some other time.<SPEAKER_BREAK>"
1282,"rotdd",0x00197616,"Bar owner: Excuse me, sir!<05><NEWLINE>That old man's a pain.<NEWLINE>Just ignore him.<PAGE_BREAK>He disturbs my customers,<NEWLINE>grumbling all the time.<NEWLINE>He's a total nuisance.<SPEAKER_BREAK>"
1283,"rotdd",0x001976A4,"Soldier: Lord <PLAYER_NAME>! <NEWLINE>What an honor!<PAGE_BREAK>I just don't understand why<NEWLINE>you can't become a knight.<NEWLINE>The world's gone mad!<PAGE_BREAK>The knights are all<NEWLINE>jealous of your <NEWLINE>swordsmanship!<SPEAKER_BREAK>"
1284,"rotdd",0x00197747,"Soldier: I hate the Centaurs.<05><NEWLINE>They're so arrogant. They know<NEWLINE>they're stronger than us...<PAGE_BREAK>Ah! Um, don't tell anyone<NEWLINE>I said that.<SPEAKER_BREAK>"
1285,"rotdd",0x001977C9,"Innkeeper: It's really odd.<NEWLINE>I've had no guests at all<NEWLINE>recently.<PAGE_BREAK>This inn was thriving not<NEWLINE>so long ago, but now there's<NEWLINE>not a traveller in sight!<SPEAKER_BREAK>"
1286,"rotdd",0x0019785B,"Hothead: Hey! Whaddya think<NEWLINE>you're doing? You won't get<NEWLINE>away with that again!<SPEAKER_BREAK>"
1287,"rotdd",0x001978AA,"Dog: Woof... WOOF WOOOOF!<SPEAKER_BREAK>"
1288,"rotdd",0x001978C5,"Girl: Grandpa hangs around<NEWLINE>the bar all day... "
1289,"rotdd",0x001978FB,"Mother: Pops used to be<NEWLINE>the best soldier in the land.<05><NEWLINE>Now, he just hangs around.<SPEAKER_BREAK>"
1290,"rotdd",0x0019794E,"Soldier: It doesn't matter<NEWLINE>who you are, I can't let you<NEWLINE>through! Castle orders!<SPEAKER_BREAK>"
1291,"rotdd",0x0019799F,"Soldier: I already heard<NEWLINE>what's going on.<NEWLINE>Please be careful!<SPEAKER_BREAK>"
1292,"rotdd",0x001979DD,"Soldier: Oh, I'm sorry. To be<NEWLINE>honest, I wish I didn't have<NEWLINE>to do this, but...<SPEAKER_BREAK>"
1293,"rotdd",0x00197A2C,"Soldier: Try to avoid danger.<NEWLINE>Sometimes retreating can be<NEWLINE>a wise tactic, you know?<PAGE_BREAK>If you ever need to retreat,<NEWLINE>the Egress spell may come<NEWLINE>in handy.<SPEAKER_BREAK>"
1294,"rotdd",0x00197AC1,"Cart Owner: You there.<NEWLINE>Seen my cart around here?<NEWLINE>It's got no brakes, y'know!<PAGE_BREAK>One little nudge and it<NEWLINE>goes flying!<SPEAKER_BREAK>"
1295,"rotdd",0x00197B34,"Varios: Hmm? Another round?<NEWLINE>Ah ha ha! Now don't go picking<NEWLINE>on an old man like that!<SPEAKER_BREAK>"
1296,"rotdd",0x00197B89,"Soldier: We'll stand guard.<NEWLINE>You take the castle.<NEWLINE>Enemies may still be lurking!<SPEAKER_BREAK>"
1297,"rotdd",0x00197BD9,"Soldier: Is your group still<NEWLINE>outside? I'll have a messenger<NEWLINE>lead them to headquarters.<PAGE_BREAK>Lord <PLAYER_NAME>, please go<NEWLINE>and see how things look at<NEWLINE>the castle... <02>and take care.<SPEAKER_BREAK>"
1298,"rotdd",0x00197C7C,"Innkeeper: Imagine my<NEWLINE>surprise to see soldiers<NEWLINE>in armor all of a sudden!<PAGE_BREAK>They went on a rampage<NEWLINE>here and then headed<NEWLINE>towards the castle.<SPEAKER_BREAK>"
1299,"rotdd",0x00197D06,"Soldier: I've heard scary<NEWLINE>rumors about Runefaust's<NEWLINE>Silver Knight Kane...<PAGE_BREAK>But, he's truly a monster!<05><NEWLINE>We all attacked him at once,<NEWLINE>but it made no difference!<SPEAKER_BREAK>"
1300,"rotdd",0x00197DA4,"Old Man: Oh, it's terrible!<NEWLINE>I tried to fight back, but I<NEWLINE>was just too scared...<PAGE_BREAK>I'm  so useless...<05><NEWLINE>Even if I went to Manarina,<NEWLINE>I doubt I'd learn much...<SPEAKER_BREAK>"
1301,"rotdd",0x00197E3F,"Shopkeeper: Grrrrr! Now I'm<NEWLINE>really angry with those<NEWLINE>Runefaust pigs!<PAGE_BREAK>I've been gathering things<NEWLINE>that may be of use...<05><NEWLINE>Take a look!<SPEAKER_BREAK>"
1302,"rotdd",0x00197EC3,"Shopkeeper: I've been getting<NEWLINE>some useful items together.<05><NEWLINE>Have a look!<SPEAKER_BREAK>"
1303,"rotdd",0x00197F0C,"Shop Assistant: I can't fight.<NEWLINE>But, the boss and I found<NEWLINE>some stuff you could use...<SPEAKER_BREAK>"
1304,"rotdd",0x00197F62,"Bar Owner: <NEWLINE>The Runefaust soldiers even<NEWLINE>stormed my premises|<PAGE_BREAK>I thought I'd be killed...<05><NEWLINE>But, that old guy over there<NEWLINE>drove them out!<SPEAKER_BREAK>"
1305,"rotdd",0x00197FE9,"Father: Oh no! Not again!<NEWLINE>I... <02>I won't run away...<05><NEWLINE>Oh! <02>It's you...<PAGE_BREAK>They attacked my place,<NEWLINE>but I stayed put. I sent my<NEWLINE>family to the castle, though.<PAGE_BREAK>This house is my castle!<NEWLINE>I'll defend it from anyone!<SPEAKER_BREAK>"
1306,"rotdd",0x001980B7,"This house is my castle!<NEWLINE>I'll defend it from anyone!<SPEAKER_BREAK>"
1307,"rotdd",0x001980ED,"Man: Ugh!<NEWLINE>It's been a nightmare!<05><NEWLINE>You should be careful!<SPEAKER_BREAK>"
1308,"rotdd",0x00198127,"Granddaughter: Mummy...<05><NEWLINE>Why...?<05><NEWLINE>This is awful... <02>Too awful...<PAGE_BREAK>I can't believe that even<NEWLINE>Grandpa Gort couldn't do<NEWLINE>anything...<SPEAKER_BREAK>"
1309,"rotdd",0x001981A8,"Dog: Ah-oooh, ah-oooooh!<SPEAKER_BREAK>"
1310,"rotdd",0x001981C2,"Soldier: The church is safe.<05><NEWLINE>H-<02>Huh...? <02>I'm OK.<NEWLINE>This wound is nothing...<SPEAKER_BREAK>"
1311,"rotdd",0x0019820E,"Woman: <PLAYER_NAME>!<NEWLINE>What on earth happened?<05><NEWLINE>What? Runefaust?<PAGE_BREAK>Why on earth did they come<NEWLINE>here from so far away...?<SPEAKER_BREAK>"
1312,"rotdd",0x00198278,"Priest: Oh!<NEWLINE>How good to see you!<NEWLINE>I've been so worried.<SPEAKER_BREAK>"
1313,"rotdd",0x001982B0,"Helper: Welcome back.<NEWLINE>You know, I've been thinking<NEWLINE>a lot about you.<PAGE_BREAK>What was I thinking?<NEWLINE>Ah, it's slipped my mind!<NEWLINE>Ask me some other time.<SPEAKER_BREAK>"
1314,"rotdd",0x0019833C,"Soldier: Good luck,<NEWLINE>Lord <PLAYER_NAME>!<SPEAKER_BREAK>"
1315,"rotdd",0x00198359,"Soldier: We will protect all<NEWLINE>the people of Guardiana!<SPEAKER_BREAK>"
1316,"rotdd",0x00198390,"Innkeeper: Alterone? That<NEWLINE>land lies to the northeast.<PAGE_BREAK>But, it's a horrible country,<NEWLINE>full of snobs. I don't know<NEWLINE>if they'll help you...<SPEAKER_BREAK>"
1317,"rotdd",0x00198418,"Soldier: Alterone is one of<NEWLINE>Guardiana's allied nations.<NEWLINE>They're sure to help you.<PAGE_BREAK>Although it's possible that<NEWLINE>they may also be under attack<NEWLINE>from Runefaust....<02>Right?<SPEAKER_BREAK>"
1318,"rotdd",0x001984BF,"Soldier: Don't let down your<NEWLINE>guard even when you reach<NEWLINE>Alterone. You never know...<SPEAKER_BREAK>"
1319,"rotdd",0x00198513,"Old Man: Why did the Runefaust<NEWLINE>army attack us? There's<NEWLINE>nothing here to steal!<SPEAKER_BREAK>"
1320,"rotdd",0x00198562,"Bar Owner: It seems that<NEWLINE>bunch from Runefaust are<NEWLINE>still on the prowl nearby.<PAGE_BREAK>If you leave town,<NEWLINE>make sure you're prepared.<SPEAKER_BREAK>"
1321,"rotdd",0x001985DE,"Father: We'll defend our land.<05><NEWLINE>Don't you worry. Continue<NEWLINE>your journey. <02>Good luck!<SPEAKER_BREAK>"
1322,"rotdd",0x00198633,"Traveller: I am a traveller.<NEWLINE>What has happened here?!<05><NEWLINE>What? Runefaust?<PAGE_BREAK>But, that's so far east!<NEWLINE>They must have a good<NEWLINE>reason to come so far.<SPEAKER_BREAK>"
1323,"rotdd",0x001986C2,"Dog: Woooof! Woooof!<SPEAKER_BREAK>"
1324,"rotdd",0x001986D8,"Granddaughter: Tell Grandpa<NEWLINE>Gort... <02><QUOTE>I'm behind you<NEWLINE>all the way, so fight hard!<QUOTE><PAGE_BREAK>Here, take this!<SPEAKER_BREAK>"
1325,"rotdd",0x0019873C,"Granddaughter: Tell Grandpa<NEWLINE>Gort... <02><QUOTE>I'm behind you<NEWLINE>all the way, so fight hard!<QUOTE><SPEAKER_BREAK>"
1326,"rotdd",0x0019878F,"Granddaughter: You're going<NEWLINE>off to fight Runefaust, aren't<NEWLINE>you?<PAGE_BREAK>I'm sure that my grandpa Gort<NEWLINE>would love to come along<NEWLINE>with you.<PAGE_BREAK>Go on! Ask him! Please!<SPEAKER_BREAK>"
1327,"rotdd",0x00198829,"Soldier: <PLAYER_NAME>! I'm going<NEWLINE>to follow your example and<NEWLINE>defend this country too!<SPEAKER_BREAK>"
1328,"rotdd",0x00198874,"Woman: I can't believe that<NEWLINE>the King and Lord Varios are<NEWLINE>dead. What will become of us?<PAGE_BREAK>You're the only ones we<NEWLINE>can rely on now!<SPEAKER_BREAK>"
1329,"rotdd",0x001988F5,"Priest: I've figured it out.<05><NEWLINE>You are fated to set<NEWLINE>off on a journey...<PAGE_BREAK>And on that journey you will<NEWLINE>also search for your memory.<05><NEWLINE>...It will be a tough time.<PAGE_BREAK>But, don't lose heart.<05><NEWLINE>The light of hope<NEWLINE>shines on your path!<SPEAKER_BREAK>"
1330,"rotdd",0x001989D3,"Helper: I'm so glad you came<NEWLINE>to see me. Do you want to<NEWLINE>hear something interesting?<SPEAKER_BREAK>"
1331,"rotdd",0x00198A27,"Helper: One year ago, when<NEWLINE>I first saw your face...<05><NEWLINE>I had a very strange feeling.<PAGE_BREAK>Despite your youth, your<NEWLINE>face showed you had<NEWLINE>been on a long journey.<PAGE_BREAK>You are a traveller, and you<NEWLINE>will be making another long<NEWLINE>journey soon.<PAGE_BREAK>You will gain many things from<NEWLINE>this journey. You must set off<NEWLINE>with a brave heart.<PAGE_BREAK>Oh, yeah...<05><NEWLINE>Long ago, I travelled all over<NEWLINE>the continent of Rune.<PAGE_BREAK>I heard that somewhere<NEWLINE>in Rune is an ancient land<NEWLINE>that belongs to the gods.<PAGE_BREAK>If you can find this land,<NEWLINE>you will recover your memory.<05><NEWLINE>...That's what I believe.<SPEAKER_BREAK>"
1332,"rotdd",0x00198C3C,"Helper: Fair enough.<NEWLINE>Well, hope to see you again<NEWLINE>sometime.<SPEAKER_BREAK>"
1333,"rotdd",0x00198C78,"Man at Mountain Hut: Oh! It's<NEWLINE>unusual to see folks out here!<05><NEWLINE>Um, are you in need of help?<PAGE_BREAK>This may come as a surprise,<NEWLINE>but I used to be a priest.<05><NEWLINE>So...<SPEAKER_BREAK>"
1334,"rotdd",0x00198D13,"Granddaughter: .........<05><NEWLINE>There's been an odd creature<NEWLINE>around here lately.<PAGE_BREAK>It's very strange-looking...<SPEAKER_BREAK>"
1335,"rotdd",0x00198D7C,"Granddaughter: I know!<NEWLINE>I'll give you a present.<05><NEWLINE>Here you go!<SPEAKER_BREAK>"
1336,"rotdd",0x00198DBB,"Granddaughter: ............<05><NEWLINE>What could that creature be?!<NEWLINE>It's really strange-looking...<SPEAKER_BREAK>"
1337,"rotdd",0x00198E16,"Gong: I am the travelling<NEWLINE>monk, Gong. I travel the<NEWLINE>continent in search of truth.<PAGE_BREAK>A night star led me here,<NEWLINE>where I have been awaiting<NEWLINE>your arrival.<SPEAKER_BREAK>"
1338,"rotdd",0x00198EAB,"<PLAYER_NAME>:<NEWLINE>You've been waiting for me?<NEWLINE>But, <02>...why?<SPEAKER_BREAK>"
1339,"rotdd",0x00198ED9,"Gong: Because it's fate.<SPEAKER_BREAK>"
1340,"rotdd",0x00198EFF,"Gong: Fate led me here to<NEWLINE>join forces with you.<NEWLINE>I am at your disposal.<SPEAKER_BREAK>"
1341,"rotdd",0x00198F47,"<PLAYER_NAME>: ......?<05><NEWLINE>What was that all about?!<SPEAKER_BREAK>"
1342,"rotdd",0x00198F7E,"Merchant: This is Rindo. It's<NEWLINE>full of so many great things.<NEWLINE>It's the land of my dreams!<SPEAKER_BREAK>"
1343,"rotdd",0x00198FD7,"Weapon Seller: Welcome to<NEWLINE>Rindo! Without good weapons,<NEWLINE>you won't win a fight!<SPEAKER_BREAK>"
1344,"rotdd",0x00199026,"Man with a Dream: When<NEWLINE>the circus comes, they'll<NEWLINE>put up a tent over yonder.<PAGE_BREAK>And then, I'll get loads<NEWLINE>of customers for my shop...<05><NEWLINE>Hee hee hee...<SPEAKER_BREAK>"
1345,"rotdd",0x001990B8,"Man with a Dream:<NEWLINE>Stop! Can't go in there yet!<PAGE_BREAK>The circus people asked me<NEWLINE>to make sure no one goes in<NEWLINE>until they're ready.<SPEAKER_BREAK>"
1346,"rotdd",0x00199134,"Man with a Dream: Huh?<NEWLINE>The Mayor's grandson?<PAGE_BREAK>Come to think of it, I saw him<NEWLINE>here a few days ago. You don't<NEWLINE>think the circus people...?<PAGE_BREAK><05>All right, you can go in<NEWLINE>and look, but be careful.<SPEAKER_BREAK>"
1347,"rotdd",0x001991F0,"Man with a Dream:<NEWLINE>Be careful, OK?<SPEAKER_BREAK>"
1348,"rotdd",0x00199213,"Man with a Dream: To think<NEWLINE>those circus freaks took away<NEWLINE>that poor little kid...<PAGE_BREAK>I feel awful...<NEWLINE>I had no idea!<SPEAKER_BREAK>"
1349,"rotdd",0x00199284,"Harbor Man: This harbor's<NEWLINE>usually full of boats... But,<NEWLINE>the soldiers bought the lot.<PAGE_BREAK>They hurried back to Runefaust<NEWLINE>in anything they could get<NEWLINE>their hands on.<SPEAKER_BREAK>"
1350,"rotdd",0x00199324,"Harbor Man: That boat's not<NEWLINE>for sale. It's been in the<NEWLINE>Mayor's family for years.<PAGE_BREAK>If you really want it, then<NEWLINE>you'll have to try talking<NEWLINE>to the Mayor.<SPEAKER_BREAK>"
1351,"rotdd",0x001993BB,"Harbor Man: You saved the<NEWLINE>Mayor's grandson?<PAGE_BREAK>In that case, you should ask<NEWLINE>him about his boat. I'm sure<NEWLINE>he'd lend it to you.<SPEAKER_BREAK>"
1352,"rotdd",0x00199437,"Harbor Man: The Mayor's<NEWLINE>given his permission. You're<NEWLINE>free to use his boat.<SPEAKER_BREAK>"
1353,"rotdd",0x00199483,"Harbor Man: Argh! <02>The boat's<NEWLINE>burnt! <02>This is terrible...<SPEAKER_BREAK>"
1354,"rotdd",0x001994BE,"Man: I'd love a big shop.<05><NEWLINE>Maybe one with a ceiling...<05><NEWLINE>...or am I being greedy?<SPEAKER_BREAK>"
1355,"rotdd",0x00199510,"Actor 1: Ha ha ha!<NEWLINE>What a great role!<05><NEWLINE>I love being an actor!<SPEAKER_BREAK>"
1356,"rotdd",0x0019954F,"Actor 1: Aargh, I hate this<NEWLINE>role. What was I thinking,<NEWLINE>becoming  an actor...?!<SPEAKER_BREAK>"
1357,"rotdd",0x0019959F,"Actor 2: Argh, I hope I can<NEWLINE>stop playing this role soon...<SPEAKER_BREAK>"
1358,"rotdd",0x001995DB,"Actor 2: Oh, what a great<NEWLINE>role! I want to keep playing<NEWLINE>it forever!<SPEAKER_BREAK>"
1359,"rotdd",0x0019961F,"Woman: The shows here are<NEWLINE>always really good.<NEWLINE>Today's is excellent!<PAGE_BREAK>It's called <QUOTE>The Glory<NEWLINE>of Runefaust<QUOTE>!<SPEAKER_BREAK>"
1360,"rotdd",0x0019968A,"Woman: The shows here are<NEWLINE>always really good.<NEWLINE>Today's is excellent!<PAGE_BREAK>It's called <QUOTE>The Might<NEWLINE>of Light<QUOTE>!<SPEAKER_BREAK>"
1361,"rotdd",0x001996F1,"Kid: Go Runefaust!<SPEAKER_BREAK>"
1362,"rotdd",0x00199705,"Kid: Go Shining Force!<SPEAKER_BREAK>"
1363,"rotdd",0x0019971D,"Old Man: Shows are great!<05><NEWLINE>They're just so exciting!<05><NEWLINE>Yeah! Yeah!<PAGE_BREAK>Oh, no!<NEWLINE>My dentures fell out!<SPEAKER_BREAK>"
1364,"rotdd",0x0019977E,"Old Man: Shows are great!<05><NEWLINE>They're just so exciting!<05><NEWLINE>Yeah! Yeah!<PAGE_BREAK>Oh, no!<NEWLINE>My dentures fell out!<SPEAKER_BREAK>"
1365,"rotdd",0x001997DF,"Manager:<NEWLINE>Step right up, one and all!<NEWLINE>Today's main attraction is...<PAGE_BREAK>a battle between Runefaust...<05><NEWLINE>and the miserable remnants<NEWLINE>of the army of Guardiana!<PAGE_BREAK>You won't see this anywhere<NEWLINE>else, folks!<05><NEWLINE>How about it, sir?<SPEAKER_BREAK>"
1366,"rotdd",0x001998B4,"Manager: OK, it'll<NEWLINE>start soon. Why don't you<NEWLINE>take a seat over there?<SPEAKER_BREAK>"
1367,"rotdd",0x001998FA,"Manager: <NEWLINE>Too bad... It's a great<NEWLINE>production.<SPEAKER_BREAK>"
1368,"rotdd",0x00199929,"Manager:<NEWLINE>Come one, come all!<NEWLINE>Today's main attraction is...<PAGE_BREAK>a battle between Runefaust...<05><NEWLINE>and the magnificent<NEWLINE>Shining Force!<PAGE_BREAK>You won't see this anywhere<NEWLINE>else folks! <05><NEWLINE>How about it, sir?<SPEAKER_BREAK>"
1369,"rotdd",0x001999E4,"Manager: OK, it'll<NEWLINE>start soon. Why don't you<NEWLINE>sit in those seats over there?<SPEAKER_BREAK>"
1370,"rotdd",0x00199A31,"Manager: What?! <NEWLINE>You're not gonna watch this<NEWLINE>great show? <02>Well, your loss...<SPEAKER_BREAK>"
1371,"rotdd",0x00199A7F,"Old Woman: The circus is<NEWLINE>coming to town soon, you know.<05><NEWLINE>I love the circus, I do.<SPEAKER_BREAK>"
1372,"rotdd",0x00199AD2,"Old Woman: Well, well, well...<NEWLINE>What could be going on here?<PAGE_BREAK>There's a lovely tent all set<NEWLINE>up, but the circus isn't open.<05><NEWLINE>Is something wrong?<SPEAKER_BREAK>"
1373,"rotdd",0x00199B61,"Girl: You're from Guardiana,<NEWLINE>aren't you?<PAGE_BREAK><05>You're going to meet<NEWLINE>Princess Anri in Manarina,<NEWLINE>right?<SPEAKER_BREAK>"
1374,"rotdd",0x00199BC3,"Girl: You found Princess Anri!<NEWLINE>That's great! The more<NEWLINE>in the Force, the merrier!<SPEAKER_BREAK>"
1375,"rotdd",0x00199C15,"Boy: When I grow up, I'm gonna<NEWLINE>open a shop in Guardiana.<PAGE_BREAK>I heard it's a nice, peaceful<NEWLINE>country. My dad always said<NEWLINE>that, before he died.<SPEAKER_BREAK>"
1376,"rotdd",0x00199C9F,"Item Seller: Welcome to<NEWLINE>Rindo! I've got lots of useful<NEWLINE>items here! Take a look!<SPEAKER_BREAK>"
1377,"rotdd",0x00199CF0,"Old Man: You came from<NEWLINE>Guardiana, right? And<NEWLINE>you're seeking something?<PAGE_BREAK>Hmm, the Legacy of the Gods...<05><NEWLINE>In that case, why don't you<NEWLINE>try asking a mage in Manarina?<SPEAKER_BREAK>"
1378,"rotdd",0x00199D93,"Old Man: Oh yeah, people say<NEWLINE>the priest at Shade Abbey has<NEWLINE>Guardiana royal blood.<PAGE_BREAK>I should think he's probably<NEWLINE>quite knowledgeable of old<NEWLINE>traditions and the like.<SPEAKER_BREAK>"
1379,"rotdd",0x00199E37,"Old Woman: If you ever go to<NEWLINE>Manarina, you should try and<NEWLINE>find the great Otrant.<PAGE_BREAK>He knows everything!<05><NEWLINE>He's a really important<NEWLINE>mage, you see.<SPEAKER_BREAK>"
1380,"rotdd",0x00199EC6,"Old Woman: Seems that you've<NEWLINE>been off to Manarina.<PAGE_BREAK>Well, spill the beans.<NEWLINE>Are the rumors true? Are they<NEWLINE>all magnificent mages?<SPEAKER_BREAK>"
1381,"rotdd",0x00199F46,"Theater-Loving Man: I<NEWLINE>heard there's a really good<NEWLINE>show on at the moment.<PAGE_BREAK>I think I might go and take a<NEWLINE>look once I've closed shop.<SPEAKER_BREAK>"
1382,"rotdd",0x00199FCA,"Mayor's Son: If you're<NEWLINE>looking for the Mayor of<NEWLINE>Rindo, this is the place.<PAGE_BREAK>...He's my father.<SPEAKER_BREAK>"
1383,"rotdd",0x0019A028,"Mayor's Son: The people of<NEWLINE>Rindo do not get involved in<NEWLINE>pointless wars.<PAGE_BREAK>If you want help, you'll have<NEWLINE>to ask another country.<SPEAKER_BREAK>"
1384,"rotdd",0x0019A0A7,"Mayor's Son: I beg of<NEWLINE>you, please save our son.<05><NEWLINE>We're desperate...<SPEAKER_BREAK>"
1385,"rotdd",0x0019A0EC,"Mayor's Son: Thank you.<05><NEWLINE>The boat is yours. Use it<NEWLINE>whenever you wish.<SPEAKER_BREAK>"
1386,"rotdd",0x0019A133,"Mayor's Son: If you're<NEWLINE>going north from here, you<NEWLINE>must go to Shade Abbey first.<PAGE_BREAK>In the Abbey you will<NEWLINE>find someone to guide you.<PAGE_BREAK>Then, you should be able to<NEWLINE>safely negotiate the mountain<NEWLINE>road to Bustoke.<SPEAKER_BREAK>"
1387,"rotdd",0x0019A200,"Mother: A circus is coming<NEWLINE>here soon.<PAGE_BREAK>The kids are so excited, I<NEWLINE>just can't handle them!<SPEAKER_BREAK>"
1388,"rotdd",0x0019A25A,"Mother: Oh, dear gods!<NEWLINE>Please bring my baby back to<NEWLINE>me safe and sound!<SPEAKER_BREAK>"
1389,"rotdd",0x0019A2A2,"Mother: I just can't thank you<NEWLINE>enough for saving my baby.<SPEAKER_BREAK>"
1390,"rotdd",0x0019A2DD,"Mayor: Welcome to Rindo,<NEWLINE>land of merchants.<05><NEWLINE>I am the Mayor.<PAGE_BREAK>I hear you've come all the<NEWLINE>way from Guardiana.<NEWLINE>Now, what can I do for you?<SPEAKER_BREAK>"
1391,"rotdd",0x0019A366,"<PLAYER_NAME>:<NEWLINE>Sir, Guardiana has...<SPEAKER_BREAK>"
1392,"rotdd",0x0019A380,"Mayor:<NEWLINE>What!? Is this really true?<NEWLINE>Hmm...<PAGE_BREAK>I had heard rumors,<NEWLINE>but I never thought...<PAGE_BREAK>Come to think of it, I heard<NEWLINE>that Manarina strengthened<NEWLINE>its defenses recently...<PAGE_BREAK>But as long as our wealth<NEWLINE>is safe, the misfortunes of<NEWLINE>other lands do not concern us.<PAGE_BREAK>Why not seek help in Manarina?<05><NEWLINE>I will see that the way<NEWLINE>is opened to you.<SPEAKER_BREAK>"
1393,"rotdd",0x0019A4C6,"Mayor: Actually...<05><NEWLINE>A man named Kane,<NEWLINE>from Runefaust...<PAGE_BREAK>He bought up all the boats<NEWLINE>to sail back home.<05><NEWLINE>Did you want something?<PAGE_BREAK>As I believe I already told<NEWLINE>you, even if Runefaust has<NEWLINE>destroyed Guardiana...<PAGE_BREAK>it has nothing to do with us.<NEWLINE>The barrier has been removed.<NEWLINE>Please leave for Manarina.<SPEAKER_BREAK>"
1394,"rotdd",0x0019A5EB,"Mayor: What did you<NEWLINE>say? You want me to lend you<NEWLINE>my family boat?<PAGE_BREAK>That boat belonged to my<NEWLINE>ancestors. I can't just lend<NEWLINE>it to anyone. <02>Although...<PAGE_BREAK>I'll consider it if you do<NEWLINE>me a favor. Interested?<SPEAKER_BREAK>"
1395,"rotdd",0x0019A6B1,"Mayor: Well, my<NEWLINE>grandson has disappeared.<PAGE_BREAK>No one's seen him leave town.<05><NEWLINE>But, we just can't find him.<NEWLINE>Please, will you look for him?<PAGE_BREAK>If you find my grandson,<NEWLINE>you can use the boat as<NEWLINE>much as you like.<PAGE_BREAK>I'm counting on you,<NEWLINE><PLAYER_NAME>.<NEWLINE>Please find my grandson.<SPEAKER_BREAK>"
1396,"rotdd",0x0019A7AB,"Mayor: Then, I won't<NEWLINE>lend you my boat!<NEWLINE>Now, get out of here!<SPEAKER_BREAK>"
1397,"rotdd",0x0019A7E9,"Mayor: I'm counting<NEWLINE>on you, <PLAYER_NAME>.<NEWLINE>Please find my grandson.<SPEAKER_BREAK>"
1398,"rotdd",0x0019A822,"Mayor: Ah, thank you!<NEWLINE>You saved my grandson!<05><NEWLINE>I can't thank you enough.<PAGE_BREAK>So, Runefaust's ambitions do<NEWLINE>affect our country after all.<05><NEWLINE>We, too, will take action.<PAGE_BREAK>We don't have any weapons<NEWLINE>in our country, but we'll do<NEWLINE>what we can to help you.<PAGE_BREAK>Use the boat as much as you<NEWLINE>like, and go safely.<05><NEWLINE>May the Light be with you!<SPEAKER_BREAK>"
1399,"rotdd",0x0019A95F,"Mayor: Go safely!<05><NEWLINE>May the Light be with you!<SPEAKER_BREAK>"
1400,"rotdd",0x0019A98E,"Mayor: What?<NEWLINE>My beloved boat... burnt?!<NEWLINE>It was the last boat here...<PAGE_BREAK>Getting to the eastern<NEWLINE>continent without a boat will<NEWLINE>be a very tough journey...<PAGE_BREAK>You should consider that<NEWLINE>carefully before answering.<05><NEWLINE>Do you really have to go east?<SPEAKER_BREAK>"
1401,"rotdd",0x0019AA79,"Mayor: Really?<NEWLINE>Then, I'll tell you this.<PAGE_BREAK>Avoid Bustoke in the north and<NEWLINE>cross over the Pao Plains...<PAGE_BREAK>You'll come to Uranbatol. I'm<NEWLINE>sure you'll get a boat there.<05><NEWLINE>It won't be easy, though.<PAGE_BREAK>If you need guidance, you<NEWLINE>should ask at Shade Abbey.<PAGE_BREAK>If you want to know more about<NEWLINE>the journey, ask my son.<05><NEWLINE>Good luck!<SPEAKER_BREAK>"
1402,"rotdd",0x0019ABAF,"Mayor:<NEWLINE>If you want to know more about<NEWLINE>the journey, ask my son.<PAGE_BREAK>Good luck!<SPEAKER_BREAK>"
1403,"rotdd",0x0019ABFA,"Mayor: Really?<NEWLINE>Then why don't you live here?<PAGE_BREAK>If you open up a shop, you'll<NEWLINE>make enough to get by.<SPEAKER_BREAK>"
1404,"rotdd",0x0019AC5D,"Mayor: Sorry?<NEWLINE>Have you changed your mind?<SPEAKER_BREAK>"
1405,"rotdd",0x0019AC88,"Dr. Crock: Welcome to the<NEWLINE>home of Crock the inventor!<05><NEWLINE>That's me, by the way.<PAGE_BREAK>You look like you've got time<NEWLINE>on your hands. Why not take<NEWLINE>a look at my new Steam Suit?<PAGE_BREAK>Hey, Guntz!<NEWLINE>Walk for the people!<SPEAKER_BREAK>"
1406,"rotdd",0x0019AD4F,"Dr. Crock: To be honest,<NEWLINE>I haven't quite finished this<NEWLINE>Steam Suit yet.<PAGE_BREAK>I ran out of funds for my<NEWLINE>research, and the Mayor<NEWLINE>refused to lend me any more.<PAGE_BREAK>He's just so stingy!<SPEAKER_BREAK>"
1407,"rotdd",0x0019ADFB,"Dr. Crock: Don't worry!<05><NEWLINE>If I had the money, then I<NEWLINE>could make one in no time!<SPEAKER_BREAK>"
1408,"rotdd",0x0019AE4B,"Guntz: Phew! It's heavy!<NEWLINE>It's soooo heavy!<SPEAKER_BREAK>"
1409,"rotdd",0x0019AE77,"Guntz: Argh! It's hot!<NEWLINE>My back's boiling!<NEWLINE>It's killing me!<SPEAKER_BREAK>"
1410,"rotdd",0x0019AEB3,"Guntz: I don't care what needs<NEWLINE>to be done, I just hope it's<NEWLINE>finished fast...<SPEAKER_BREAK>"
1411,"rotdd",0x0019AF01,"Boken: Greetings!<05><NEWLINE>I've just decided to<NEWLINE>become an adventurer!<PAGE_BREAK>I can't stay here all my life!<05><NEWLINE>I'm getting ready to go off<NEWLINE>on my first adventure!<SPEAKER_BREAK>"
1412,"rotdd",0x0019AF93,"Mayor's Grandson:<NEWLINE>My granddad's a really<NEWLINE>important man.<PAGE_BREAK>And he's really nice to me<NEWLINE>too! I love my granddad!<SPEAKER_BREAK>"
1413,"rotdd",0x0019B000,"Mayor's Grandson:<NEWLINE>Thanks a lot for saving me!<SPEAKER_BREAK>"
1414,"rotdd",0x0019B02F,"Housekeeper: Honestly! My boss<NEWLINE>is always getting caught up in<NEWLINE>things that never make money!<PAGE_BREAK>I have to look after him, you<NEWLINE>know. He can't even cook his<NEWLINE>own meals!<SPEAKER_BREAK>"
1415,"rotdd",0x0019B0D2,"Mage: Welcome to Manarina,<NEWLINE>the land of magic and mystery!<SPEAKER_BREAK>"
1416,"rotdd",0x0019B10D,"Mage: Uh, sorry about before.<05><NEWLINE>The creature we keep as a pet,<NEWLINE>I set it on you, right?<PAGE_BREAK>I assumed that you were the<NEWLINE>Runefaust army attacking.<05><NEWLINE>You're pretty strong!<SPEAKER_BREAK>"
1417,"rotdd",0x0019B1B1,"Mage: We, too, are aware<NEWLINE>of Runefaust's movements,<05><NEWLINE>so we've improved security.<PAGE_BREAK>But, we didn't mean to<NEWLINE>attack you like that...<05><NEWLINE>I'm really sorry...<SPEAKER_BREAK>"
1418,"rotdd",0x0019B246,"Mage: What?!<NEWLINE>Otrant gave your army a<NEWLINE>name?!<PAGE_BREAK>And what is it?<05><NEWLINE><QUOTE>Shining Force<QUOTE>... <02>Hmm...<05><NEWLINE>That's not bad at all!<PAGE_BREAK>Make sure you live up to your<NEWLINE>name and put up a good fight!<SPEAKER_BREAK>"
1419,"rotdd",0x0019B2F3,"Mage: <QUOTE>Shining Force<QUOTE>...<05><NEWLINE>...Hmm, that's a good name!<PAGE_BREAK>Make sure you live up to your<NEWLINE>name and put up a good fight!<SPEAKER_BREAK>"
1420,"rotdd",0x0019B366,"Mage: There are lots of famous<NEWLINE>mages in Manarina. You should<NEWLINE>visit them if you can.<SPEAKER_BREAK>"
1421,"rotdd",0x0019B3BB,"Maid: The only decent<NEWLINE>person in this country<NEWLINE>is Lord Otrant!<PAGE_BREAK>The rest of them...<05><NEWLINE>They're all just weird!<SPEAKER_BREAK>"
1422,"rotdd",0x0019B426,"Maid: It's no good! You must<NEWLINE>listen properly to the<NEWLINE>Spirit of the Spring!<SPEAKER_BREAK>"
1423,"rotdd",0x0019B471,"Maid: Oh, how lovely!<NEWLINE>Lord Otrant gave you<NEWLINE>a name, did he?<PAGE_BREAK><QUOTE>Shining Force<QUOTE>!<05><NEWLINE>That's really a<NEWLINE>wonderful name!<SPEAKER_BREAK>"
1424,"rotdd",0x0019B4DF,"Otrant: I am Otrant.<NEWLINE>I lead this land of mages.<PAGE_BREAK>You must be the one who leads<NEWLINE>the soldiers of Guardiana.<05><NEWLINE>And your name is?<SPEAKER_BREAK>"
1425,"rotdd",0x0019B55C,"<PLAYER_NAME>:<NEWLINE>I am <PLAYER_NAME>.<PAGE_BREAK>I'm a pupil of Lord Varios,<NEWLINE>leader of Guardiana's<NEWLINE>knights.<SPEAKER_BREAK>"
1426,"rotdd",0x0019B5A3,"Otrant: I see.<NEWLINE>Varios'... <02>Hold on!<NEWLINE><PLAYER_NAME>?<PAGE_BREAK>I've heard that name before...<05><NEWLINE>Well, never mind.<05><NEWLINE>More importantly...<PAGE_BREAK>I hear Runefaust is after<NEWLINE>the Legacy of the Gods...<05><NEWLINE>Is this true?<SPEAKER_BREAK>"
1427,"rotdd",0x0019B655,"<PLAYER_NAME>: Yes. That's why<NEWLINE>they attacked Guardiana.<SPEAKER_BREAK>"
1428,"rotdd",0x0019B682,"Otrant: Hmm...<NEWLINE>Even I don't know what the<NEWLINE>Legacy of the Gods is...<PAGE_BREAK>But... I do have a clue.<05><NEWLINE>It's so valuable though,<NEWLINE>I can't just hand it over.<PAGE_BREAK>Are you prepared to prove<NEWLINE>your resolve?<SPEAKER_BREAK>"
1429,"rotdd",0x0019B73C,"Otrant: Excellent! Under this<NEWLINE>land lies a lost world known<NEWLINE>as the Cavern of Darkness.<PAGE_BREAK>You must go down there and<NEWLINE>bring back a treasure.<NEWLINE>It's called the Orb of Light.<PAGE_BREAK>That is the key you need<NEWLINE>to unlock the mystery of the<NEWLINE>Legacy of the Gods.<SPEAKER_BREAK>"
1430,"rotdd",0x0019B82D,"Otrant: Well then, there's<NEWLINE>no point in staying...<NEWLINE>You may as well leave.<SPEAKER_BREAK>"
1431,"rotdd",0x0019B877,"Otrant: If you want to know,<NEWLINE>you must first prove<NEWLINE>your resolve.<PAGE_BREAK>Unless you can do that,<NEWLINE>I won't give you the clue.<05><NEWLINE>So? Are you prepared?<SPEAKER_BREAK>"
1432,"rotdd",0x0019B902,"Otrant: Underneath this land<NEWLINE>is a place known as the Spring<NEWLINE>of Recollection.<PAGE_BREAK>To go there, you will need the<NEWLINE>Orb of Light.<PAGE_BREAK>Understood? Then you must<NEWLINE>waste no time! Hurry and get<NEWLINE>the Orb of Light!<SPEAKER_BREAK>"
1433,"rotdd",0x0019B9C6,"Otrant: At last, you found<NEWLINE>the Orb of Light!<PAGE_BREAK>Now, you must go to<NEWLINE>the great door.<PAGE_BREAK>Beyond the door is the Spring<NEWLINE>of Recollection. <02>Hold the Orb<NEWLINE>of Light up in front of it.<PAGE_BREAK>Then, I'm sure that the truth<NEWLINE>you seek will become clear.<SPEAKER_BREAK>"
1434,"rotdd",0x0019BAAB,"Otrant: Beyond the great<NEWLINE>door is the Spring<NEWLINE>of Recollection.<PAGE_BREAK>Hold up the Orb of Light in<NEWLINE>front of it, and the truth you<NEWLINE>seek will become clear.<SPEAKER_BREAK>"
1435,"rotdd",0x0019BB3C,"Otrant: <PLAYER_NAME>,<NEWLINE>listen carefully.<PAGE_BREAK>Not just anyone can get<NEWLINE>the Orb of Light.<PAGE_BREAK>Only the chosen ones,<05><NEWLINE>those that have been<NEWLINE>chosen by the spring.<PAGE_BREAK>The spring has chosen<NEWLINE>you and your comrades to<NEWLINE>serve the Powers of Light.<PAGE_BREAK>From now on, you will be<NEWLINE>known as...<05><NEWLINE>the <QUOTE>Shining Force<QUOTE>!<SPEAKER_BREAK>"
1436,"rotdd",0x0019BC4B,"Otrant: First you must go to<NEWLINE>the eastern continent.<PAGE_BREAK>There, you will find a country<NEWLINE>called Prompt, where the<NEWLINE>ancestors of the gods live.<PAGE_BREAK>They are sure to know where<NEWLINE>the Legacy of the Gods sleeps.<05><NEWLINE>And they will know of Metapha.<PAGE_BREAK>Continue your journey without<NEWLINE>fear, <PLAYER_NAME>.<05><NEWLINE>The Light will be with you.<SPEAKER_BREAK>"
1437,"rotdd",0x0019BD73,"Mage: Underneath this land<NEWLINE>lies a fearsome underworld.<PAGE_BREAK>It's called the Cavern of<NEWLINE>Darkness, and it is home<NEWLINE>to many beasts.<SPEAKER_BREAK>"
1438,"rotdd",0x0019BDEE,"Mage: Unbelievable! You made<NEWLINE>it back from the cavern!<SPEAKER_BREAK>"
1439,"rotdd",0x0019BE25,"Mage: Did you visit the Spring<NEWLINE>of Recollection too?<SPEAKER_BREAK>"
1440,"rotdd",0x0019BE5A,"Mage: Goodness! You have!<NEWLINE>And the spirit's voice...?<05><NEWLINE>No, of course not...<SPEAKER_BREAK>"
1441,"rotdd",0x0019BEA6,"Mage: The spring lies below<NEWLINE>us. There can be heard the<NEWLINE>voices of the Ancients...<SPEAKER_BREAK>"
1442,"rotdd",0x0019BEF8,"Mage: What? You heard a voice<NEWLINE>at the Spring of Recollection?<05><NEWLINE>Hm, so the legend is true...<SPEAKER_BREAK>"
1443,"rotdd",0x0019BF54,"Mage: That fool upstairs!<05><NEWLINE>Now, the room's a total<NEWLINE>mess again!<PAGE_BREAK>And I've said so many times<NEWLINE>not to use Blaze indoors!<SPEAKER_BREAK>"
1444,"rotdd",0x0019BFD9,"Mage: Ha ha!<NEWLINE>That's useful!<SPEAKER_BREAK>"
1445,"rotdd",0x0019BFF6,"Mage: Um, let me see...<05><NEWLINE><QUOTE>How to raise the magical<NEWLINE>creature Domingo...<PAGE_BREAK>When you've got hold of the<NEWLINE>egg, warm it up using<NEWLINE>a special machine...<QUOTE><SPEAKER_BREAK>"
1446,"rotdd",0x0019C095,"Mage: Hmmm...<05><NEWLINE>Um... Hmmm...<SPEAKER_BREAK>"
1447,"rotdd",0x0019C0CC,"Researcher: Oh! This is a<NEWLINE>surprise! It's unusual to<NEWLINE>have visitors here.<PAGE_BREAK>I've been researching magical<NEWLINE>creatures for a long time.<PAGE_BREAK>Maybe it's made me a bit odd.<NEWLINE>No one ever comes here!<05><NEWLINE>To be honest, I'm lonely...<SPEAKER_BREAK>"
1448,"rotdd",0x0019C1A1,"Researcher: Oh, yes! I have<NEWLINE>something special I've been<NEWLINE>wanting to give to someone.<PAGE_BREAK>Try searching that machine.<SPEAKER_BREAK>"
1449,"rotdd",0x0019C212,"Researcher:<NEWLINE>Do you like it?<NEWLINE>It's a Domingo Egg.<PAGE_BREAK>If you look after it well, it<NEWLINE>could be very useful to you.<SPEAKER_BREAK>"
1450,"rotdd",0x0019C27E,"Researcher: ...I see. You<NEWLINE>want to know more about<NEWLINE>the Legacy of the Gods?<PAGE_BREAK>Then, you should go to<NEWLINE>Prompt. It's home to<NEWLINE>the children of the gods.<PAGE_BREAK>The problem is, Prompt is on<NEWLINE>the eastern continent...<05><NEWLINE>You have to go by boat.<PAGE_BREAK>But, you should be able to<NEWLINE>find a boat in Rindo.<05><NEWLINE>Good luck, Shining Force!<SPEAKER_BREAK>"
1451,"rotdd",0x0019C3AA,"Researcher: It's a long way.<05><NEWLINE>But, don't give up! I know<NEWLINE>your dreams will come true.<PAGE_BREAK>I wish you luck,<NEWLINE>Shining Force!<SPEAKER_BREAK>"
1452,"rotdd",0x0019C420,"Sentry: There's a very<NEWLINE>important mage inside this<NEWLINE>room, I'll have you know!<PAGE_BREAK>I'm not letting anyone<NEWLINE>in here. No, no, no!<SPEAKER_BREAK>"
1453,"rotdd",0x0019C499,"Sentry: There's a pretty<NEWLINE>birdie! Ooh, you want to go<NEWLINE>inside? OK, go ahead!<SPEAKER_BREAK>"
1454,"rotdd",0x0019C4E5,"Sentry: It really is a cute<NEWLINE>looking chicky. I don't how<NEWLINE>people can eat them...<SPEAKER_BREAK>"
1455,"rotdd",0x0019C535,"Sentry: ...Ha ha ha.<05><NEWLINE>That chicken... <02>So cute!<SPEAKER_BREAK>"
1456,"rotdd",0x0019C566,"VIP Mage: Ha ha ha.<NEWLINE>Old Gert turned you into a<NEWLINE>chicken? That's easily fixed.<SPEAKER_BREAK>"
1457,"rotdd",0x0019C5B4,"VIP Mage: By the way,<NEWLINE>have you heard of<NEWLINE>Shade Abbey?<SPEAKER_BREAK>"
1458,"rotdd",0x0019C5EA,"VIP Mage: You young<NEWLINE>people think you know<NEWLINE>everything!<SPEAKER_BREAK>"
1459,"rotdd",0x0019C621,"VIP Mage: ...Shade Abbey.<PAGE_BREAK>For generations, the priest<NEWLINE>there has worked with people<NEWLINE>of royal blood.<PAGE_BREAK>He would know all about the<NEWLINE>ancient gods and the evil<NEWLINE>Dark Dragon.<SPEAKER_BREAK>"
1460,"rotdd",0x0019C6C8,"VIP Mage: ............<PAGE_BREAK>I sense a terrible presence<NEWLINE>at Shade Abbey.<PAGE_BREAK>Two strong forces met.<05><NEWLINE>...One of the forces...<05><NEWLINE>...vanished.<SPEAKER_BREAK>"
1461,"rotdd",0x0019C74A,"Old Man: Where am I?<NEWLINE>Don't tell anyone I got lost.<NEWLINE>I'm too old to get lost.<SPEAKER_BREAK>"
1462,"rotdd",0x0019C797,"Old Gert:<NEWLINE>Welcome to my laboratory!<PAGE_BREAK>I'm researching how to turn<NEWLINE>humans into other animals.<05><NEWLINE>But, you see...<PAGE_BREAK>No one's willing to help me<NEWLINE>with my experiments. Do you<NEWLINE>think you could help me?<SPEAKER_BREAK>"
1463,"rotdd",0x0019C855,"Old Gert: That's a good boy!<05><NEWLINE>Now, stand over there.<SPEAKER_BREAK>"
1464,"rotdd",0x0019C88B,"Old Gert: No curiosity, eh?<NEWLINE>When I see you next,<NEWLINE>I'll turn you into a frog!<SPEAKER_BREAK>"
1465,"rotdd",0x0019C8D8,"Mage: Far too many people come<NEWLINE>through here! I can't work!<05><NEWLINE>What? I'm the one in the way?<PAGE_BREAK>You fool! This was my room<NEWLINE>first! Then someone just came<NEWLINE>along and built the stairs!<SPEAKER_BREAK>"
1466,"rotdd",0x0019C988,"Arthur: My name is Arthur.<NEWLINE>I used to be a knight...<02><NEWLINE>But, I wasn't cut out for it.<PAGE_BREAK>Now, I'm just a burden on<NEWLINE>this kingdom. I do laundry<NEWLINE>in exchange for food...<SPEAKER_BREAK>"
1467,"rotdd",0x0019CA29,"Arthur: Hey, I know you!<05><NEWLINE>You're the ones fighting <NEWLINE>against Runefaust, aren't you?<PAGE_BREAK>I'd like to try my hand<NEWLINE>at fighting, one last time.<05><NEWLINE>So, I'm begging you!<PAGE_BREAK>If I get in your way,<NEWLINE>you can get rid of me!<05><NEWLINE>Just take me with you!<PAGE_BREAK>No - even if you turn me down,<NEWLINE>I'm still gonna follow you!<SPEAKER_BREAK>"
1468,"rotdd",0x0019CB47,"Mage: Hm, this is so relaxing.<NEWLINE>I really love the view from up<NEWLINE>here.<SPEAKER_BREAK>"
1469,"rotdd",0x0019CB8C,"Mage: Darn! Not as good<NEWLINE>a view from down here.<05><NEWLINE>Better climb back up...<SPEAKER_BREAK>"
1470,"rotdd",0x0019CBD5,"Mage: I won't give up!<NEWLINE>One day, I'll make it to<NEWLINE>the top again!<SPEAKER_BREAK>"
1471,"rotdd",0x0019CC15,"Mage: Heh heh heh. <02>Heh heh.<05><NEWLINE>You've found your way to<NEWLINE>a most frightening place...<PAGE_BREAK>I'm conducting an<NEWLINE>experiment. <02>It's truly<NEWLINE>gruesome. Want to watch?<SPEAKER_BREAK>"
1472,"rotdd",0x0019CCAC,"Mage: Excellent.<NEWLINE>Brace yourself!<SPEAKER_BREAK>"
1473,"rotdd",0x0019CCCE,"Mage: Idiot! Who told you<NEWLINE>that you could refuse?<NEWLINE>Stand there and watch!<SPEAKER_BREAK>"
1474,"rotdd",0x0019CD17,"Guard: The Cavern of Darkness<NEWLINE>is home to many beasts.<NEWLINE>No one ever comes out alive.<PAGE_BREAK>I won't speak ill of you if<NEWLINE>you decide to turn back.<SPEAKER_BREAK>"
1475,"rotdd",0x0019CDA0,"Guard: Ha ha ha!<NEWLINE>Think you can escape<NEWLINE>the cavern alive?!<SPEAKER_BREAK>"
1476,"rotdd",0x0019CDDA,"Guard: I don't believe it!<NEWLINE>You got the Orb of Light?!<PAGE_BREAK>This must be reported to<NEWLINE>Otrant right away. Then,<NEWLINE>the door can be opened.<SPEAKER_BREAK>"
1477,"rotdd",0x0019CE5B,"Guard: You heard<NEWLINE>a voice coming from<NEWLINE>the Spring of Recollection?<PAGE_BREAK>You should talk to Otrant.<NEWLINE>Then, the path you should<NEWLINE>take will be revealed.<SPEAKER_BREAK>"
1478,"rotdd",0x0019CEE9,"Amon: I'm Amon.<05><NEWLINE>Balbaroy, my husband...<NEWLINE>He needs your help.<PAGE_BREAK>Left like this, he'll die!<SPEAKER_BREAK>"
1479,"rotdd",0x0019CF42,"Amon: I... <02>I...<NEWLINE>can't move...<SPEAKER_BREAK>"
1480,"rotdd",0x0019CF62,"Girl: Ha ha. I don't think so!<05><NEWLINE>You can't go any further.<NEWLINE>It's a seeeecret!!!<SPEAKER_BREAK>"
1481,"rotdd",0x0019CFCF,"Old Woman: A princess has been<NEWLINE>born in Guardiana, I hear.<05><NEWLINE>Her name is Anri...<SPEAKER_BREAK>"
1482,"rotdd",0x0019D01F,"Soldier: Our country Alterone<NEWLINE>is a very poor land...<PAGE_BREAK>I wonder if we'll ever<NEWLINE>live in comfort?<SPEAKER_BREAK>"
1483,"rotdd",0x0019D07D,"Mud-Covered Man: It's so cold!<05><NEWLINE>It's so much warmer being in<NEWLINE>the mud...<SPEAKER_BREAK>"
1484,"rotdd",0x0019D0C6,"Young Merchant: I'm thinking<NEWLINE>of going to Rindo and setting<NEWLINE>up shop.<PAGE_BREAK>It has a harbor and<NEWLINE>everything. I think there's<NEWLINE>money to be made there.<SPEAKER_BREAK>"
1485,"rotdd",0x0019D153,"Priest: Welcome to Shade<NEWLINE>Abbey. Can I help you?<PAGE_BREAK>If you want to offer a prayer<NEWLINE>to the gods, please go ahead.<05><NEWLINE>I'll see you again later.<PAGE_BREAK>Ha ha ha ha......<SPEAKER_BREAK>"
1486,"rotdd",0x0019D1ED,"Balbaroy:<NEWLINE>Run! <02>Run away! It's a trap!<SPEAKER_BREAK>"
1487,"rotdd",0x0019D215,"Bell Ringer: I'm sc-sc-scared!<05><NEWLINE>Argh, what's going on?<05><NEWLINE>I don't have a clue.<SPEAKER_BREAK>"
1488,"rotdd",0x0019D263,"Bell Ringer: Da-<02>Darksol. He<NEWLINE>turned up out of the blue at<NEWLINE>the abbey.<PAGE_BREAK>He attacked the priest... He<NEWLINE>didn't want him telling anyone<NEWLINE>about the Legacy of the Gods.<PAGE_BREAK>The priest used magic to fight<NEWLINE>back, and Darksol was injured.<05><NEWLINE>But, in the end...<SPEAKER_BREAK>"
1489,"rotdd",0x0019D355,"Is the Legacy of the Gods so<NEWLINE>important? Important enough<NEWLINE>for a priest to be...<PAGE_BREAK>It's so sad...<SPEAKER_BREAK>"
1490,"rotdd",0x0019D3B4,"Pale Man: Where... <02>am I?<05><NEWLINE>Am I alive, or...<SPEAKER_BREAK>"
1491,"rotdd",0x0019D3F9,"Girl: Waaah! Waaaah!<05><NEWLINE>Daddy! Where are you?<05><NEWLINE>Waaah! Waaaaaaaah!<SPEAKER_BREAK>"
1492,"rotdd",0x0019D43A,"Woman near the quarry:<NEWLINE>Don't go that way!<05><NEWLINE>That road leads to the quarry!<PAGE_BREAK>You'll be forced to work<NEWLINE>there by Runefaust, like<NEWLINE>everyone else!<SPEAKER_BREAK>"
1493,"rotdd",0x0019D4C6,"Woman near the quarry: Thanks!<NEWLINE>You're gonna go to the quarry<NEWLINE>and rescue everybody, right?<SPEAKER_BREAK>"
1494,"rotdd",0x0019D521,"Alchemist: I'm the famous Stetla,<NEWLINE>medicine maker for 40 years!<05><NEWLINE>...Do you want something?<SPEAKER_BREAK>"
1495,"rotdd",0x0019D57C,"Alchemist: Well,<NEWLINE>first you must do<NEWLINE>something for me.<SPEAKER_BREAK>"
1496,"rotdd",0x0019D5B2,"Alchemist: Oh. Well,<NEWLINE>I have enough to do<NEWLINE>already!<SPEAKER_BREAK>"
1497,"rotdd",0x0019D5E5,"Alchemist: <NEWLINE>To tame the wild heart of<NEWLINE>Zylo, you need Lunar Dew.<PAGE_BREAK>Only one ingredient<NEWLINE>is needed to make it.<PAGE_BREAK>A stone... <02>A brilliant<NEWLINE>Moonstone is all that<NEWLINE>is needed... <02>But...<PAGE_BREAK>A Moonstone can only<NEWLINE>be found in Bustoke Quarry.<05><NEWLINE>Can you get one for me?<SPEAKER_BREAK>"
1498,"rotdd",0x0019D6DD,"Woman:<NEWLINE>All of the men were taken off<NEWLINE>to Bustoke Quarry...<PAGE_BREAK>All but Zylo, who's crazy.<05><NEWLINE>Bustoke's in such a mess...<SPEAKER_BREAK>"
1499,"rotdd",0x0019D750,"Girl: I'm sorry. No one is to<NEWLINE>pass through this way.<NEWLINE>Runefaust's orders.<PAGE_BREAK>They'll punish me if<NEWLINE>I let you through...<SPEAKER_BREAK>"
1500,"rotdd",0x0019D7C4,"Diane: Talk to my<NEWLINE>mother first.<NEWLINE>Then, come see me.<SPEAKER_BREAK>"
1501,"rotdd",0x0019D7F8,"Diane: Are you going<NEWLINE>to rescue the men?<NEWLINE>Then, I'm going with you.<PAGE_BREAK>I'll show them I can fight<NEWLINE>just as well as Lord Zylo!<SPEAKER_BREAK>"
1502,"rotdd",0x0019D871,"Diane's Mother: I've been<NEWLINE>waiting for the warriors<NEWLINE>of the Shining Force.<PAGE_BREAK>Is that you?<SPEAKER_BREAK>"
1503,"rotdd",0x0019D8C8,"Diane's Mother: I knew it!<NEWLINE>So, there's hope for us yet!<PAGE_BREAK>All of the men in our country<NEWLINE>were taken away to the quarry<NEWLINE>to work for Runefaust.<PAGE_BREAK>They're trying to dig up the<NEWLINE>ancient weapon known as the<NEWLINE>Laser Eye.<PAGE_BREAK>Please do something! Diane<NEWLINE>can lead you to the quarry.<PAGE_BREAK>If Zylo were sane, he<NEWLINE>could surely help you.<SPEAKER_BREAK>"
1504,"rotdd",0x0019D9FC,"Diane's Mother: Really?<NEWLINE>So, it was just a rumor then.<NEWLINE>We need heroes badly!<SPEAKER_BREAK>"
1505,"rotdd",0x0019DA49,"Diane's Mother:<NEWLINE>If Zylo were sane, he<NEWLINE>could surely help you.<SPEAKER_BREAK>"
1506,"rotdd",0x0019DA87,"Diane's Aunt: <NEWLINE>Poor, poor Zylo... <02>Do you<NEWLINE>want to hear his story?<SPEAKER_BREAK>"
1507,"rotdd",0x0019DACA,"Diane's Aunt: A while ago,<NEWLINE>General Balbazak of Runefaust<NEWLINE>came here, to Bustoke.<PAGE_BREAK>He put drugs in the drinking<NEWLINE>water. It didn't affect me,<NEWLINE>but it affected Zylo...<PAGE_BREAK>He went crazy, and we<NEWLINE>had to lock him away<NEWLINE>to protect ourselves!<PAGE_BREAK>Ah, poor Zylo!<SPEAKER_BREAK>"
1508,"rotdd",0x0019DBBC,"Diane's Aunt:<NEWLINE>Oh well, it's your loss!<SPEAKER_BREAK>"
1509,"rotdd",0x0019DBE4,"Diane's Cousin: Zylo's in here.<05><NEWLINE>But, it's impossible to talk<NEWLINE>to him...<PAGE_BREAK>If only we had some Lunar Dew,<NEWLINE>Zylo could be saved...<SPEAKER_BREAK>"
1510,"rotdd",0x0019DC63,"Woman: My husband was taken<NEWLINE>away before he finished the<NEWLINE>house. <02>It's only half done!<SPEAKER_BREAK>"
1511,"rotdd",0x0019DCB9,"Woman: That Runefaust!<NEWLINE>They took away every man<NEWLINE>who could work!<SPEAKER_BREAK>"
1512,"rotdd",0x0019DCFA,"Girl: My father was one of<NEWLINE>the men taken to the quarry.<05><NEWLINE>Please help him!<SPEAKER_BREAK>"
1513,"rotdd",0x0019DD45,"Weapons Seller: Welcome!<NEWLINE>This is the only shop in<NEWLINE>Bustoke selling weapons!<SPEAKER_BREAK>"
1514,"rotdd",0x0019DD91,"Item Seller: Welcome!<NEWLINE>The road ahead will be tough!<NEWLINE>You'll need some good items!<SPEAKER_BREAK>"
1515,"rotdd",0x0019DDE3,"Rindo Merchant: We are people<NEWLINE>of Rindo.<PAGE_BREAK>We opened up a shop in this<NEWLINE>land for you, <PLAYER_NAME>.<SPEAKER_BREAK>"
1516,"rotdd",0x0019DE39,"Rindo Merchant: If you see<NEWLINE>anything you need,<NEWLINE>help yourself.<PAGE_BREAK>You'll have to pay<NEWLINE>for it, though.<SPEAKER_BREAK>"
1517,"rotdd",0x0019DE9A,"Old Man: The Pao Bridge<NEWLINE>spans the valley between<NEWLINE>Bustoke and Pao.<PAGE_BREAK>Runefaust's army is<NEWLINE>gathering there.<05><NEWLINE>Be very cautious.<SPEAKER_BREAK>"
1518,"rotdd",0x0019DF15,"Girl: Yay!<NEWLINE>Daddy's come home!<05><NEWLINE>I'm sooo happy!<SPEAKER_BREAK>"
1519,"rotdd",0x0019DF45,"Girl: Thank you so much for<NEWLINE>saving everyone.<05><NEWLINE>You're wonderful!<SPEAKER_BREAK>"
1520,"rotdd",0x0019DF86,"Alchemist: Have you brought<NEWLINE>it with you? <02>Do you<NEWLINE>have the Moonstone?<SPEAKER_BREAK>"
1521,"rotdd",0x0019DFCC,"Alchemist: What's this?<NEWLINE>You haven't brought<NEWLINE>the Moonstone with you?<PAGE_BREAK>How do you expect me to<NEWLINE>make the Lunar Dew?!<SPEAKER_BREAK>"
1522,"rotdd",0x0019E03E,"Alchemist: Ah! This is indeed<NEWLINE>the Moonstone!<PAGE_BREAK>I'll start making the<NEWLINE>Lunar Dew right away!<SPEAKER_BREAK>"
1523,"rotdd",0x0019E098,"Alchemist: Hurry! You must use<NEWLINE>the Lunar Dew quickly.<05><NEWLINE>Zylo is still suffering.<SPEAKER_BREAK>"
1524,"rotdd",0x0019E0E9,"Alchemist: Ah, Zylo is saved!<05><NEWLINE>And it's all thanks to my<NEWLINE>medicine!<SPEAKER_BREAK>"
1525,"rotdd",0x0019E12D,"Man: Thank you so much.<05><NEWLINE>Thanks to you, I was able to<NEWLINE>see my daughter's face again.<SPEAKER_BREAK>"
1526,"rotdd",0x0019E182,"Woman: The men are home!<NEWLINE>How wonderful!<PAGE_BREAK>If Zylo could be cured now,<NEWLINE>all would be well...<05><NEWLINE>If only...<SPEAKER_BREAK>"
1527,"rotdd",0x0019E1E8,"Woman: Zylo's going with you<NEWLINE>on your trip?<PAGE_BREAK>Hmm, we'll miss him. But,<NEWLINE>I suppose we'll have to<NEWLINE>get used to it...<SPEAKER_BREAK>"
1528,"rotdd",0x0019E258,"Girl: No! You can't continue!<NEWLINE>The forest gets really thick<NEWLINE>from here.<PAGE_BREAK>Without someone to guide you,<NEWLINE>you'll definitely get lost.<SPEAKER_BREAK>"
1529,"rotdd",0x0019E2D9,"Girl: Zylo has joined your<NEWLINE>group? That's a relief.<PAGE_BREAK>He knows this forest like<NEWLINE>the back of his hand.<SPEAKER_BREAK>"
1530,"rotdd",0x0019E33D,"Diane's Mother: Thank you so <NEWLINE>much for saving all the men.<PAGE_BREAK>And...<05><NEWLINE>Er, it's nothing.<05><NEWLINE>Thank you.<SPEAKER_BREAK>"
1531,"rotdd",0x0019E39F,"Diane's Mother: And you saved<NEWLINE>Zylo too! I'm so grateful to<NEWLINE>you! Thank you!<SPEAKER_BREAK>"
1532,"rotdd",0x0019E3EB,"Townsman: The women here are<NEWLINE>worried about Zylo more than<NEWLINE>anything. <PAGE_BREAK>But, we can't trouble you any<NEWLINE>further.<05><NEWLINE>You've done so much already...<SPEAKER_BREAK>"
1533,"rotdd",0x0019E478,"Townsman: What?! Zylo has<NEWLINE>returned to normal? That's<NEWLINE>the best possible news!<PAGE_BREAK>Sorry?<NEWLINE>What did you say?<PAGE_BREAK>Zylo's joining your group?<05><NEWLINE>I see.<PAGE_BREAK>Then we will do our best to<NEWLINE>defend our country ourselves!<SPEAKER_BREAK>"
1534,"rotdd",0x0019E53C,"Diane's Aunt: <NEWLINE>Please help Zylo!<PAGE_BREAK>Ask the Alchemist to make<NEWLINE>some Lunar Dew!<SPEAKER_BREAK>"
1535,"rotdd",0x0019E588,"Diane's Aunt:<NEWLINE>Zylo's been cured?! And he's<NEWLINE>going off with you...?!<PAGE_BREAK>I see. Well, if that's what he<NEWLINE>wishes...<SPEAKER_BREAK>"
1536,"rotdd",0x0019E5F5,"Diane's Cousin:<NEWLINE>I beg of you!<NEWLINE>Please help Zylo!<SPEAKER_BREAK>"
1537,"rotdd",0x0019E626,"Diane's Cousin: Come back here<NEWLINE>when you've got some medicine<NEWLINE>from the Alchemist.<PAGE_BREAK>Otherwise, it's too<NEWLINE>dangerous.<SPEAKER_BREAK>"
1538,"rotdd",0x0019E697,"Diane's Cousin: OK. Now, I'll<NEWLINE>open the doors to the cell.<05><NEWLINE>Are you sure you're ready?<SPEAKER_BREAK>"
1539,"rotdd",0x0019E6EE,"Diane's Cousin:<NEWLINE>......<02>There you go.<SPEAKER_BREAK>"
1540,"rotdd",0x0019E714,"Diane's Cousin: OK.<05><NEWLINE>Whenever you're ready.<NEWLINE>I'll be waiting here.<SPEAKER_BREAK>"
1541,"rotdd",0x0019E757,"Diane's Cousin:<NEWLINE>Zylo is a strong Werewolf.<PAGE_BREAK>He can beat any enemy<NEWLINE>in the forest.<SPEAKER_BREAK>"
1542,"rotdd",0x0019E7A8,"Kokichi's wife: Kokichi<NEWLINE>never listens to me when<NEWLINE>he's doing his research.<PAGE_BREAK>And yet, if I touch any of<NEWLINE>his weird tools, he yells<NEWLINE>at me immediately!<SPEAKER_BREAK>"
1543,"rotdd",0x0019E83B,"Kokichi's wife: Not again...<05><NEWLINE>It's always OK 'til he takes<NEWLINE>off. Then the problems start.<PAGE_BREAK>I wonder where he's gone off<NEWLINE>to this time? Once it took him<NEWLINE>2 years to find his way home.<SPEAKER_BREAK>"
1544,"rotdd",0x0019E8EF,"Kokichi's helper: Kokichi's<NEWLINE>been researching how to<NEWLINE>fly for years and years!<PAGE_BREAK>I've been working as his<NEWLINE>assistant for ages.<PAGE_BREAK>That makes me pretty amazing<NEWLINE>too, right? <02>Ha ha ha!<05><NEWLINE>Or is that a bit big-headed?!<SPEAKER_BREAK>"
1545,"rotdd",0x0019E9BD,"Kokichi's helper: Kokichi's<NEWLINE>crazy! <02>Wasting his time on<NEWLINE>research! As if he could fly!!<PAGE_BREAK>So, that makes me crazy too!<05><NEWLINE>Or am I just being realistic?<SPEAKER_BREAK>"
1546,"rotdd",0x0019EA51,"Kokichi's helper: Oh yes,<NEWLINE>I forgot! I was holding on<NEWLINE>to this for Kokichi.<PAGE_BREAK>He wanted me to<NEWLINE>give it to you.<SPEAKER_BREAK>"
1547,"rotdd",0x0019EABC,"Kokichi's helper: ............<05><NEWLINE>I wonder when Kokichi will<NEWLINE>come back this time...<SPEAKER_BREAK>"
1548,"rotdd",0x0019EB0F,"Kokichi: Attach bolt B to...<SPEAKER_BREAK>"
1549,"rotdd",0x0019EB2D,"Girl: My father's come home.<05><NEWLINE>He wants to have a word with<NEWLINE>you. Listen to him, OK?<SPEAKER_BREAK>"
1550,"rotdd",0x0019EB81,"Man: Come in!<05><NEWLINE>I may not look the sort, but<NEWLINE>I study ancient history.<PAGE_BREAK>I heard this from Diane...<PAGE_BREAK>She said that you had a<NEWLINE>treasure called the Light<NEWLINE>Saber.<PAGE_BREAK>A long time ago, I heard<NEWLINE>a legend about two swords<NEWLINE>left behind by the gods.<PAGE_BREAK>One of the swords was<NEWLINE>called the Light Saber.<SPEAKER_BREAK>"
1551,"rotdd",0x0019EC95,"Man: If the sword you have<NEWLINE>really is the Light Saber...<PAGE_BREAK>How did you get hold of such<NEWLINE>a thing anyway?<PAGE_BREAK>What? You've lost your memory?<05><NEWLINE>Then I guess we have<NEWLINE>no way of knowing.<SPEAKER_BREAK>"
1552,"rotdd",0x0019ED43,"Rindo Merchant: There are no<NEWLINE>towns between here and Pao!<NEWLINE>Better do your shopping now!<SPEAKER_BREAK>"
1553,"rotdd",0x0019ED9A,"Old Man: Hm, I'm worried about<NEWLINE>what Runefaust's up to.<PAGE_BREAK>They moved some kind of eye<NEWLINE>monster over the Pao Bridge.<05><NEWLINE>Wonder what it could be?<SPEAKER_BREAK>"
1554,"rotdd",0x0019EE25,"Boken: Greetings! I'm Boken,<NEWLINE>the great adventurer!<NEWLINE>I did it at last!<PAGE_BREAK>I climbed this mountain!<05><NEWLINE>Wow, I feel great!<NEWLINE>Why don't you give it a try?<SPEAKER_BREAK>"
1555,"rotdd",0x0019EEB5,"Woman: Look!<NEWLINE>What a wonderful house!<05><NEWLINE>My husband built it himself!<SPEAKER_BREAK>"
1556,"rotdd",0x0019EEF9,"Man: She's only happy I'm home<NEWLINE>'cuz I built that addition.<05><NEWLINE>Charming.<SPEAKER_BREAK>"
1557,"rotdd",0x0019EF40,"Pao Guard: Welcome to Pao, a<NEWLINE>town that's truly on the move!<SPEAKER_BREAK>"
1558,"rotdd",0x0019EF7D,"Townswoman: Have you heard<NEWLINE>about General Elliot?<SPEAKER_BREAK>"
1559,"rotdd",0x0019EFAF,"Townswoman:<NEWLINE>He's strong and brilliant,<NEWLINE>definitely my type!<PAGE_BREAK>...But, why is he on<NEWLINE>Runefaust's side?<NEWLINE>I just don't get it!<SPEAKER_BREAK>"
1560,"rotdd",0x0019F027,"Townswoman: General<NEWLINE>Elliot is one of the greatest<NEWLINE>warlords of Runefaust.<PAGE_BREAK>But, I'm sure he's not really<NEWLINE>evil. He saved us when<NEWLINE>bandits attacked this town.<SPEAKER_BREAK>"
1561,"rotdd",0x0019F0C2,"Townswoman: The weapon and<NEWLINE>item shops travel with the<NEWLINE>caravan - buy while you can!<SPEAKER_BREAK>"
1562,"rotdd",0x0019F116,"Townswoman: Finished shopping?<05><NEWLINE>Listen! The engines!<05><NEWLINE>We'll be leaving soon!<SPEAKER_BREAK>"
1563,"rotdd",0x0019F164,"Pao Guard: What are you doing?<05><NEWLINE>Outsiders aren't allowed here!<SPEAKER_BREAK>"
1564,"rotdd",0x0019F1A4,"Pao Guard: This is the Pao<NEWLINE>Caravan. <02>The people of Pao<NEWLINE>travel the Pao Plains in it.<SPEAKER_BREAK>"
1565,"rotdd",0x0019F1F9,"Pao Guard: Our ruler,<NEWLINE>Queen Koron, is inside.<05><NEWLINE>You can't go in!<SPEAKER_BREAK>"
1566,"rotdd",0x0019F23A,"Pao Guard: We travel all<NEWLINE>over the Pao Plains. And<NEWLINE>we're getting ready to leave!<SPEAKER_BREAK>"
1567,"rotdd",0x0019F28B,"Pao Guard: Want to go inside?<NEWLINE>Can't let you in unless you're<NEWLINE>introduced by someone I know.<SPEAKER_BREAK>"
1568,"rotdd",0x0019F2E7,"Pao Guard: General Elliot<NEWLINE>is seeking someone to look<NEWLINE>after things in his place.<SPEAKER_BREAK>"
1569,"rotdd",0x0019F338,"Item Seller: This is the<NEWLINE>Pao Item Shop. Take a<NEWLINE>look around!<SPEAKER_BREAK>"
1570,"rotdd",0x0019F375,"Pao Merchant:<NEWLINE>So, are you the one they<NEWLINE>call <PLAYER_NAME>?<SPEAKER_BREAK>"
1571,"rotdd",0x0019F3A5,"Pao Merchant: The guy in<NEWLINE>the corner wants to talk to<NEWLINE>you. He says it's important.<SPEAKER_BREAK>"
1572,"rotdd",0x0019F3F8,"Pao Merchant: Oh, sorry.<NEWLINE>Never mind.<SPEAKER_BREAK>"
1573,"rotdd",0x0019F41E,"Pao Merchant: That guy<NEWLINE>you were talking to...<05><NEWLINE>He's General Elliot!<SPEAKER_BREAK>"
1574,"rotdd",0x0019F463,"Pao Merchant: I have<NEWLINE>to pack up soon,<NEWLINE>or I'll miss the train!<SPEAKER_BREAK>"
1575,"rotdd",0x0019F4A2,"Man in Bar: Stop and go, stop<NEWLINE>and go! <02>This nomadic life is<NEWLINE>really starting to bother me.<SPEAKER_BREAK>"
1576,"rotdd",0x0019F4FD,"Elliot: Ah......<05><NEWLINE>So you're <PLAYER_NAME>...<SPEAKER_BREAK>"
1577,"rotdd",0x0019F51F,"<PLAYER_NAME>:<NEWLINE>How do you know my name?<05><NEWLINE>Surely...<SPEAKER_BREAK>"
1578,"rotdd",0x0019F547,"Elliot: Calm down. You're<NEWLINE>right to be cautious, though.<PAGE_BREAK>But first, listen to me...<05><NEWLINE>Runefaust used to be a<NEWLINE>small, peace-loving nation.<PAGE_BREAK>But then, Darksol arrived,<NEWLINE>and Ramladu changed...<PAGE_BREAK>We couldn't stop Ramladu,<NEWLINE>so we're partly to blame.<NEWLINE>But, we're not bad people.<PAGE_BREAK><PLAYER_NAME>, if you're really<NEWLINE>a hero, then please<NEWLINE>remember what I have said.<SPEAKER_BREAK>"
1579,"rotdd",0x0019F6A8,"Elliot: While we're here,<NEWLINE>there's something else<NEWLINE>I should tell you.<PAGE_BREAK>You know the legend of<NEWLINE>Dark Dragon, right?<PAGE_BREAK>It's the oldest legend of all.<NEWLINE>Dark Dragon was left here<NEWLINE>with the Legacy of the Gods.<PAGE_BREAK>Legend has it that the dragon<NEWLINE>sleeps deep underground.<PAGE_BREAK>He was born into this world<NEWLINE>to destroy everything.<PAGE_BREAK>...I can't tell you much more,<NEWLINE>but Dark Dragon may<NEWLINE>awaken soon...<SPEAKER_BREAK>"
1580,"rotdd",0x0019F81A,"<PLAYER_NAME>: What?!<05><NEWLINE>Surely not...<05><NEWLINE>Is this Darksol's doing?<SPEAKER_BREAK>"
1581,"rotdd",0x0019F84E,"Elliot: I'm sorry. I can't<NEWLINE>tell you any more.<PAGE_BREAK>We cannot let the dragon wake.<NEWLINE>If he does, there will be<NEWLINE>no stopping him...<PAGE_BREAK>...That's all I can say.<SPEAKER_BREAK>"
1582,"rotdd",0x0019F8E2,"Old Man: Before long, this<NEWLINE>world will be swallowed up by<NEWLINE>Dark Dragon.<PAGE_BREAK>So, what's the point in<NEWLINE>building stone houses and<NEWLINE>fighting futile wars?<PAGE_BREAK>No home, few possessions...<NEWLINE>That's why we live this<NEWLINE>nomadic life.<SPEAKER_BREAK>"
1583,"rotdd",0x0019F9B3,"Old Man: We don't have a<NEWLINE>house or any land to lose.<NEWLINE>We are truly free!<SPEAKER_BREAK>"
1584,"rotdd",0x0019F9FB,"Young Man: The train's<NEWLINE>leaving soon! <02>We'll go along<NEWLINE>the north coast to Uranbatol!<SPEAKER_BREAK>"
1585,"rotdd",0x0019FA4F,"Paopig Guard: Paopigs are<NEWLINE>clever creatures. Far smarter<NEWLINE>than people, you know.<SPEAKER_BREAK>"
1586,"rotdd",0x0019FA9F,"Girl: The Paopigs seem <NEWLINE>scared. I think something bad<NEWLINE>may be about to happen...<SPEAKER_BREAK>"
1587,"rotdd",0x0019FAF0,"Paopig: Paaaoo!<SPEAKER_BREAK>"
1588,"rotdd",0x0019FB01,"Paopig: Paaaoo!<SPEAKER_BREAK>"
1589,"rotdd",0x0019FB12,"Paopig: Paaaoo!<SPEAKER_BREAK>"
1590,"rotdd",0x0019FB23,"Paopig: Paaaoo!<SPEAKER_BREAK>"
1591,"rotdd",0x0019FB34,"Paopig: Paaaoo!<SPEAKER_BREAK>"
1592,"rotdd",0x0019FB45,"Weapons Seller: There are<NEWLINE>stacks of weapons on sale here<NEWLINE>that I got during my travels.<SPEAKER_BREAK>"
1593,"rotdd",0x0019FB9D,"Old Man: It may be<NEWLINE>possible to defeat Elliot, but<NEWLINE>Uranbatol is another matter.<PAGE_BREAK>That fort is impregnable.<SPEAKER_BREAK>"
1594,"rotdd",0x0019FC07,"Earnest: I am Earnest,<NEWLINE>a knight. <02>My whole family<NEWLINE>was killed by Balbazak.<PAGE_BREAK>I will take soldiers with me<NEWLINE>to Uranbatol. <02>And I'll have my<NEWLINE>revenge. <02>That is my dream...<SPEAKER_BREAK>"
1595,"rotdd",0x0019FCAD,"Young Man: Paopigs have a<NEWLINE>strange gift of being able to<NEWLINE>predict the future.<PAGE_BREAK>Queen Koron reads what's in<NEWLINE>the Paopigs' minds and uses it<NEWLINE>to plan the country's future.<SPEAKER_BREAK>"
1596,"rotdd",0x0019FD53,"Young Man: Queen Koron<NEWLINE>plans the country's future by<NEWLINE>reading the Paopigs' minds.<SPEAKER_BREAK>"
1597,"rotdd",0x0019FDA5,"Queen Koron: I am<NEWLINE>the ruler of this land...<PAGE_BREAK>You've met with Elliot,<NEWLINE>haven't you?<PAGE_BREAK>He is a good man. He<NEWLINE>understands that Runefaust<NEWLINE>has chosen the wrong path.<PAGE_BREAK>But, if Elliot doesn't fight,<NEWLINE>Darksol will awaken<NEWLINE>Dark Dragon.<PAGE_BREAK>If Dark Dragon awakes, the<NEWLINE>only one who can defeat him...<05><NEWLINE>is you. That's what he said.<SPEAKER_BREAK>"
1598,"rotdd",0x0019FED9,"<PLAYER_NAME>: ......Me?<05><NEWLINE>How could I possibly have<NEWLINE>the power to do that...?<SPEAKER_BREAK>"
1599,"rotdd",0x0019FF1B,"Queen Koron: I have no<NEWLINE>idea. But, as a test of your<NEWLINE>strength and...<PAGE_BREAK>to keep his warrior's pride<NEWLINE>intact, I think Elliot may<NEWLINE>challenge you to a fight.<SPEAKER_BREAK>"
1600,"rotdd",0x0019FFB1,"Queen Koron: Well, let's not<NEWLINE>be rude to our visitor. <02>Is it<NEWLINE>OK with you if we depart?<SPEAKER_BREAK>"
1601,"rotdd",0x001A0008,"Queen Koron:<NEWLINE>We'll be leaving now.<NEWLINE>Good luck.<PAGE_BREAK>Please step outside.<05><NEWLINE>It's time for us to go!<SPEAKER_BREAK>"
1602,"rotdd",0x001A0065,"Queen Koron:<NEWLINE>Please let me know when<NEWLINE>you are ready.<SPEAKER_BREAK>"
1603,"rotdd",0x001A009A,"Townsman: Argh!<NEWLINE>Where did Vankar go?!<PAGE_BREAK>That good-for-nothing knight!<NEWLINE>Surely he's not thinking of<NEWLINE>running off with the money!<SPEAKER_BREAK>"
1604,"rotdd",0x001A0117,"Train Driver: You can look,<NEWLINE>but please don't touch!<NEWLINE>The train'll start moving!<SPEAKER_BREAK>"
1605,"rotdd",0x001A0167,"Train Driver:<NEWLINE>All ready! Engines on!<05><NEWLINE>Ooh, makes me feel alive!<SPEAKER_BREAK>"
1606,"rotdd",0x001A01A8,"Vankar: You're <PLAYER_NAME>,<NEWLINE>aren't you?<PAGE_BREAK>My name's Vankar. I regard<NEWLINE>myself as a knight, you know.<PAGE_BREAK>Did you hear about me<NEWLINE>from Queen Koron?<SPEAKER_BREAK>"
1607,"rotdd",0x001A0228,"Vankar: You did?<NEWLINE>That's OK, then.<SPEAKER_BREAK>"
1608,"rotdd",0x001A024B,"Vankar: I'm Pao's bouncer.<NEWLINE>I suppose it's like getting<NEWLINE>money for my muscles.<SPEAKER_BREAK>"
1609,"rotdd",0x001A0299,"Pao Guard: Welcome to Pao, a<NEWLINE>town that's truly on the move!<PAGE_BREAK>The pride of Runefaust, the<NEWLINE>great Uranbatol fortress, is<NEWLINE>right in front of us!<SPEAKER_BREAK>"
1610,"rotdd",0x001A0325,"Old Man: Really....?<NEWLINE>You defeated Elliot...?<PAGE_BREAK>There's no shame in being<NEWLINE>beaten by a warrior such as<NEWLINE>you. But, more importantly...<PAGE_BREAK>If you're going to attack<NEWLINE>Uranbatol, now's your chance!<PAGE_BREAK>Earnest has managed to break<NEWLINE>into the fortress.<05><NEWLINE>There's no time to lose!<SPEAKER_BREAK>"
1611,"rotdd",0x001A0429,"Old Man:<NEWLINE>If you're going to attack<NEWLINE>Uranbatol, now's your chance!<PAGE_BREAK>Earnest has managed to break<NEWLINE>into the fortress.<05><NEWLINE>There's no time to lose!<SPEAKER_BREAK>"
1612,"rotdd",0x001A04B5,"Pao Guard: If you're going to<NEWLINE>attack the fortress, watch out<NEWLINE>for Balbazak!<PAGE_BREAK>Rumor has it that he is<NEWLINE>nearly as strong as Kane!<SPEAKER_BREAK>"
1613,"rotdd",0x001A0533,"Pao Merchant: Rollin, rollin',<NEWLINE>rollin'... The life of the<NEWLINE>nomad is for me!<SPEAKER_BREAK>"
1614,"rotdd",0x001A057F,"Townsman: I... <02>I saw it!<05><NEWLINE>A lump of metal walking along<NEWLINE>giving off steam!<SPEAKER_BREAK>"
1615,"rotdd",0x001A05CB,"Pao Merchant: I scoured the<NEWLINE>coastal villages for weapons<NEWLINE>for you. Take a good look!<SPEAKER_BREAK>"
1616,"rotdd",0x001A0620,"Pao Merchant: There are lots<NEWLINE>of items on sale here that<NEWLINE>I found during my travels.<SPEAKER_BREAK>"
1617,"rotdd",0x001A0674,"Pao Merchant: This is the<NEWLINE>Pao Item Shop. Take your<NEWLINE>time and look around!<SPEAKER_BREAK>"
1618,"rotdd",0x001A06BE,"Dr. Crock's Servant:<NEWLINE>Delivery from Dr. Crock of<NEWLINE>Rindo!<PAGE_BREAK>He said this will get you in<NEWLINE>the fortress. One shot! BANG!<NEWLINE>Here you go!<SPEAKER_BREAK>"
1619,"rotdd",0x001A073E,"Dr. Crock's Servant:<NEWLINE>Message from Dr. Crock!<NEWLINE>He says take care of Guntz!<SPEAKER_BREAK>"
1620,"rotdd",0x001A0788,"Egg Hatcher: I've got a great<NEWLINE>item here. It warms up eggs<NEWLINE>and hatches them in seconds!<SPEAKER_BREAK>"
1621,"rotdd",0x001A07E0,"Egg Hatcher: Let me know if<NEWLINE>you find any rare eggs.<05><NEWLINE>I really want to try it!<SPEAKER_BREAK>"
1622,"rotdd",0x001A082F,"Egg Hatcher: You have an<NEWLINE>interesting egg there.<NEWLINE>Can I try and warm it?<SPEAKER_BREAK>"
1623,"rotdd",0x001A0877,"Egg Hatcher: Great!<NEWLINE>Give it to me, please!<SPEAKER_BREAK>"
1624,"rotdd",0x001A08A3,"Egg Hatcher: Darn! I really<NEWLINE>want to try this egg warmer...<SPEAKER_BREAK>"
1625,"rotdd",0x001A08DF,"Egg Hatcher: You don't have<NEWLINE>any more eggs? I want to heat<NEWLINE>something up, anything!<SPEAKER_BREAK>"
1626,"rotdd",0x001A0932,"Paopig Man: This is awful!<05><NEWLINE>That freak's made the<NEWLINE>Paopigs all nervous!<SPEAKER_BREAK>"
1627,"rotdd",0x001A097A,"Paopig Man: You! Are you<NEWLINE>friends with that lump of<NEWLINE>metal?<PAGE_BREAK>Then, tell him him to stay<NEWLINE>away from the Paopigs!<NEWLINE>He's scaring them!<SPEAKER_BREAK>"
1628,"rotdd",0x001A09FA,"Guntz: Yo!<NEWLINE>I'm Guntz! How do you do?<PAGE_BREAK>I don't like fighting, but I'm<NEWLINE>under Dr. Crock's orders!<PAGE_BREAK>He told me to come and help<NEWLINE>you, now that he's finally<NEWLINE>completed the steam suit.<PAGE_BREAK>So, here I am.<NEWLINE>Good to see you!<SPEAKER_BREAK>"
1629,"rotdd",0x001A0ACA,"Paopig: Paaaoo!<SPEAKER_BREAK>"
1630,"rotdd",0x001A0ADB,"Paopig: Paaaoo!<SPEAKER_BREAK>"
1631,"rotdd",0x001A0AEC,"Paopig: Paaaoo!<SPEAKER_BREAK>"
1632,"rotdd",0x001A0AFD,"Paopig: Paaaoo!<SPEAKER_BREAK>"
1633,"rotdd",0x001A0B0E,"Girl:<NEWLINE>I wonder if Earnest is OK?<05><NEWLINE>He hasn't come back yet.<SPEAKER_BREAK>"
1634,"rotdd",0x001A0B4A,"Old Man: <NEWLINE>Elliot said that...<PAGE_BREAK>maybe you can prevent<NEWLINE>Dark Dragon's revival...<SPEAKER_BREAK>"
1635,"rotdd",0x001A0B98,"Pao Guard: The one that holds<NEWLINE>the real power in Runefaust...<05><NEWLINE>is that schemer Darksol!<PAGE_BREAK>He's shrouded by mystery.<05><NEWLINE>No one even knows where<NEWLINE>he came from...<SPEAKER_BREAK>"
1636,"rotdd",0x001A0C33,"Pao Guard: What exactly is the<NEWLINE>Legacy of the Gods?<PAGE_BREAK>Wouldn't it be nice if it<NEWLINE>was something that<NEWLINE>makes people happy...?<SPEAKER_BREAK>"
1637,"rotdd",0x001A0CAB,"Handmaid: I heard General<NEWLINE>Elliot was captured by<NEWLINE>Runefaust and forced to fight.<PAGE_BREAK>That poor man...<05><NEWLINE>But, he'll be OK, now that<NEWLINE>his hopes are in your hands...<SPEAKER_BREAK>"
1638,"rotdd",0x001A0D48,"Queen Koron: Uranbatol<NEWLINE>is an enormous fortress built<NEWLINE>with Runefaust's power.<PAGE_BREAK>And the man in command...<05><NEWLINE>The Dragon Master Balbazak!<PAGE_BREAK>A brave knight named Earnest<NEWLINE>has forced his way in. If you<NEWLINE>plan to attack, do it now!<PAGE_BREAK>It won't be an easy fight.<NEWLINE>But, do your best...<NEWLINE>For Elliot's sake, too.<SPEAKER_BREAK>"
1639,"rotdd",0x001A0E6B,"Queen Koron: There's<NEWLINE>a bomb strong enough to blast<NEWLINE>through the fortress doors.<PAGE_BREAK>It's from Rindo"
1640,"rotdd",0x001A0ECA," I think it's<NEWLINE>called the Blaze Bomb.<05><NEWLINE>Do you have one?<SPEAKER_BREAK>"
1641,"rotdd",0x001A0F02,"Queen Koron: That's good news.<NEWLINE>Without it, there's no way<NEWLINE>to get inside.<SPEAKER_BREAK>"
1642,"rotdd",0x001A0F4C,"Queen Koron: You must find<NEWLINE>one, fast. Without it, you<NEWLINE>cannot enter the fortress.<SPEAKER_BREAK>"
1643,"rotdd",0x001A0F9E,"Train Driver: Mess around all<NEWLINE>you like! The engines are off,<NEWLINE>so we're not going anywhere!<SPEAKER_BREAK>"
1644,"rotdd",0x001A0FF9,"Townsman:<NEWLINE>Where's Vankar?!<05><NEWLINE>You! Do you know?<SPEAKER_BREAK>"
1645,"rotdd",0x001A1028,"Townsman: What? He was at<NEWLINE>the previous camp? Did you<NEWLINE>let him join your troops?<SPEAKER_BREAK>"
1646,"rotdd",0x001A1078,"Townsman: You don't?<NEWLINE>Well that's no help to me.<SPEAKER_BREAK>"
1647,"rotdd",0x001A10A9,"Townsman: He's your problem<NEWLINE>now. He fights well,<NEWLINE>when he feels like it.<SPEAKER_BREAK>"
1648,"rotdd",0x001A10F2,"Townsman: Good for you.<NEWLINE>Serves him right.<PAGE_BREAK>Make no mistake, though,<NEWLINE>he's a brilliant knight...<SPEAKER_BREAK>"
1649,"rotdd",0x001A1151,"Weapons Seller: Huh!<NEWLINE>Defeating Uranbatol!<05><NEWLINE>That was my plan first...<SPEAKER_BREAK>"
1650,"rotdd",0x001A1197,"Rune Knight: Ah! I surrender!<05><NEWLINE>We won't fight you anymore!<05><NEWLINE>But, listen to this!<PAGE_BREAK>Balbazak is at the harbor!<NEWLINE>He's trying to escape!<SPEAKER_BREAK>"
1651,"rotdd",0x001A121B,"Pao Guard: The harbor lies<NEWLINE>just ahead. Balbazak's there!<05><NEWLINE>But first...<PAGE_BREAK>Please save Earnest! He came<NEWLINE>here to defeat Balbazak!<PAGE_BREAK>There's no way I can let<NEWLINE>you through without him!<SPEAKER_BREAK>"
1652,"rotdd",0x001A12CB,"Pao Guard: You saved Earnest!<NEWLINE>Thank you! Now I'll open the<NEWLINE>door for you.<SPEAKER_BREAK>"
1653,"rotdd",0x001A1315,"Pao Guard: If you go any<NEWLINE>further, a battle will erupt.<NEWLINE>Check your equipment first.<PAGE_BREAK>Balbazak is a strong opponent!<NEWLINE>You must be very careful!<SPEAKER_BREAK>"
1654,"rotdd",0x001A13A2,"Rune Knight:<NEWLINE>Balbazak is the Dragon Master!<PAGE_BREAK>Beware of the powerful<NEWLINE>Blue Dragon that is<NEWLINE>under his control!<SPEAKER_BREAK>"
1655,"rotdd",0x001A140D,"Nun: The Powers of Light<NEWLINE>illuminate all, be they<NEWLINE>friend or foe.<SPEAKER_BREAK>"
1656,"rotdd",0x001A144E,"Item Seller: I don't care<NEWLINE>who I sell to, as long as I'm<NEWLINE>paid! You want anything?<SPEAKER_BREAK>"
1657,"rotdd",0x001A14A0,"Pao Guard:<NEWLINE>You must find Earnest fast!<PAGE_BREAK>Balbazak said he'd feed him<NEWLINE>to the Cerberus...<SPEAKER_BREAK>"
1658,"rotdd",0x001A14F7,"Pao Guard:<NEWLINE>Thank you so much for saving<NEWLINE>Earnest.<PAGE_BREAK>...What?<NEWLINE>Earnest defeated the Cerberus<NEWLINE>all by himself?<PAGE_BREAK>Wow, he really is strong!<SPEAKER_BREAK>"
1659,"rotdd",0x001A157A,"Mage: This is unspeakable...<05><NEWLINE>My beloved monsters have all<NEWLINE>been destroyed...<SPEAKER_BREAK>"
1660,"rotdd",0x001A15C8,"Earnest: ......<05><NEWLINE>Ah... <02>Are you...<05><NEWLINE>going to save me?<PAGE_BREAK>You were...<05><NEWLINE>on the Pao caravan.<05><NEWLINE>Who are you...?<SPEAKER_BREAK>"
1661,"rotdd",0x001A1631,"<PLAYER_NAME>:<NEWLINE>My name is <PLAYER_NAME>.<PAGE_BREAK>I am leader of<NEWLINE>the Shining Force.<NEWLINE>We fight Runefaust.<SPEAKER_BREAK>"
1662,"rotdd",0x001A1679,"Earnest:<NEWLINE>The Shining Force...<05><NEWLINE>Oh, so that's who you are...<PAGE_BREAK>Defeating that pet of<NEWLINE>Balbazak's, the Cerberus,<NEWLINE>was no problem...<PAGE_BREAK>But, then I got stuck here.<PAGE_BREAK>I demolished that wall...<05><NEWLINE>But then, I ran out of energy.<PAGE_BREAK>...I can't move another inch.<NEWLINE>I wanted to take revenge<NEWLINE>on Balbazak for my family...<SPEAKER_BREAK>"
1663,"rotdd",0x001A17A2,"<PLAYER_NAME>: Come on!<NEWLINE>Balbazak is still at the<NEWLINE>harbor!<PAGE_BREAK>You can't give up now!<NEWLINE>Don't be such a wimp!<SPEAKER_BREAK>"
1664,"rotdd",0x001A17FD,"Earnest: Huh?!<NEWLINE>You sure talk harsh<NEWLINE>for a young fella...<PAGE_BREAK>OK, I'll give it a shot.<05><NEWLINE>But, I have one request...<SPEAKER_BREAK>"
1665,"rotdd",0x001A186B,"<PLAYER_NAME>:<NEWLINE>What? Are you hungry?<SPEAKER_BREAK>"
1666,"rotdd",0x001A1885,"Earnest:<NEWLINE>Don't be ridiculous!<NEWLINE>It's nothing like that.<PAGE_BREAK>When I broke into the<NEWLINE>fortress, it was a bit crazy...<PAGE_BREAK>and I lost most of my<NEWLINE>men...<PAGE_BREAK>I don't know how,<NEWLINE>but I want to defeat<NEWLINE>Balbazak at any cost.<PAGE_BREAK>I'll join your group<NEWLINE>if you help me to<NEWLINE>defeat him!<SPEAKER_BREAK>"
1667,"rotdd",0x001A197F,"<PLAYER_NAME>: OK. Balbazak is<NEWLINE>a strong enemy. I'll be glad<NEWLINE>to have you on my team.<SPEAKER_BREAK>"
1668,"rotdd",0x001A19C8,"Earnest: Psh! You can't<NEWLINE>really mean that.<SPEAKER_BREAK>"
1669,"rotdd",0x001A19F3,"Rune Knight: So,<NEWLINE>you're <PLAYER_NAME>, leader<NEWLINE>of the Shining Force?<PAGE_BREAK>We surrender... <02>There's<NEWLINE>no point fighting now that<NEWLINE>our commander's gone...<SPEAKER_BREAK>"
1670,"rotdd",0x001A1A78,"Waral Islander: Welcome to<NEWLINE>Waral, the island paradise!<SPEAKER_BREAK>"
1671,"rotdd",0x001A1AB0,"Shipwright: It'll take some<NEWLINE>time to repair the ship.<05><NEWLINE>Try to rest and relax.<SPEAKER_BREAK>"
1672,"rotdd",0x001A1AFE,"Waral Islander: Waral is<NEWLINE>paradise! It's warm and you<NEWLINE>can catch loads of fish!<PAGE_BREAK>But, nothing ever happens<NEWLINE>here... Hardly any tourists<NEWLINE>visit here, either.<SPEAKER_BREAK>"
1673,"rotdd",0x001A1B97,"Island Girl: I want to<NEWLINE>go to the Ring Reef.<05><NEWLINE>Will you take me?<SPEAKER_BREAK>"
1674,"rotdd",0x001A1BD7,"Island Girl: Great!<05><NEWLINE>But, we can't go there<NEWLINE>right now.<PAGE_BREAK>It's too dangerous.<NEWLINE>My dad would be really angry.<SPEAKER_BREAK>"
1675,"rotdd",0x001A1C41,"Island Girl: Well, I'll find<NEWLINE>someone else, then.<SPEAKER_BREAK>"
1676,"rotdd",0x001A1C73,"Waral Guard:<NEWLINE>Welcome to Waral Castle!<SPEAKER_BREAK>"
1677,"rotdd",0x001A1C9A,"Waral Guard:<NEWLINE>Welcome to Waral Castle!<SPEAKER_BREAK>"
1678,"rotdd",0x001A1CC1,"King: Ah! So you're<NEWLINE><PLAYER_NAME>?<NEWLINE>I've heard all about you.<PAGE_BREAK>So, your boat is damaged?<05><NEWLINE>OK, I'll have it fixed<NEWLINE>for you.<PAGE_BREAK>And you can return the favor.<05><NEWLINE>I want you to advertise Waral<NEWLINE>in the countries you visit.<PAGE_BREAK><QUOTE>The Island Paradise!<QUOTE>,<05><NEWLINE><QUOTE>Vacation at Waral!<QUOTE><05><NEWLINE>...That kind of thing.<SPEAKER_BREAK>"
1679,"rotdd",0x001A1DCD,"King: Are you having fun?<NEWLINE>Just relax until your boat's<NEWLINE>fixed.<SPEAKER_BREAK>"
1680,"rotdd",0x001A1E0C,"Salesman: Well, there's no law<NEWLINE>that says the King can't<NEWLINE>own a shop. Can I help you?<SPEAKER_BREAK>"
1681,"rotdd",0x001A1E61,"King's Advisor: Welcome!<NEWLINE>There's lots to see here.<NEWLINE>Take all the time you want.<PAGE_BREAK>But... <02>Don't go further out<NEWLINE>than the buoys. Who knows what<NEWLINE>might happen...<SPEAKER_BREAK>"
1682,"rotdd",0x001A1EFD,"Hotel Manager: Welcome!<NEWLINE>Money is not necessary!<NEWLINE>Make yourself at home.<SPEAKER_BREAK>"
1683,"rotdd",0x001A1F45,"Hotel Employee: Have you<NEWLINE>come to see the famous<NEWLINE>Ring Reef?<SPEAKER_BREAK>"
1684,"rotdd",0x001A1F81,"Hotel Employee: I thought so.<05><NEWLINE>But, it's too dangerous<NEWLINE>to go there now.<SPEAKER_BREAK>"
1685,"rotdd",0x001A1FCA,"Hotel Employee: South of here<NEWLINE>is a small donut-shaped reef<NEWLINE>known as the Ring Reef.<PAGE_BREAK>In its center is a hole where<NEWLINE>sea water is sucked down.<PAGE_BREAK>But, this makes the tide<NEWLINE>stronger, so we can't get<NEWLINE>anywhere near it.<SPEAKER_BREAK>"
1686,"rotdd",0x001A209B,"Island Woman:<NEWLINE>We have two priests in this<NEWLINE>country. One in the church...<PAGE_BREAK>Oh! I wonder where the other<NEWLINE>one is?! I haven't seen him<NEWLINE>lately...<SPEAKER_BREAK>"
1687,"rotdd",0x001A2127,"Island Woman:<NEWLINE>Do you like raw fish?<SPEAKER_BREAK>"
1688,"rotdd",0x001A214C,"Island Woman: That's good.<NEWLINE>The fish here is delicious!<SPEAKER_BREAK>"
1689,"rotdd",0x001A2184,"Island Woman: I thought so.<NEWLINE>Never mind...<SPEAKER_BREAK>"
1690,"rotdd",0x001A21AF,"Waral Islander:<NEWLINE>The King's too tight-fisted.<PAGE_BREAK>We don't need money.<NEWLINE>We can manage perfectly<NEWLINE>well without it.<SPEAKER_BREAK>"
1691,"rotdd",0x001A221B,"Shela: I'm Shell's sister.<05><NEWLINE><PLAYER_NAME>, you mustn't go<NEWLINE>further out than the buoys.<PAGE_BREAK>There's a big hole in the sea<NEWLINE>floor that sucks in water.<NEWLINE>It'd destroy your little boat.<SPEAKER_BREAK>"
1692,"rotdd",0x001A22BE,"Shelra: Thank you for your<NEWLINE>kindness towards my daughter.<05><NEWLINE>I'm Shell's mother, Shelra.<PAGE_BREAK>Are you thinking of going out<NEWLINE>further than this, by any<NEWLINE>chance?<SPEAKER_BREAK>"
1693,"rotdd",0x001A2355,"Shelra: You really shouldn't.<05><NEWLINE>The tide is so strong...<PAGE_BREAK>Even we mermaids can hardly<NEWLINE>swim there. I won't stop you,<NEWLINE>but is it worth the risk?<SPEAKER_BREAK>"
1694,"rotdd",0x001A23E2,"Shelra: That's just as well.<SPEAKER_BREAK>"
1695,"rotdd",0x001A2400,"Shelra: As you wish.<NEWLINE>Well, be careful.<SPEAKER_BREAK>"
1696,"rotdd",0x001A2428,"Shelra: That's good. Let<NEWLINE>me know if you change<NEWLINE>your mind, though.<SPEAKER_BREAK>"
1697,"rotdd",0x001A246B,"Shelra: What?<NEWLINE>There's a building under<NEWLINE>the Ring Reef...?<PAGE_BREAK>Stop teasing me!<SPEAKER_BREAK>"
1698,"rotdd",0x001A24B6,"Shimol: I'm Shell's aunt!<05><NEWLINE>I saw a really strange<NEWLINE>person at the Ring Reef.<PAGE_BREAK>They were chanting<NEWLINE>spells, just like a mage.<SPEAKER_BREAK>"
1699,"rotdd",0x001A252F,"Waral Islander:<NEWLINE>I feel like I'm in heaven!<NEWLINE>This really is a paradise!<SPEAKER_BREAK>"
1700,"rotdd",0x001A2576,"Waral Islander:<NEWLINE>Ever heard of Prompt?<SPEAKER_BREAK>"
1701,"rotdd",0x001A259D,"Waral Islander: You have?<05><NEWLINE>But, does it really exist?<05><NEWLINE>I bet it's just a myth.<SPEAKER_BREAK>"
1702,"rotdd",0x001A25ED,"Waral Islander: It's said that<NEWLINE>the descendants of the ancient<NEWLINE>gods live there.<SPEAKER_BREAK>"
1703,"rotdd",0x001A263D,"Innkeeper: They say the whole<NEWLINE>sea is pouring into the reef!<PAGE_BREAK>What'll become of us?<SPEAKER_BREAK>"
1704,"rotdd",0x001A2690,"Waral Islander: Someone<NEWLINE>I've never seen before set off<NEWLINE>by boat to the Ring Reef.<PAGE_BREAK>Hope they don't get swallowed<NEWLINE>up by the ocean.<SPEAKER_BREAK>"
1705,"rotdd",0x001A2711,"Old Island Man:<NEWLINE>A visitor! <02>Would you like<NEWLINE>to hear a secret?<SPEAKER_BREAK>"
1706,"rotdd",0x001A274F,"Old Island Man: There's an old<NEWLINE>legend in this land...<PAGE_BREAK>Long ago there were special<NEWLINE>paths that could take you<NEWLINE>anywhere in an instant.<PAGE_BREAK>People say that from here<NEWLINE>there was a path to<NEWLINE>Metapha, <02>land of the gods.<SPEAKER_BREAK>"
1707,"rotdd",0x001A281E,"Old Island Man: Oh, well.<05><NEWLINE>I know you must think<NEWLINE>old people are boring...<SPEAKER_BREAK>"
1708,"rotdd",0x001A2869,"Waral Islander: Directly east<NEWLINE>of this country lies Dragonia.<NEWLINE>Sacred dragons live there.<SPEAKER_BREAK>"
1709,"rotdd",0x001A28DB,"<PLAYER_NAME>:<NEWLINE>He's fast asleep.<05><NEWLINE>...Maybe I shouldn't wake him.<SPEAKER_BREAK>"
1710,"rotdd",0x001A2911,"Priest: What did you say?<NEWLINE>You fought with Runefaust<NEWLINE>beneath this island?<PAGE_BREAK>I see. You certainly look like<NEWLINE>you have some injuries. I'm<NEWLINE>a priest. Let me help you.<SPEAKER_BREAK>"
1711,"rotdd",0x001A29B1,"Boken: Greetings! It's me,<NEWLINE>Boken, the adventurer!<05><NEWLINE>Aah <02>Aah <02>Aaah-choooo!<PAGE_BREAK>You won't believe what I<NEWLINE>found when I was exploring<NEWLINE>the sea around here!<SPEAKER_BREAK>"
1712,"rotdd",0x001A2A45,"Boken: It's incredible!<NEWLINE>There's an enormous building<NEWLINE>right underneath this island!<PAGE_BREAK>This island is resting on top<NEWLINE>of a huge building that<NEWLINE>someone built!<SPEAKER_BREAK>"
1713,"rotdd",0x001A2ADE,"Waral Islander: Are you<NEWLINE>leaving already? Come back<NEWLINE>again soon, won't you?<SPEAKER_BREAK>"
1714,"rotdd",0x001A2B29,"Shipwright: Your boat's fixed,<NEWLINE>but... <02>I can't give it to you<NEWLINE>without the King's permission.<SPEAKER_BREAK>"
1715,"rotdd",0x001A2B87,"Shipwright: There are still<NEWLINE>some monsters lurking in the<NEWLINE>sea around here, so take care.<SPEAKER_BREAK>"
1716,"rotdd",0x001A2BE0,"Waral Islander:<NEWLINE>Ring Reef is really peaceful<NEWLINE>now. How wonderful.<PAGE_BREAK>You wouldn't have anything<NEWLINE>to do with that, would you?<SPEAKER_BREAK>"
1717,"rotdd",0x001A2C59,"Island Girl: Oh, no!<NEWLINE>Ring Reef has returned to<NEWLINE>normal! It's so boring!<SPEAKER_BREAK>"
1718,"rotdd",0x001A2CA1,"Waral Guard:<NEWLINE>Welcome to Waral Castle!<SPEAKER_BREAK>"
1719,"rotdd",0x001A2CC8,"Waral Guard:<NEWLINE>Welcome to Waral Castle!<SPEAKER_BREAK>"
1720,"rotdd",0x001A2CEF,"King of Waral: Oh, it's you!<NEWLINE>Your boat has been repaired.<NEWLINE>Are you leaving now?<SPEAKER_BREAK>"
1721,"rotdd",0x001A2D3F,"King of Waral: I see. <02>Well,<NEWLINE>the bill for the boat repairs<NEWLINE>comes to 1,000,000 gold.<PAGE_BREAK>Will you pay it now?<SPEAKER_BREAK>"
1722,"rotdd",0x001A2DA9,"King of Waral: That's a good<NEWLINE>idea. Rest for a little while.<SPEAKER_BREAK>"
1723,"rotdd",0x001A2DE6,"King of Waral: Ha!<NEWLINE>You don't have 1,000,000<NEWLINE>gold coins!<PAGE_BREAK>You're lying! I'm going to<NEWLINE>make you work in my shop!<SPEAKER_BREAK>"
1724,"rotdd",0x001A2E54,"King of Waral: Well, I can't let<NEWLINE>you go without paying!<SPEAKER_BREAK>"
1725,"rotdd",0x001A2E8D,"King of Waral: <NEWLINE>No, I'm only joking!<05><NEWLINE>I don't want money from you.<PAGE_BREAK>I'm well aware that it was you<NEWLINE>who put Ring Reef back to<NEWLINE>normal.<PAGE_BREAK>It had been troubling me for<NEWLINE>ages, and I'd been hoping<NEWLINE>someone would sort it out.<PAGE_BREAK>I thank you on behalf of the<NEWLINE>people of Waral.<05><NEWLINE>Have a safe journey.<SPEAKER_BREAK>"
1726,"rotdd",0x001A2FA8,"King of Waral: I thank you on<NEWLINE>behalf of the people of Waral.<05><NEWLINE>Have a safe journey.<SPEAKER_BREAK>"
1727,"rotdd",0x001A2FFC,"King's Advisor:<NEWLINE>You put Ring Reef back to<NEWLINE>normal for us, right?<PAGE_BREAK>The King is very pleased.<SPEAKER_BREAK>"
1728,"rotdd",0x001A3057,"Hotel Manager:<NEWLINE>Come back again soon!<NEWLINE>We'll be waiting!<SPEAKER_BREAK>"
1729,"rotdd",0x001A308F,"Hotel Employee:<NEWLINE>There was a strange world<NEWLINE>underneath Ring Reef?<PAGE_BREAK>A likely story!<SPEAKER_BREAK>"
1730,"rotdd",0x001A30E0,"Island Woman: What?<NEWLINE>You met a priest<NEWLINE>underneath Ring Reef? Gosh!<SPEAKER_BREAK>"
1731,"rotdd",0x001A3122,"Island Woman: Boken has taken<NEWLINE>a real liking to our country.<05><NEWLINE>He loves the raw fish!<SPEAKER_BREAK>"
1732,"rotdd",0x001A3177,"Waral Islander: Do you have<NEWLINE>enough weapons and items?<NEWLINE>Better check before you leave.<PAGE_BREAK>You never know what might<NEWLINE>happen when you're out at sea.<SPEAKER_BREAK>"
1733,"rotdd",0x001A3206,"Shela: I'm Shell's sister,<NEWLINE>Shela. She's really happy<NEWLINE>that you're safe, <PLAYER_NAME>.<SPEAKER_BREAK>"
1734,"rotdd",0x001A3251,"Shelra: My daughter Shell<NEWLINE>really wanted to see you,<NEWLINE><PLAYER_NAME>.<PAGE_BREAK>Please go and see her before<NEWLINE>you leave.<SPEAKER_BREAK>"
1735,"rotdd",0x001A32B1,"Shimol: I'm Shell's aunt,<NEWLINE>Shimol! Did you see the shiny<NEWLINE>man too?<SPEAKER_BREAK>"
1736,"rotdd",0x001A32F3,"Shimol: I thought so!<05><NEWLINE>What? Underneath Ring Reef?<PAGE_BREAK>I wonder what he's up to?<NEWLINE>He didn't look like a bad man,<NEWLINE>but...<SPEAKER_BREAK>"
1737,"rotdd",0x001A3367,"Shimol: That's weird...<05><NEWLINE>I definitely saw him...<SPEAKER_BREAK>"
1738,"rotdd",0x001A3399,"Waral Islander: Oh!<NEWLINE>Leaving so soon? But,<NEWLINE>life is so good here...<SPEAKER_BREAK>"
1739,"rotdd",0x001A33DC,"Waral Islander: Off to Prompt?<NEWLINE>I wonder what the descendants<NEWLINE>of the gods are like...<SPEAKER_BREAK>"
1740,"rotdd",0x001A3432,"Innkeeper: It seems that Ring<NEWLINE>Reef has calmed down now...<05><NEWLINE>I can do business in peace.<SPEAKER_BREAK>"
1741,"rotdd",0x001A348A,"Waral Islander:<NEWLINE>You fought with Runefaust<NEWLINE>underneath Ring Reef?<PAGE_BREAK>They must be very adventurous<NEWLINE>to come all this way.<05><NEWLINE>Ha! Just like you!<SPEAKER_BREAK>"
1742,"rotdd",0x001A3513,"Old Man: What?!<NEWLINE>You've found a path?!<05><NEWLINE>Right, let's get going!<PAGE_BREAK>...The entrance is blocked?<05><NEWLINE>Oh, that's a pity...<SPEAKER_BREAK>"
1743,"rotdd",0x001A3585,"Waral Islander: Have<NEWLINE>you heard of Dragonia?<SPEAKER_BREAK>"
1744,"rotdd",0x001A35B2,"Waral Islander: You should go<NEWLINE>there if you're going to the<NEWLINE>eastern continent.<SPEAKER_BREAK>"
1745,"rotdd",0x001A3601,"Waral Islander: What?<NEWLINE>You've never heard<NEWLINE>of Dragonia?<PAGE_BREAK>Well, in Dragonia there<NEWLINE>are these amazing<NEWLINE>dragon gods.<PAGE_BREAK>It's said that they protect<NEWLINE>the ancient treasures.<SPEAKER_BREAK>"
1746,"rotdd",0x001A36A2,"Priest: Oh, you're back safe!<05><NEWLINE>We must thank the Powers<NEWLINE>of Light for their help.<PAGE_BREAK>Hm? What was that? The path<NEWLINE>to Metapha has been blocked?<PAGE_BREAK>You mustn't give up...<NEWLINE>There must be another way<NEWLINE>to get to Metapha.<SPEAKER_BREAK>"
1747,"rotdd",0x001A3771,"Priest: Oh. So, there's a<NEWLINE>path in Prompt, the land of<NEWLINE>the descendants of the gods?<PAGE_BREAK>Good luck. If my father knew<NEWLINE>what you were doing, I'm sure<NEWLINE>he'd be pleased.<PAGE_BREAK><05>Prompt is a long way away.<NEWLINE>You'd better be careful.<SPEAKER_BREAK>"
1748,"rotdd",0x001A3846,"Boken: Can't beat that<NEWLINE>raw fish... but I'm restless.<05><NEWLINE>I must set off again soon!<PAGE_BREAK>Maybe I'll go to Dragonia,<NEWLINE>land of the dragon gods!<SPEAKER_BREAK>"
1749,"rotdd",0x001A38CC,"Shell: Long time, no see!<05><NEWLINE>Where've you been?<05><NEWLINE>What? Ring Reef?<PAGE_BREAK>So you must have met the<NEWLINE>priest then. Did you know that<NEWLINE>his father was a priest, too?<SPEAKER_BREAK>"
1750,"rotdd",0x001A3963,"Shell: Really? He doesn't<NEWLINE>usually talk to anyone about<NEWLINE>his father.<PAGE_BREAK>Are you leaving already?<05><NEWLINE>I'll show you the sights<NEWLINE>when you're done fighting!<SPEAKER_BREAK>"
1751,"rotdd",0x001A39F5,"Shell: His father was a<NEWLINE>priest at Shade Abbey.<PAGE_BREAK>He was related to the King<NEWLINE>of Guardiana.<PAGE_BREAK>Are you leaving already?<05><NEWLINE>Come back again<NEWLINE>and I'll show you the sights!<SPEAKER_BREAK>"
1752,"rotdd",0x001A3A96,"Rindo Merchant:<NEWLINE>Lord <PLAYER_NAME>!<05><NEWLINE>We're Rindo merchants!<PAGE_BREAK>Wherever you go, we'll be<NEWLINE>right behind you!<05><NEWLINE>OK, let's do business!<SPEAKER_BREAK>"
1753,"rotdd",0x001A3B0B,"Boken: What's going on here?!<05><NEWLINE>I heard this was the land of<NEWLINE>the dragon gods...<PAGE_BREAK>But, there's not one dragon<NEWLINE>to be seen!<SPEAKER_BREAK>"
1754,"rotdd",0x001A3B83,"Bleu: Oh! Stop it!<NEWLINE>I'm a cowardly dragon!<NEWLINE>Leave me alone!<SPEAKER_BREAK>"
1755,"rotdd",0x001A3BBE,"Kane:<NEWLINE>It's been a long time,<NEWLINE><PLAYER_NAME>.<SPEAKER_BREAK>"
1756,"rotdd",0x001A3BED,"Kane: You remember my name?<05><NEWLINE>I've been hearing much<NEWLINE>of you, lately...<PAGE_BREAK>...Of how you defeated<NEWLINE>General Elliot at Pao...<05><NEWLINE>You must be pretty strong.<PAGE_BREAK>Go to your headquarters,<NEWLINE>and return once you've<NEWLINE>prepared yourself for battle.<PAGE_BREAK>Our forces will fight<NEWLINE>on equal terms!<SPEAKER_BREAK>"
1757,"rotdd",0x001A3CF4,"Go to your headquarters,<NEWLINE>and return once you've<NEWLINE>prepared yourself for battle.<PAGE_BREAK>Our forces will fight<NEWLINE>on equal terms!<SPEAKER_BREAK>"
1758,"rotdd",0x001A3D69,"Kane: Stop! <PLAYER_NAME>!<NEWLINE>I don't want to fight you<NEWLINE>anymore!<PAGE_BREAK>It was all Darksol's doing.<05><NEWLINE>He made me wear a cursed<NEWLINE>mask, and he controlled me.<PAGE_BREAK>I'm sorry...<NEWLINE>I'm so sorry...<NEWLINE>My terrible deeds...<SPEAKER_BREAK>"
1759,"rotdd",0x001A3E20,"<PLAYER_NAME>: Kane...<05><NEWLINE>Are you really my...<05><NEWLINE>...brother?<PAGE_BREAK>I've lost my memory.<NEWLINE>I don't remember a thing.<SPEAKER_BREAK>"
1760,"rotdd",0x001A3E7E,"Kane: Yes...<NEWLINE>But, we must talk about this<NEWLINE>some other time.<PAGE_BREAK>If the Book of Secrets is in<NEWLINE>that villain's hands, then<NEWLINE>the world will meet its end.<PAGE_BREAK>And our journey here<NEWLINE>will have been in vain...<05><NEWLINE>All right, this is it...<SPEAKER_BREAK>"
1761,"rotdd",0x001A3F58,"Rindo Merchant:<NEWLINE>Hey! Welcome! I came here<NEWLINE>from Rindo to do business!<SPEAKER_BREAK>"
1762,"rotdd",0x001A3F9E,"Rindo Merchant:<NEWLINE>Hey! Welcome! I came here<NEWLINE>from Rindo to do business!<SPEAKER_BREAK>"
1763,"rotdd",0x001A3FE4,"Old Man: I was worried about<NEWLINE>leaving the kids on their own,<NEWLINE>so I stayed behind.<SPEAKER_BREAK>"
1764,"rotdd",0x001A4035,"Lyle: Hi! Nice to see another<NEWLINE>stranger in town! <NEWLINE>By the way...<PAGE_BREAK>Have you seen a guy called<NEWLINE><PLAYER_NAME>?<SPEAKER_BREAK>"
1765,"rotdd",0x001A40B1,"Lyle: Ah! I see...<05><NEWLINE>Huh?! What was that?!<NEWLINE>Great... <02>Great to meet you!<PAGE_BREAK>I'm Lyle, an Assault Knight!<05><NEWLINE>Dr. Crock of Rindo asked me<NEWLINE>to come here.<SPEAKER_BREAK>"
1766,"rotdd",0x001A4141,"Lyle: That's what I thought...<NEWLINE>He's on his way to Prompt,<NEWLINE>so he wouldn't be around here.<SPEAKER_BREAK>"
1767,"rotdd",0x001A419B,"Old Man: Aaaah. The sun<NEWLINE>feels great...<SPEAKER_BREAK>"
1768,"rotdd",0x001A41C3,"Boy:<NEWLINE>It's his hobby to make traps.<NEWLINE>You'd better look out.<SPEAKER_BREAK>"
1769,"rotdd",0x001A41FE,"Boy: Ha ha ha ha...<05><NEWLINE>Maybe here...<05><NEWLINE>No, here's the spot!<SPEAKER_BREAK>"
1770,"rotdd",0x001A4238,"Girl: I hate adults!<NEWLINE>They all ran out on the<NEWLINE>dragons and left the village!<SPEAKER_BREAK>"
1771,"rotdd",0x001A4284,"Dog: Grrr... <02>Woof! Woof!<SPEAKER_BREAK>"
1772,"rotdd",0x001A429F,"Girl: Hey!<05><NEWLINE>......I'm busy right now!<NEWLINE>Don't disturb me!<SPEAKER_BREAK>"
1773,"rotdd",0x001A42D8,"Chicken: Cluck cluck!<SPEAKER_BREAK>"
1774,"rotdd",0x001A42EF,"Boy: We can do loads<NEWLINE>of stuff, 'cuz there are no<NEWLINE>adults around.<PAGE_BREAK>We're researching all sorts<NEWLINE>of things, and we've got a<NEWLINE>proper leader and everything.<SPEAKER_BREAK>"
1775,"rotdd",0x001A4385,"Boy: We've made a<NEWLINE>barricade to keep the<NEWLINE>adults out!<SPEAKER_BREAK>"
1776,"rotdd",0x001A43DC,"Boy: We made a<NEWLINE>barricade in case our moms<NEWLINE>and dads come back.<PAGE_BREAK>Trouble is, it means we can't<NEWLINE>get out of the village, either.<05><NEWLINE>Can't go and see Bleu.<PAGE_BREAK>But, don't worry. I'm about<NEWLINE>to get rid of the last rocks!<SPEAKER_BREAK>"
1777,"rotdd",0x001A44AB,"Village Boy: Heave-ho!<NEWLINE>Heave-ho! <02>......Ah!<SPEAKER_BREAK>"
1778,"rotdd",0x001A44D8,"Boy: Ahem!<NEWLINE>I'm pretty strong, huh?<SPEAKER_BREAK>"
1779,"rotdd",0x001A44FC,"Girl: Karin's amazing! She's<NEWLINE>a kid like us, but she reads<NEWLINE>lots and knows everything!<SPEAKER_BREAK>"
1780,"rotdd",0x001A4552,"Boy: Your shirt is<NEWLINE>really, really dirty!<NEWLINE>You should wash it!<SPEAKER_BREAK>"
1781,"rotdd",0x001A4590,"Boy: This village was<NEWLINE>made by dragon god followers.<05><NEWLINE>There aren't many left...<PAGE_BREAK>Other than the old dragons,<NEWLINE>only Bleu is left.<05><NEWLINE>Bleu's a kid... and a coward.<PAGE_BREAK>That's why the adults left<NEWLINE>the village. Because it was<NEWLINE>the end for the dragon gods.<SPEAKER_BREAK>"
1782,"rotdd",0x001A4682,"Boy: ............<05><NEWLINE>If Bleu doesn't get stronger,<NEWLINE>it really is the end.<SPEAKER_BREAK>"
1783,"rotdd",0x001A46CA,"Girl: We protect the<NEWLINE>dragon gods all by ourselves.<05><NEWLINE>We don't need adults.<SPEAKER_BREAK>"
1784,"rotdd",0x001A4715,"Boy: Adults are awful.<05><NEWLINE>How could they leave the<NEWLINE>dragon gods like that...<PAGE_BREAK>We're different! <02>We're not<NEWLINE>going anywhere until Bleu<NEWLINE>becomes a great dragon!<SPEAKER_BREAK>"
1785,"rotdd",0x001A47AE,"Boy: We've decided!<05><NEWLINE>We're not leaving until Bleu<NEWLINE>becomes a great dragon!<SPEAKER_BREAK>"
1786,"rotdd",0x001A47F9,"Boy:<NEWLINE>My hobby's power walking!<NEWLINE>What's yours?<SPEAKER_BREAK>"
1787,"rotdd",0x001A4827,"Rindo Merchant: Hello!<NEWLINE>Good to see you again!<NEWLINE>I'm a merchant from Rindo!<PAGE_BREAK>Ah, what a mistake! There<NEWLINE>are no adults to buy my stuff<NEWLINE>here. I shouldn't have come.<SPEAKER_BREAK>"
1788,"rotdd",0x001A48C6,"Boy: This is the land<NEWLINE>of children, <02>Rudo!<SPEAKER_BREAK>"
1789,"rotdd",0x001A48F1,"Girl: Talk to Karin!<SPEAKER_BREAK>"
1790,"rotdd",0x001A4907,"Girl: Did Karin tell you<NEWLINE>about Bleu?<SPEAKER_BREAK>"
1791,"rotdd",0x001A492D,"Girl: No way!<NEWLINE>She wouldn't tell a stranger!<SPEAKER_BREAK>"
1792,"rotdd",0x001A495A,"Girl: I thought so.<NEWLINE>She's really worried<NEWLINE>about Bleu.<PAGE_BREAK>Bleu is a young dragon god,<NEWLINE>but he's really cowardly.<05><NEWLINE>And he's the last one too...<SPEAKER_BREAK>"
1793,"rotdd",0x001A49E4,"Karin: I'm Karin. I'm the<NEWLINE>leader of Rudo.<PAGE_BREAK>Your friends told me all<NEWLINE>about you.<PAGE_BREAK>You're searching for the<NEWLINE>Legacy of the Gods, right?<05><NEWLINE>Do you have any leads?<SPEAKER_BREAK>"
1794,"rotdd",0x001A4A7F,"<PLAYER_NAME>: Well...<NEWLINE>I thought we did, but it turns<NEWLINE>out we didn't... not yet...<SPEAKER_BREAK>"
1795,"rotdd",0x001A4AC6,"Karin: I see...<NEWLINE>Then you should talk to Krin,<NEWLINE>my little sister.<PAGE_BREAK>She spends all her time<NEWLINE>reading old records, so she'll<NEWLINE>probably know something.<SPEAKER_BREAK>"
1796,"rotdd",0x001A4B57,"Karin: Did you find Krin?<05><NEWLINE>Her pet's a bit rowdy,<NEWLINE>so be careful, OK?<SPEAKER_BREAK>"
1797,"rotdd",0x001A4B9D,"Karin: ...The Book of Secrets.<NEWLINE>It is the duty of the dragon<NEWLINE>gods to look after it.<PAGE_BREAK>And you're going to Dragonia<NEWLINE>in search of it, right?<05><NEWLINE>Then, I have a favor to ask...<PAGE_BREAK>As you probably know, there's<NEWLINE>a baby dragon here called Bleu.<05><NEWLINE>He's a real coward......<PAGE_BREAK>If you see him, give him a bit<NEWLINE>of encouragement. Tell him<NEWLINE>to become a great dragon god.<SPEAKER_BREAK>"
1798,"rotdd",0x001A4CF6,"Karin: If you see Bleu, give<NEWLINE>him a boost. Tell him to<NEWLINE>become a great dragon god.<SPEAKER_BREAK>"
1799,"rotdd",0x001A4D48,"Karin: Bleu's become a great<NEWLINE>dragon god, but let's keep it<NEWLINE>to ourselves for a while.<PAGE_BREAK>You're going back to fight<NEWLINE>again, aren't you? <NEWLINE>Be careful!<SPEAKER_BREAK>"
1800,"rotdd",0x001A4DD9,"Girl: Oh, good!<NEWLINE>You're better.<PAGE_BREAK>Your boat ran aground on<NEWLINE>the shore.<PAGE_BREAK>You were half-dead<NEWLINE>when we found you.<NEWLINE>...But, you seem OK now.<SPEAKER_BREAK>"
1801,"rotdd",0x001A4E5C,"<PLAYER_NAME>:<NEWLINE>What about the others...?<NEWLINE>Is everyone OK?<SPEAKER_BREAK>"
1802,"rotdd",0x001A4E8A,"Girl: Yeah. They're<NEWLINE>resting at headquarters.<PAGE_BREAK>Oh, yeah! You'd better thank<NEWLINE>Karin. She was the one who<NEWLINE>found you.<SPEAKER_BREAK>"
1803,"rotdd",0x001A4EFB,"Girl: Talk to Karin, OK?<SPEAKER_BREAK>"
1804,"rotdd",0x001A4F15,"Village Girl: All of the kids<NEWLINE>in this village are friends<NEWLINE>of Bleu.<SPEAKER_BREAK>"
1805,"rotdd",0x001A4F59,"Girl: Oooh! You're<NEWLINE>going to Dragonia?<NEWLINE>Say hi to Bleu for me!<SPEAKER_BREAK>"
1806,"rotdd",0x001A4F97,"Boy: Bleu will be a great<NEWLINE>dragon god someday!<NEWLINE>But, he's a cry-baby now.<SPEAKER_BREAK>"
1807,"rotdd",0x001A5002,"Krin: Who are you?<NEWLINE>That cute Cerberus is my<NEWLINE>pet, you know.<PAGE_BREAK>Did you want something?<SPEAKER_BREAK>"
1808,"rotdd",0x001A5056,"<PLAYER_NAME>:<NEWLINE>Yeah.<NEWLINE>I was speaking to your sister.<PAGE_BREAK>She said that you know a<NEWLINE>lot of stuff from reading old<NEWLINE>books and records.<SPEAKER_BREAK>"
1809,"rotdd",0x001A50C9,"Krin: Yeah, I've studied a<NEWLINE>few things. <02>What did you<NEWLINE>want to know about?<SPEAKER_BREAK>"
1810,"rotdd",0x001A5113,"<PLAYER_NAME>: Well......<NEWLINE>The Legacy of the Gods......<05><NEWLINE>Dark Dragon......<SPEAKER_BREAK>"
1811,"rotdd",0x001A5152,"Krin: Hmm. Hang on a sec.<PAGE_BREAK>............<PAGE_BREAK>............<PAGE_BREAK>............<PAGE_BREAK>There's nothing in here<NEWLINE>about the Legacy of the<NEWLINE>Gods.<SPEAKER_BREAK>"
1812,"rotdd",0x001A51CA,"<PLAYER_NAME>: ......?<NEWLINE>How can you know that<NEWLINE>from just closing your eyes?!<PAGE_BREAK>Surely...<05><NEWLINE>You don't remember what<NEWLINE>it all says, do you?<SPEAKER_BREAK>"
1813,"rotdd",0x001A5242,"Krin: Yeah. Why?<NEWLINE>Is that weird?<SPEAKER_BREAK>"
1814,"rotdd",0x001A5271,"Krin: Well, there was nothing<NEWLINE>about that, but there was<NEWLINE>something on Dark Dragon.<PAGE_BREAK>Want to know more?<SPEAKER_BREAK>"
1815,"rotdd",0x001A52D7,"Krin: The Book of Secrets...<NEWLINE>There's a link between<NEWLINE>that and Dark Dragon.<PAGE_BREAK>The book contains the spell<NEWLINE>used when Dark Dragon<NEWLINE>was sealed away.<PAGE_BREAK>So, if anyone had that book,<NEWLINE>they'd be able to break the<NEWLINE>seal and free the dragon.<PAGE_BREAK>That's why the book is<NEWLINE>guarded by the strongest<NEWLINE>race on this earth...<PAGE_BREAK>...the dragon gods<NEWLINE>of Dragonia.<PAGE_BREAK>If you want to know more, then<NEWLINE>you should go to Dragonia.<05><NEWLINE>Oh, and one more thing...<PAGE_BREAK>If you do find the Book of<NEWLINE>Secrets, let me know what else<NEWLINE>it says in there, OK?<SPEAKER_BREAK>"
1816,"rotdd",0x001A54C3,"Krin: What!? How dull!<NEWLINE>And I was all ready to tell<NEWLINE>you about it, too!<SPEAKER_BREAK>"
1817,"rotdd",0x001A550A,"Krin: Ah-hah! So now you<NEWLINE>want to know about<NEWLINE>Dark Dragon, do you?<SPEAKER_BREAK>"
1818,"rotdd",0x001A554C,"Krin: If you find the<NEWLINE>Book of Secrets, let me<NEWLINE>know what it says, OK?<SPEAKER_BREAK>"
1819,"rotdd",0x001A5592,"Old Man: The kids all really<NEWLINE>love Bleu. <02>That's why they<NEWLINE>are so concerned about him.<SPEAKER_BREAK>"
1820,"rotdd",0x001A55E8,"Old Man: Bleu's become really<NEWLINE>strong! And it's all thanks<NEWLINE>to you. Thanks a lot!<SPEAKER_BREAK>"
1821,"rotdd",0x001A5639,"Old Man: ........Sunbathing...<05><NEWLINE>............Aaaaah....<05><NEWLINE>It feels great...<SPEAKER_BREAK>"
1822,"rotdd",0x001A5684,"Boy: Where did that kid go?<NEWLINE>I wonder if he's digging<NEWLINE>another trap or something?<SPEAKER_BREAK>"
1823,"rotdd",0x001A56D5,"Boy: Uuurgh....<NEWLINE>I fell into one of my own<NEWLINE>traps...<SPEAKER_BREAK>"
1824,"rotdd",0x001A5709,"Girl: Bleu's leaving<NEWLINE>with you, right? <02>What will<NEWLINE>happen to our village...?<SPEAKER_BREAK>"
1825,"rotdd",0x001A5755,"Dog: Ahoooh Ahoooh.<SPEAKER_BREAK>"
1826,"rotdd",0x001A576A,"Village Girl: Hey,<NEWLINE><PLAYER_NAME>! Thanks for<NEWLINE>what you did for Bleu.<SPEAKER_BREAK>"
1827,"rotdd",0x001A57A3,"Chicken: Cluck Cluck.<SPEAKER_BREAK>"
1828,"rotdd",0x001A57BA,"Boy: If Bleu's leaving,<NEWLINE>then there's not much<NEWLINE>point in us staying...<SPEAKER_BREAK>"
1829,"rotdd",0x001A5800,"Boy: Stop!<05><NEWLINE>Krin's got something<NEWLINE>important to tell you!<SPEAKER_BREAK>"
1830,"rotdd",0x001A5839,"Boy: Be careful when you<NEWLINE>leave here. There's a<NEWLINE>strange castle to the south.<SPEAKER_BREAK>"
1831,"rotdd",0x001A5886,"Girl: Sorry for saying<NEWLINE>those things before. There<NEWLINE>are some nice adults.<SPEAKER_BREAK>"
1832,"rotdd",0x001A58CF,"Boy: I thought I saw a big<NEWLINE>castle to the south. It was<NEWLINE>shaped like a skull!<PAGE_BREAK>But, then it disappeared!<NEWLINE>Maybe I was hallucinating.<SPEAKER_BREAK>"
1833,"rotdd",0x001A5951,"Boy:......<NEWLINE>All of the other dragon gods<NEWLINE>have been killed...?!<PAGE_BREAK>But... <02>But as long as we<NEWLINE>have Bleu, Dragonia and the<NEWLINE>dragon gods won't die out.<SPEAKER_BREAK>"
1834,"rotdd",0x001A59E1,"Girl: My parents are<NEWLINE>living near Prompt.<NEWLINE>It's south of here.<SPEAKER_BREAK>"
1835,"rotdd",0x001A5A1F,"Boy: Tell Bleu to come<NEWLINE>back to Dragonia when<NEWLINE>he's finished fighting.<PAGE_BREAK>We'll be waiting for him!<SPEAKER_BREAK>"
1836,"rotdd",0x001A5A7F,"Boy: Ah, great weather<NEWLINE>again today.<SPEAKER_BREAK>"
1837,"rotdd",0x001A5AA4,"Rindo Merchant:<NEWLINE>Welcome back, <PLAYER_NAME>.<NEWLINE>Time for some shopping?<SPEAKER_BREAK>"
1838,"rotdd",0x001A5ADE,"Boy: This is Rudo,<NEWLINE>a village of children!<SPEAKER_BREAK>"
1839,"rotdd",0x001A5B09,"Girl: Have you been<NEWLINE>to see Krin?<SPEAKER_BREAK>"
1840,"rotdd",0x001A5B2B,"Girl: Oh. Never mind, then.<SPEAKER_BREAK>"
1841,"rotdd",0x001A5B48,"Girl: She's really excited<NEWLINE>about something that<NEWLINE>she found.<SPEAKER_BREAK>"
1842,"rotdd",0x001A5B84,"Karin: Welcome back,<NEWLINE><PLAYER_NAME>.<PAGE_BREAK>Everyone was really happy<NEWLINE>when I told them how strong<NEWLINE>Bleu's become.<PAGE_BREAK>Thank you so much.<05><NEWLINE>Krin says she's found<NEWLINE>something in the old records.<PAGE_BREAK>You should go and talk to her"
1843,"rotdd",0x001A5C47,"<NEWLINE>find out what it's about.<SPEAKER_BREAK>"
1844,"rotdd",0x001A5C63,"Karin: You should talk<NEWLINE>to Krin.<SPEAKER_BREAK>"
1845,"rotdd",0x001A5C84,"Karin:...What?!<NEWLINE>The Legacy of the Gods is<NEWLINE>actually Dark Dragon?<PAGE_BREAK>But, why?<05><NEWLINE>Why would the gods create<NEWLINE>such a fearsome thing?<SPEAKER_BREAK>"
1846,"rotdd",0x001A5D01,"Karin: I hear a creepy castle<NEWLINE>has appeared to the south.<NEWLINE>Take care of yourselves!<PAGE_BREAK>One more thing...<05><NEWLINE>I want you to have this.<PAGE_BREAK>It's my way of saying thanks.<NEWLINE>Take good care of it.<SPEAKER_BREAK>"
1847,"rotdd",0x001A5DB4,"Karin: I hear a creepy castle<NEWLINE>has appeared to the south.<NEWLINE>Take care of yourselves!<SPEAKER_BREAK>"
1848,"rotdd",0x001A5E07,"Girl: You helped Bleu,<NEWLINE>didn't you? Thanks!<PAGE_BREAK>I could be your girlfriend if<NEWLINE>you like...<SPEAKER_BREAK>"
1849,"rotdd",0x001A5E5D,"Boy: Bleu's become a<NEWLINE>really strong dragon.<05><NEWLINE>Yahooooo!<SPEAKER_BREAK>"
1850,"rotdd",0x001A5EA5,"Krin: Hey! Seems like you've<NEWLINE>been gone for ages! <02>Anyway,<NEWLINE>I looked over the records...<PAGE_BREAK>And I discovered there was a<NEWLINE>book I hadn't finished yet.<05><NEWLINE>Want to know more?<SPEAKER_BREAK>"
1851,"rotdd",0x001A5F4A,"Krin: OK, I'll read you<NEWLINE>the new passage I found.<PAGE_BREAK><QUOTE>The gods left a huge power<NEWLINE>in this world...<PAGE_BREAK>This power took the form of<NEWLINE>a sinister dark dragon...<QUOTE><05><NEWLINE>That's what it says.<PAGE_BREAK>You're looking for the Legacy<NEWLINE>of the Gods and Dark<NEWLINE>Dragon... <02>They're the same!<SPEAKER_BREAK>"
1852,"rotdd",0x001A6063,"Krin: I was surprised too.<05><NEWLINE>But, what about<NEWLINE>the Book of Secrets?<SPEAKER_BREAK>"
1853,"rotdd",0x001A60A5,"<PLAYER_NAME>: .......<05><NEWLINE>I don't know.<05><NEWLINE>But, maybe Darksol...<SPEAKER_BREAK>"
1854,"rotdd",0x001A60D7,"Krin: ...<02>Oh, no! That book...<05><NEWLINE>It explains how to seal away<NEWLINE>AND wake up Dark Dragon.<PAGE_BREAK>So if it falls into the wrong<NEWLINE>hands, the dragon may wake up.<05><NEWLINE>What should we do...?<PAGE_BREAK>You should go to Prompt!<NEWLINE>I'm sure that the people there<NEWLINE>will be able to help you.<SPEAKER_BREAK>"
1855,"rotdd",0x001A61D4,"<PLAYER_NAME>: Yeah.<NEWLINE>That's where we're<NEWLINE>heading.<PAGE_BREAK>I heard there might be<NEWLINE>a clue there.<SPEAKER_BREAK>"
1856,"rotdd",0x001A621F,"Krin: The people of Prompt<NEWLINE>are sure to help you.<SPEAKER_BREAK>"
1857,"rotdd",0x001A6251,"Krin: How boring!<NEWLINE>And I was all ready to tell<NEWLINE>you about it too!<SPEAKER_BREAK>"
1858,"rotdd",0x001A6292,"Krin: The people of Prompt<NEWLINE>are sure to help you.<PAGE_BREAK>I wish you lots of luck.<05><NEWLINE>You must prevent Dark<NEWLINE>Dragon from awakening!<SPEAKER_BREAK>"
1859,"rotdd",0x001A630B,"Old Man:<NEWLINE>The kids have done well.<NEWLINE>And Bleu's become strong.<PAGE_BREAK>Maybe it's time the kids<NEWLINE>returned to their parents...<SPEAKER_BREAK>"
1860,"rotdd",0x001A637E,"Alef: I'm sorry,<NEWLINE><PLAYER_NAME>. <02>If only we had<NEWLINE>a little more strength...<SPEAKER_BREAK>"
1861,"rotdd",0x001A63BD,"Torasu: Don't worry about us.<NEWLINE>You must hurry. Darksol is<NEWLINE>at the top of the tower...<SPEAKER_BREAK>"
1862,"rotdd",0x001A6412,"Adam: Master!<NEWLINE>Long time, no see.<SPEAKER_BREAK>"
1863,"rotdd",0x001A6445,"Adam:<NEWLINE>...Have you lost your voice?<05><NEWLINE>I see...<SPEAKER_BREAK>"
1864,"rotdd",0x001A6484,"Adam: You must go to the<NEWLINE>Spring of Recollection and<NEWLINE>use the Orb of Light.<SPEAKER_BREAK>"
1865,"rotdd",0x001A64CF,"Adam: You must go to the<NEWLINE>Spring of Recollection and<NEWLINE>use the Orb of Light.<SPEAKER_BREAK>"
1866,"rotdd",0x001A651A,"Adam: My name is Adam.<NEWLINE>It's been a long time,<NEWLINE>Lord <PLAYER_NAME>.<PAGE_BREAK>I wanted to help you<NEWLINE>sooner, but...<PAGE_BREAK>It was my duty to protect<NEWLINE>Metapha.<PAGE_BREAK>Lord <PLAYER_NAME>,<NEWLINE>please try to remember.<05><NEWLINE>Those sad days...<SPEAKER_BREAK>"
1867,"rotdd",0x001A65CB,"Adam: You and Lord Kane were<NEWLINE>the warriors chosen to seal<NEWLINE>away Dark Dragon...<PAGE_BREAK>After a deep sleep and the<NEWLINE>passing of many years, you<NEWLINE>awoke here in Metapha.<PAGE_BREAK>You were supposed to take<NEWLINE>100 of us Adam-type robots<NEWLINE>into battle with you.<PAGE_BREAK>But, then Darksol showed up...<SPEAKER_BREAK>"
1868,"rotdd",0x001A66D0,"Guard: You be most welcome<NEWLINE>here at Prompt Castle, you be!<SPEAKER_BREAK>"
1869,"rotdd",0x001A670B,"Guard: This castle be our<NEWLINE>pride and joy! We'd defend<NEWLINE>it to the last, I tell you!<SPEAKER_BREAK>"
1870,"rotdd",0x001A675D,"Guard: At the top of them<NEWLINE>there stairs is the King's<NEWLINE>Room, where the King be.<SPEAKER_BREAK>"
1871,"rotdd",0x001A67AC,"Researcher: I be a busy man!<NEWLINE>I have nothin' to say to ya,<NEWLINE>I tell ya!<SPEAKER_BREAK>"
1872,"rotdd",0x001A67F2,"Researcher: The ancient gods<NEWLINE>created many different races.<PAGE_BREAK>Elves, <02>Dwarves, <02>Centaurs...<05><NEWLINE>All artificially created...<SPEAKER_BREAK>"
1873,"rotdd",0x001A6869,"Boy: Ah! I'm hungry!<SPEAKER_BREAK>"
1874,"rotdd",0x001A687F,"Boy: Lord Kane was<NEWLINE>found injured not far<NEWLINE>from this land.<PAGE_BREAK>I'm the one who found him.<05><NEWLINE>I hope he gets better soon.<SPEAKER_BREAK>"
1875,"rotdd",0x001A68F1,"Guard: This be the old men's<NEWLINE>room. They're ponderin' away,<NEWLINE>so don't be disturbing 'em!<SPEAKER_BREAK>"
1876,"rotdd",0x001A6949,"Guard: The elders are waiting<NEWLINE>for you. Please go and listen<NEWLINE>to what they have to say.<SPEAKER_BREAK>"
1877,"rotdd",0x001A69B5,"Elder: The civilization of the<NEWLINE>gods became so advanced that<NEWLINE>they could create new life.<PAGE_BREAK>But, then their creations<NEWLINE>began to turn against them.<SPEAKER_BREAK>"
1878,"rotdd",0x001A6A59,"Elder: The gods, <02>the ancients,<NEWLINE>were afraid. <02>Afraid of the<NEWLINE>new creatures they'd made.<PAGE_BREAK>They created a final beast in<NEWLINE>order to protect themselves:<NEWLINE>Dark Dragon! <02>But they realized<PAGE_BREAK>that if the dragon got loose,<NEWLINE>Light would be lost to the<NEWLINE>world, and life would die out.<PAGE_BREAK>The gods could not allow this<NEWLINE>to happen, so they risked their<NEWLINE>lives to seal the dragon away.<SPEAKER_BREAK>"
1879,"rotdd",0x001A6BC1,"King Kusko:<NEWLINE>I'm the King of Prompt.<NEWLINE>Kusko be my name.<PAGE_BREAK>So, why did you come to<NEWLINE>my country then, eh?<SPEAKER_BREAK>"
1880,"rotdd",0x001A6C25,"<PLAYER_NAME>:<NEWLINE>Ah, King Kusko.<PAGE_BREAK>We're investigating the Legacy<NEWLINE>of the Gods, otherwise known<NEWLINE>as Dark Dragon.<PAGE_BREAK>An evildoer is trying to<NEWLINE>free the dragon and destroy<NEWLINE>the world. We must stop him!<SPEAKER_BREAK>"
1881,"rotdd",0x001A6CD7,"King Kusko: Dark Dragon?<NEWLINE>Legacy of the Gods? <NEWLINE>What are you talking about?<PAGE_BREAK>You're a spy, sent by our<NEWLINE>enemies to find our<NEWLINE>weaknesses!<SPEAKER_BREAK>"
1882,"rotdd",0x001A6D6D,"King Kusko: Hmph!<NEWLINE>Throw 'em into jail!<SPEAKER_BREAK>"
1883,"rotdd",0x001A6D95,"King Kusko: ............<PAGE_BREAK>It seems that I was<NEWLINE>overheard.<05><NEWLINE>Never mind.<PAGE_BREAK>I can't keep it hidden<NEWLINE>forever. I may as well tell<NEWLINE>you everything.<PAGE_BREAK>We folk of Prompt are ancient<NEWLINE>people...<02>direct descendants of<NEWLINE>what you call the gods.<PAGE_BREAK>And you were right.<NEWLINE>Dark Dragon is <NEWLINE>the Legacy of the Gods.<PAGE_BREAK>The gods had their reasons<NEWLINE>for creating Dark Dragon,<NEWLINE>but its power scared them.<PAGE_BREAK>The dragon was sealed away<NEWLINE>immediately, but not killed.<NEWLINE>One day it will awaken...<PAGE_BREAK>To prepare for this, the gods<NEWLINE>chose two warriors and froze<NEWLINE>them in a deep sleep.<PAGE_BREAK>Those warriors were you and<NEWLINE>Lord Kane. <02>If you want to know<NEWLINE>more, ask around.<SPEAKER_BREAK>"
1884,"rotdd",0x001A6FF1,"King Kusko: Alef and Torasu<NEWLINE>are Prompt's most skilled<NEWLINE>warriors.<PAGE_BREAK>You can leave it to them<NEWLINE>and rest here in the castle.<SPEAKER_BREAK>"
1885,"rotdd",0x001A7068,"King Kusko: When Lord Kane<NEWLINE>recovers, you will be able to<NEWLINE>fight together again.<PAGE_BREAK>Just be patient until then.<SPEAKER_BREAK>"
1886,"rotdd",0x001A70D4,"King Kusko: <PLAYER_NAME>,<NEWLINE>Please give Alef and<NEWLINE>Torasu your assistance.<PAGE_BREAK>I look forward to hearing<NEWLINE>good tidings.<SPEAKER_BREAK>"
1887,"rotdd",0x001A7139,"Elder: In here be the King<NEWLINE>of Prompt, King Kusko. You<NEWLINE>better be polite...<SPEAKER_BREAK>"
1888,"rotdd",0x001A7199,"Elder: Darksol is at the Tower<NEWLINE>of the Ancients.<PAGE_BREAK>He's probably read the Book of<NEWLINE>Secrets and found out how to<NEWLINE>wake Dark Dragon by now.<PAGE_BREAK>Two sages from our land, Alef<NEWLINE>and Torasu, have gone there to<NEWLINE>try and stop him.<PAGE_BREAK>But, Darksol is strong...<05><NEWLINE>They may destroy each other.<05><NEWLINE>Even worse...<PAGE_BREAK>If Darksol manages to wake<NEWLINE>Dark Dragon......<PAGE_BREAK>Your Shining Force is the only<NEWLINE>ray of hope we have left now.<PAGE_BREAK>You must stay alive. This is<NEWLINE>why King Kusko had you<NEWLINE>put in jail.<SPEAKER_BREAK>"
1889,"rotdd",0x001A7360,"Elder: I have no more to say.<05><NEWLINE>Please do what you can to<NEWLINE>save Alef and Torasu.<SPEAKER_BREAK>"
1890,"rotdd",0x001A73B0,"Guard:<NEWLINE>This be King Kusko's room!<SPEAKER_BREAK>"
1891,"rotdd",0x001A73E8,"Guard:<NEWLINE>This is King Kusko's room.<SPEAKER_BREAK>"
1892,"rotdd",0x001A740B,"Guard:<NEWLINE>This be King Kusko's room!<NEWLINE>Guard: ............<SPEAKER_BREAK>"
1893,"rotdd",0x001A7442,"Guard:<NEWLINE>This is King Kusko's room.<SPEAKER_BREAK>"
1894,"rotdd",0x001A7465,"Guard: You can't be goin' in<NEWLINE>here! There be an injured man<NEWLINE>havin' a rest, I tell you.<SPEAKER_BREAK>"
1895,"rotdd",0x001A74BC,"Guard: You can go in if you<NEWLINE>must, but try and keep the<NEWLINE>noise down.<SPEAKER_BREAK>"
1896,"rotdd",0x001A7500,"Guard: Please leave Lord Kane<NEWLINE>to us. We'll take care of him.<SPEAKER_BREAK>"
1897,"rotdd",0x001A753E,"Guard: Under here be the jail.<05><NEWLINE>This be where people that<NEWLINE>done bad things be put.<SPEAKER_BREAK>"
1898,"rotdd",0x001A7591,"Guard: King Kusko put you in<NEWLINE>jail for your own good.<05><NEWLINE>Please try to forgive him.<SPEAKER_BREAK>"
1899,"rotdd",0x001A75E3,"Guard: Alef and Torasu be the<NEWLINE>pride of this land, they be!<SPEAKER_BREAK>"
1900,"rotdd",0x001A761F,"Guard: Alef and Torasu are<NEWLINE>making their way to the<NEWLINE>Tower of the Ancients.<PAGE_BREAK>They've gone to risk their<NEWLINE>lives to put a stop to the<NEWLINE>evil Darksol's ambitions!<SPEAKER_BREAK>"
1901,"rotdd",0x001A76BA,"Chicken: Cluck cluck.<SPEAKER_BREAK>"
1902,"rotdd",0x001A76D1,"Guard: Huh? This door?<05><NEWLINE>Well, what could it be?<NEWLINE>I've no idea, I tell you.<SPEAKER_BREAK>"
1903,"rotdd",0x001A771C,"Guard: Using this path,<NEWLINE>you can get to Metapha.<NEWLINE>But...<PAGE_BREAK>It's been sealed for a long<NEWLINE>time, so it'll take a while<NEWLINE>before you can use it.<SPEAKER_BREAK>"
1904,"rotdd",0x001A77C9,"Guard: Welcome to<NEWLINE>Prompt Castle!<SPEAKER_BREAK>"
1905,"rotdd",0x001A77EB,"Guard: This castle is our<NEWLINE>crown jewel! We'll protect<NEWLINE>it to the end!<SPEAKER_BREAK>"
1906,"rotdd",0x001A7830,"Guard: King Kusko awaits you!<SPEAKER_BREAK>"
1907,"rotdd",0x001A784F,"Researcher: Various creatures<NEWLINE>challenged the gods...<PAGE_BREAK>It wasn't that they<NEWLINE>disliked the gods. They<NEWLINE>fought for their dignity.<PAGE_BREAK>I guess they wanted to prove<NEWLINE>that all life has value,<NEWLINE>no matter what its origin.<SPEAKER_BREAK>"
1908,"rotdd",0x001A791C,"Boy: Where's Lord Kane?<NEWLINE>He left the castle before he<NEWLINE>got better...<SPEAKER_BREAK>"
1909,"rotdd",0x001A7960,"Boy: Sorry... I had no idea.<05><NEWLINE>I can't believe that Lord<NEWLINE>Kane is dead...<SPEAKER_BREAK>"
1910,"rotdd",0x001A79A9,"Guard: The elders are waiting<NEWLINE>for you. It seems they have<NEWLINE>more to discuss with you.<SPEAKER_BREAK>"
1911,"rotdd",0x001A79FE,"Elder: Have you heard of<NEWLINE>the Spring of Recollection,<NEWLINE><PLAYER_NAME>?<PAGE_BREAK>It's like an artificial brain.<NEWLINE>The spring is activated by<NEWLINE>the Orb of Light.<PAGE_BREAK>It will reveal whatever<NEWLINE>information the bearer<NEWLINE>of the Orb seeks.<SPEAKER_BREAK>"
1912,"rotdd",0x001A7AC4,"Elder: If you're going to<NEWLINE>Metapha, you should find<NEWLINE>the Spring of Recollection.<PAGE_BREAK>There you're sure to find<NEWLINE>the information you seek.<SPEAKER_BREAK>"
1913,"rotdd",0x001A7B48,"Elder: It's very ancient,<NEWLINE>the Spring of Recollection...<05><NEWLINE>From the time of the gods.<PAGE_BREAK>It exists to guide heroes of<NEWLINE>destiny, like you and Kane,<NEWLINE>who appear from time to time.<SPEAKER_BREAK>"
1914,"rotdd",0x001A7BF4,"Elder: The Light Saber<NEWLINE>and the Dark Saber...<NEWLINE>Together,<PAGE_BREAK>they produce a power<NEWLINE>able to overcome the chaos<NEWLINE>that threatens this world.<SPEAKER_BREAK>"
1915,"rotdd",0x001A7C77,"Elder: Oh!<NEWLINE>So, you've finally gotten<NEWLINE>the Chaosbreaker!<PAGE_BREAK>Use it with care!<SPEAKER_BREAK>"
1916,"rotdd",0x001A7CC1,"Elder: The Chaosbreaker is a<NEWLINE>mysterious sword with the<NEWLINE>power to destroy chaos.<PAGE_BREAK>With that sword,<NEWLINE>it should be possible to<NEWLINE>seal away Dark Dragon.<SPEAKER_BREAK>"
1917,"rotdd",0x001A7D52,"King Kusko: I've heard<NEWLINE>everything. <02>It really is<NEWLINE>terrible about Lord Kane...<PAGE_BREAK>And...<05><NEWLINE><PLAYER_NAME>, you've lost<NEWLINE>your voice, I hear...<SPEAKER_BREAK>"
1918,"rotdd",0x001A7DDE,"King Kusko: So, it's true?<05><NEWLINE>It must have been tough.<NEWLINE>But, don't lose hope.<PAGE_BREAK>The path has finally<NEWLINE>been repaired.<PAGE_BREAK>If you have the Orb of Light,<NEWLINE>the path will be clear and<NEWLINE>you can go to Metapha.<PAGE_BREAK>Get hold of the legendary<NEWLINE>sword and prepare for the<NEWLINE>revival of Dark Dragon.<SPEAKER_BREAK>"
1919,"rotdd",0x001A7EEA,"King Kusko: Clear the path<NEWLINE>with the Orb of Light<NEWLINE>and go to Metapha.<PAGE_BREAK>You must take the<NEWLINE>legendary sword with you.<PAGE_BREAK>Without it, you won't be able<NEWLINE>to seal away Dark Dragon.<SPEAKER_BREAK>"
1920,"rotdd",0x001A7F93,"King Kusko: I'm glad you're<NEWLINE>safe, <PLAYER_NAME>. I've heard<NEWLINE>all about Metapha.<PAGE_BREAK>I know how difficult it must<NEWLINE>be for you. But, forget it for<NEWLINE>now. I have a mission for you.<PAGE_BREAK>...It seems Darksol has<NEWLINE>somehow returned to Runefaust.<PAGE_BREAK>Runefaust and Guardiana have<NEWLINE>always been brother nations.<NEWLINE>Guardiana protects<PAGE_BREAK>the West Gate of <NEWLINE>the Castle of the Ancients,<NEWLINE>and Runefaust the East Gate.<PAGE_BREAK>Darksol has got the<NEWLINE>Book of Secrets.<PAGE_BREAK>No doubt he will find out from<NEWLINE>the book how to open<NEWLINE>the East Gate in Runefaust.<PAGE_BREAK>He'll gather his strength at<NEWLINE>the Tower of the Ancients.<NEWLINE>If he gets inside the castle,<PAGE_BREAK>it may be impossible to<NEWLINE>prevent him from waking<NEWLINE>Dark Dragon.<PAGE_BREAK>You are our only hope.<NEWLINE>But, all of Runefaust's<NEWLINE>army is against you.<PAGE_BREAK>You can't seal Dark Dragon<NEWLINE>unless you beat them.<NEWLINE>The final battle is here.<PAGE_BREAK>Are you ready?<SPEAKER_BREAK>"
1921,"rotdd",0x001A82A7,"King Kusko: Very well.<NEWLINE>Fight bravely, <PLAYER_NAME>!<PAGE_BREAK>I will have the road to<NEWLINE>Runefaust opened.<SPEAKER_BREAK>"
1922,"rotdd",0x001A82FB,"King Kusko: I understand.<NEWLINE>Come back when you<NEWLINE>are ready.<SPEAKER_BREAK>"
1923,"rotdd",0x001A8334,"At last! The final battle!<NEWLINE>Are you ready?<SPEAKER_BREAK>"
1924,"rotdd",0x001A835F,"King Kusko: On the path to<NEWLINE>Runefaust there are many<NEWLINE>strong enemies.<PAGE_BREAK>Don't push yourself too hard.<NEWLINE>If you need to, take a rest<NEWLINE>to regain your strength.<SPEAKER_BREAK>"
1925,"rotdd",0x001A83F7,"Elder: The sword with the<NEWLINE>power to seal Dark Dragon<NEWLINE>is called the Chaosbreaker.<PAGE_BREAK>It is a legendary weapon<NEWLINE>which combines the forces<NEWLINE>of Darkness and Light.<SPEAKER_BREAK>"
1926,"rotdd",0x001A8492,"Elder: It is essential to<NEWLINE>use the Chaosbreaker when<NEWLINE>fighting Dark Dragon.<PAGE_BREAK>That sword is the only weapon<NEWLINE>that can defeat the creature.<SPEAKER_BREAK>"
1927,"rotdd",0x001A8519,"Guard: <NEWLINE>Welcome back, <PLAYER_NAME>!<SPEAKER_BREAK>"
1928,"rotdd",0x001A8533,"Guard: <NEWLINE>Welcome back, <PLAYER_NAME>!<SPEAKER_BREAK>"
1929,"rotdd",0x001A854D,"Guard: I must apologize...<PAGE_BREAK>I was unable to stop<NEWLINE>Lord Kane...<SPEAKER_BREAK>"
1930,"rotdd",0x001A858B,"Man: Now that Lord Kane<NEWLINE>is gone, you are our last<NEWLINE>remaining hope.<SPEAKER_BREAK>"
1931,"rotdd",0x001A85CE,"Man: The final battle is here!<NEWLINE>Please prevent Dark Dragon<NEWLINE>from awakening!<SPEAKER_BREAK>"
1932,"rotdd",0x001A8619,"Guard: Thank you so much for<NEWLINE>saving Alef and Torasu.<SPEAKER_BREAK>"
1933,"rotdd",0x001A864F,"Guard: Our lookouts report<NEWLINE>that Runefaust has tightened<NEWLINE>its defenses.<PAGE_BREAK>They must realize that this<NEWLINE>will be the final battle.<SPEAKER_BREAK>"
1934,"rotdd",0x001A86CC,"Chicken: Cluck cluck!<SPEAKER_BREAK>"
1935,"rotdd",0x001A86E3,"Guard: The path is clear!<NEWLINE>Now, you can go to<NEWLINE>Metapha!<SPEAKER_BREAK>"
1936,"rotdd",0x001A871A,"Guard: Welcome back.<NEWLINE>First, report to King Kusko!<SPEAKER_BREAK>"
1937,"rotdd",0x001A874D,"Guard: Even if the Spring of<NEWLINE>Recollection dries up, you<NEWLINE>won't forget what you heard.<SPEAKER_BREAK>"
1938,"rotdd",0x001A87A3,"Mage: At last, the path is<NEWLINE>clear. The long journey from<NEWLINE>Manarina was well worthwhile.<SPEAKER_BREAK>"
1939,"rotdd",0x001A87FA,"Mage: I have received a<NEWLINE>communication from my<NEWLINE>friends in Manarina.<PAGE_BREAK>The Spring of Recollection<NEWLINE>has dried up there too...<SPEAKER_BREAK>"
1940,"rotdd",0x001A8873,"Rindo Merchant: It's business<NEWLINE>as usual for Rindo merchants!<NEWLINE>We're trading here too!<SPEAKER_BREAK>"
1941,"rotdd",0x001A88C8,"Man:<NEWLINE>You be most welcome in<NEWLINE>Prompt, you be!<SPEAKER_BREAK>"
1942,"rotdd",0x001A88F5,"Boken: So this is Prompt, eh?<05><NEWLINE>The villagers seem a little...<NEWLINE>slow...<PAGE_BREAK>I wonder if I took a wrong<NEWLINE>turn somewhere.<SPEAKER_BREAK>"
1943,"rotdd",0x001A8967,"Man: This 'ere be the school.<05><NEWLINE>School's good, they say...<NEWLINE>Wonder what it tastes like?<SPEAKER_BREAK>"
1944,"rotdd",0x001A89BE,"Girl: I learned everything<NEWLINE>I need to know from my cat!<SPEAKER_BREAK>"
1945,"rotdd",0x001A89F6,"Boy: School! Who needs it?<SPEAKER_BREAK>"
1946,"rotdd",0x001A8A12,"Boy: My brain hurts!<SPEAKER_BREAK>"
1947,"rotdd",0x001A8A28,"Nun: Be quiet and sit down,<NEWLINE>you little beasts!<SPEAKER_BREAK>"
1948,"rotdd",0x001A8A58,"Nun: This country is not<NEWLINE>very developed. So, the priest<NEWLINE>decided to open this school.<PAGE_BREAK>No one does any work.<NEWLINE>I'm at my wit's end!<SPEAKER_BREAK>"
1949,"rotdd",0x001A8AD9,"Nun: No one does any work.<NEWLINE>I'm at my wit's end!<SPEAKER_BREAK>"
1950,"rotdd",0x001A8B0A,"Man: I be partial to thinkin'.<NEWLINE>I could sit around thinkin'<NEWLINE>all day and never get bored.<PAGE_BREAK>What's for dinner tonight?<05><NEWLINE>Thinkin' about stuff like that<NEWLINE>keeps me goin' for hours!<SPEAKER_BREAK>"
1951,"rotdd",0x001A8BB8,"Man: The Legacy of the Gods?<NEWLINE>Dark Dragon? <02>Can you eat 'em?<NEWLINE>If not, I 'm not interested.<SPEAKER_BREAK>"
1952,"rotdd",0x001A8C12,"Man: Thinkin' about difficult<NEWLINE>stuff makes me hungry, it<NEWLINE>does. Better to be havin' fun!<SPEAKER_BREAK>"
1953,"rotdd",0x001A8C6A,"Man: We be descendants of<NEWLINE>the gods, you say?!<05><NEWLINE>You got some funny ideas!<PAGE_BREAK>I don't know about any gods.<NEWLINE>But, I'd like to have meself a<NEWLINE>goddess for a wife!<SPEAKER_BREAK>"
1954,"rotdd",0x001A8D04,"Man: Shining Force?<05><NEWLINE>What does that taste like?<SPEAKER_BREAK>"
1955,"rotdd",0x001A8D35,"Man: Metapha?<NEWLINE>Well, I ne'er heard of that.<PAGE_BREAK>I'll get a headache if you<NEWLINE>keep on with these difficult<NEWLINE>questions, I will.<SPEAKER_BREAK>"
1956,"rotdd",0x001A8DAC,"Man: You can't be goin' in<NEWLINE>there, I tell you!<05><NEWLINE>It's not allowed!<SPEAKER_BREAK>"
1957,"rotdd",0x001A8DEE,"Man: Ah...<NEWLINE>The power's still too low<NEWLINE>to regenerate the path.<PAGE_BREAK>I'd better postpone fixing my<NEWLINE>electronic organizer, then.<SPEAKER_BREAK>"
1958,"rotdd",0x001A8E66,"Man: ............<PAGE_BREAK>How long you been there?<05><NEWLINE>You been there long?<SPEAKER_BREAK>"
1959,"rotdd",0x001A8EA8,"Man: Ha ha ha! I don't know<NEWLINE>what I be wafflin' about!<05><NEWLINE>Oh, it be nothin'! Nothin'!<SPEAKER_BREAK>"
1960,"rotdd",0x001A8EFC,"Man: ...There be no<NEWLINE>problem, then.<SPEAKER_BREAK>"
1961,"rotdd",0x001A8F20,"Guard: This be the entrance to<NEWLINE>the castle. Impressive, eh?<SPEAKER_BREAK>"
1962,"rotdd",0x001A8F5C,"Man: You can't go no further<NEWLINE>than this, you can't.<NEWLINE>There be a scary monster.<SPEAKER_BREAK>"
1963,"rotdd",0x001A8FAA,"Man: You really be wantin' to?<NEWLINE>Well, I won't be stoppin' you.<NEWLINE>But, be careful!<SPEAKER_BREAK>"
1964,"rotdd",0x001A8FFA,"Rindo Merchant: What's going<NEWLINE>on in this town?<PAGE_BREAK>Everyone seems to have<NEWLINE>changed all of a sudden...<SPEAKER_BREAK>"
1965,"rotdd",0x001A905B,"Man: You be welcome to Prompt!<05><NEWLINE>...I guess I can stop talking<NEWLINE>like that now!<SPEAKER_BREAK>"
1966,"rotdd",0x001A90A9,"Man: If you're going to make<NEWLINE>a school, it should challenge<NEWLINE>the pupils a bit more.<SPEAKER_BREAK>"
1967,"rotdd",0x001A90FC,"Girl: I'm bored...!<NEWLINE>This class is way too easy!<SPEAKER_BREAK>"
1968,"rotdd",0x001A912D,"Boy: Teacher!<NEWLINE>You've got it wrong!<05><NEWLINE>The answer's 3.1415"
1969,"rotdd",0x001A916B,"Boy: No time to study!<NEWLINE> I must help repair the path!<SPEAKER_BREAK>"
1970,"rotdd",0x001A91A1,"Nun: What on earth's going<NEWLINE>on? The children have all<NEWLINE>become so bright!<SPEAKER_BREAK>"
1971,"rotdd",0x001A91E9,"Nun: What's going on?<NEWLINE>I feel like they're<NEWLINE>teaching me!<SPEAKER_BREAK>"
1972,"rotdd",0x001A9221,"Man: Where did we come from,<NEWLINE>and where are we going?<PAGE_BREAK>These are the questions<NEWLINE>I think about most...<SPEAKER_BREAK>"
1973,"rotdd",0x001A9285,"Man: The true form of the<NEWLINE>Legacy of the Gods is<NEWLINE>Dark Dragon, you know...<PAGE_BREAK>Some highly advanced people,<NEWLINE>almost like gods, brought that<NEWLINE>monster into this world.<PAGE_BREAK>It's sad, but a fact...<SPEAKER_BREAK>"
1974,"rotdd",0x001A933C,"Some highly advanced people,<NEWLINE>almost like gods, brought that<NEWLINE>monster into this world.<PAGE_BREAK>It's sad, but a fact...<SPEAKER_BREAK>"
1975,"rotdd",0x001A93AA,"Man: It was tough getting<NEWLINE>here, right? You must have<NEWLINE>fought many battles...<PAGE_BREAK>Still, that was all just<NEWLINE>preparation for the great task<NEWLINE>of sealing away Dark Dragon.<SPEAKER_BREAK>"
1976,"rotdd",0x001A944C,"Man: If Dark Dragon is the<NEWLINE>Legacy of the Gods, then so<NEWLINE>are you...<PAGE_BREAK>Left by the gods... <02>I mean the<NEWLINE>ancients, as their last hope.<SPEAKER_BREAK>"
1977,"rotdd",0x001A94CD,"Man: Everyone in this land is<NEWLINE>descended from the ancients.<PAGE_BREAK>We all have a duty to see<NEWLINE>Dark Dragon remain sealed.<SPEAKER_BREAK>"
1978,"rotdd",0x001A953E,"Man: You are the only one<NEWLINE>now who can stop Darksol and<NEWLINE>seal away Dark Dragon.<SPEAKER_BREAK>"
1979,"rotdd",0x001A958D,"Man: Metapha is the home of<NEWLINE>the ancient gods.<PAGE_BREAK>If you go there, you'll find<NEWLINE>a great power, which can be<NEWLINE>used to seal away Dark Dragon.<SPEAKER_BREAK>"
1980,"rotdd",0x001A9614,"Man: If you're interested,<NEWLINE>feel free to go inside.<SPEAKER_BREAK>"
1981,"rotdd",0x001A9648,"Man: This book was written<NEWLINE>entirely by the ancient gods.<NEWLINE>Want to know what it says?<SPEAKER_BREAK>"
1982,"rotdd",0x001A969D,"Man: In here, it explains all<NEWLINE>about the paths and<NEWLINE>the civilization of the gods.<PAGE_BREAK>But unfortunately, we haven't<NEWLINE>made sense of it all yet...<SPEAKER_BREAK>"
1983,"rotdd",0x001A9728,"Man: Oh, well that's a<NEWLINE>shame.<SPEAKER_BREAK>"
1984,"rotdd",0x001A9747,"Guard: Greetings.<NEWLINE>King Kusko is inside.<SPEAKER_BREAK>"
1985,"rotdd",0x001A9770,"Man: The Tower of the Ancients<NEWLINE>is ahead. Darksol's performing<NEWLINE>the Rite of the Dragon.<PAGE_BREAK>Darksol is a fearsome enemy.<NEWLINE>Be very careful.<SPEAKER_BREAK>"
1986,"rotdd",0x001A97F5,"Man: King Kusko is waiting at<NEWLINE>the castle. Please hurry.<SPEAKER_BREAK>"
1987,"rotdd",0x001A982E,"Man: In years gone by, this<NEWLINE>country was a peaceful place.<PAGE_BREAK>King Ramladu was a kind king <NEWLINE>and everyone was happy...<SPEAKER_BREAK>"
1988,"rotdd",0x001A98A1,"Guard: This is our<NEWLINE>headquarters.<NEWLINE>You're welcome to use it.<SPEAKER_BREAK>"
1989,"rotdd",0x001A98DD,"Townsman:<NEWLINE>Listen! Darksol is the very<NEWLINE>root of evil!<PAGE_BREAK>He tricked Ramladu and made<NEWLINE>him follow a dark path.<SPEAKER_BREAK>"
1990,"rotdd",0x001A9946,"Townsman: But, I haven't seen<NEWLINE>Darksol recently. And I hope<NEWLINE>I never see him again!<SPEAKER_BREAK>"
1991,"rotdd",0x001A9999,"Young Man:<NEWLINE>You're a companion of<NEWLINE>Princess Narsha, aren't you?<PAGE_BREAK>Thanks for protecting<NEWLINE>her all this time.<SPEAKER_BREAK>"
1992,"rotdd",0x001A9A01,"Girl: We welcome you all.<NEWLINE>The fighting is over now,<NEWLINE>isn't it?<SPEAKER_BREAK>"
1993,"rotdd",0x001A9A40,"Young Man: Mahato is<NEWLINE>waiting for you at the castle.<NEWLINE>Please hurry.<SPEAKER_BREAK>"
1994,"rotdd",0x001A9A83,"Man: Everyone in this land<NEWLINE>welcomes you. The war is<NEWLINE>over now, after all.<SPEAKER_BREAK>"
1995,"rotdd",0x001A9ACD,"Townsman: That castle<NEWLINE>is like a haunted house.<NEWLINE>Monsters everywhere...<SPEAKER_BREAK>"
1996,"rotdd",0x001A9B14,"Man: The knights threw down<NEWLINE>their weapons and ran. I guess<NEWLINE>they were scared of you.<SPEAKER_BREAK>"
1997,"rotdd",0x001A9B69,"Woman: Mahato told me<NEWLINE>a legend once.<NEWLINE>Do you want to hear it?<SPEAKER_BREAK>"
1998,"rotdd",0x001A9BA7,"Woman: Runefaust and<NEWLINE>Guardiana are twin cities,<NEWLINE>built to protect the<PAGE_BREAK>Castle of the Ancients.<NEWLINE>That's why they each have<NEWLINE>a gate to the castle.<SPEAKER_BREAK>"
1999,"rotdd",0x001A9C35,"Woman: Ah, of course<NEWLINE>a young'un wouldn't be<NEWLINE>interested in this old tale.<SPEAKER_BREAK>"
2000,"rotdd",0x001A9C7F,"Girl: Have you heard?<NEWLINE>Princess Narsha has<NEWLINE>returned.<PAGE_BREAK>She thought she was going to<NEWLINE>be killed by Darksol... That's<NEWLINE>why she fled the castle.<SPEAKER_BREAK>"
2001,"rotdd",0x001A9D09,"Girl: Princess Narsha's so<NEWLINE>beautiful. I can't take my<NEWLINE>eyes off her.<SPEAKER_BREAK>"
2002,"rotdd",0x001A9D4E,"Guard: Up ahead is the new<NEWLINE>Runefaust Castle...<PAGE_BREAK>You'd best stay away.<SPEAKER_BREAK>"
2003,"rotdd",0x001A9D94,"Guard: Sorry. I didn't know it<NEWLINE>was you, <PLAYER_NAME>.<NEWLINE>Please be careful.<SPEAKER_BREAK>"
2004,"rotdd",0x001A9DD3,"Guard: No one may pass.<NEWLINE>Mahato's orders.<SPEAKER_BREAK>"
2005,"rotdd",0x001A9DFD,"Guard: <PLAYER_NAME>!<NEWLINE>Be careful!<SPEAKER_BREAK>"
2006,"rotdd",0x001A9E14,"Guard: Mahato is waiting<NEWLINE>for you inside the castle.<SPEAKER_BREAK>"
2007,"rotdd",0x001A9E49,"Guard: Mahato is waiting<NEWLINE>for you inside the castle.<SPEAKER_BREAK>"
2008,"rotdd",0x001A9E7E,"Innkeeper: Since the army<NEWLINE>fled, business has been<NEWLINE>terrible.<PAGE_BREAK>Well, I guess you can't put a<NEWLINE>price on peace.<SPEAKER_BREAK>"
2009,"rotdd",0x001A9EE9,"Guard: Mahato is inside.<SPEAKER_BREAK>"
2010,"rotdd",0x001A9F03,"Maid: This castle hasn't been<NEWLINE>used for a long time.<PAGE_BREAK>But, if Princess Narsha is<NEWLINE>back and Mahato wants to<NEWLINE>use it, I've got to clean!<SPEAKER_BREAK>"
2011,"rotdd",0x001A9F87,"Maid: It's wonderful Princess<NEWLINE>Narsha is back safely. We were<NEWLINE>all so worried about her.<SPEAKER_BREAK>"
2012,"rotdd",0x001A9FDF,"Mahato: Hurry! Darksol's<NEWLINE>found his way to the center of<NEWLINE>the Castle of the Ancients.<PAGE_BREAK>He'll be performing the rite<NEWLINE>to wake Dark Dragon.<NEWLINE>There's no time to spare!<SPEAKER_BREAK>"
2013,"rotdd",0x001AA080,"Mahato: Really...?<05><NEWLINE>Ramladu has been killed?<05><NEWLINE>............<PAGE_BREAK>I see.<NEWLINE>For now, go after Darksol.<PAGE_BREAK>The awakening of Dark<NEWLINE>Dragon means the destruction<NEWLINE>of the world.<PAGE_BREAK>You are the only one who<NEWLINE>can prevent that.<PAGE_BREAK>The Chaosbreaker is the weapon<NEWLINE>that can seal Dark Dragon.<PAGE_BREAK>With the Chaosbreaker in<NEWLINE>your hand, you should be able<NEWLINE>to enter the castle.<PAGE_BREAK>Go to the westernmost point<NEWLINE>of the coast, to the sea where<NEWLINE>the castle lies submerged.<PAGE_BREAK>That's where you must use the<NEWLINE>Chaosbreaker. The sword will<NEWLINE>guide you once you're there.<SPEAKER_BREAK>"
2014,"rotdd",0x001AA27E,"Mahato: Go to the westernmost<NEWLINE>point of the coast, where<NEWLINE>the castle lies submerged.<PAGE_BREAK>That's where you must use the<NEWLINE>Chaosbreaker. The sword will<NEWLINE>guide you once you're there.<SPEAKER_BREAK>"
2015,"rotdd",0x001AA32A,"Rune Knight: Let us out!<NEWLINE>We were tricked by Darksol!<PAGE_BREAK>We are full of remorse for<NEWLINE>fighting under his orders.<05><NEWLINE>...Won't you believe us?<SPEAKER_BREAK>"
2016,"rotdd",0x001AA3B0,"Rune Knight: You must hurry!<05><NEWLINE>Darksol is already inside the<NEWLINE>Castle of the Ancients.<PAGE_BREAK>The castle is submerged in<NEWLINE>the depths, but Darksol got<NEWLINE>in through the West Gate.<PAGE_BREAK>To get through the gate,<NEWLINE>you must get past<NEWLINE>Runefaust Castle.<PAGE_BREAK>But, be prepared for the final<NEWLINE>battle. There is a mighty<NEWLINE>force gathered there.<PAGE_BREAK>It won't be easy to break<NEWLINE>through!<SPEAKER_BREAK>"
2017,"rotdd",0x001AA505,"Rune Knight: You don't<NEWLINE>believe us? Guess it's<NEWLINE>what we deserve...<SPEAKER_BREAK>"
2018,"rotdd",0x001AA547,"Rune Knight: What?!<NEWLINE>You got past<NEWLINE>Runefaust Castle?!<PAGE_BREAK>But, don't let your guard down.<NEWLINE>The real battle awaits at<NEWLINE>the Castle of the Ancients...<SPEAKER_BREAK>"
2019,"rotdd",0x001AA5D4,"Old Man: There's something<NEWLINE>strange in the air.  Dark<NEWLINE>Dragon may awake soon...<SPEAKER_BREAK>"
2020,"rotdd",0x001AA623,"-Guardiana Inn-<NEWLINE>Warm and welcoming<NEWLINE>atmosphere<SPEAKER_BREAK>"
2021,"rotdd",0x001AA652,"-Item and Weapon Shop-<NEWLINE>For all your<NEWLINE>travelling needs<SPEAKER_BREAK>"
2022,"rotdd",0x001AA688,"-The King's Head-<NEWLINE>New in today: <NEWLINE>Mandragora Nouveau<SPEAKER_BREAK>"
2023,"rotdd",0x001AA6BD,"There are all kinds of books:<NEWLINE><QUOTE>How to Discipline Kids<QUOTE>,<NEWLINE><QUOTE>How to be Resourceful<QUOTE><SPEAKER_BREAK>"
2024,"rotdd",0x001AA70E,"There's a whole host of books:<NEWLINE><QUOTE>Warrior Code<QUOTE>, <QUOTE>Arms Almanac<QUOTE>,<NEWLINE><QUOTE>Guardiana Warriors' Memoirs<QUOTE><SPEAKER_BREAK>"
2025,"rotdd",0x001AA76C,"There are many books:<NEWLINE><QUOTE>The Legend of Light and Dark<QUOTE>,<NEWLINE><QUOTE>The Era of the Gods<QUOTE><SPEAKER_BREAK>"
2026,"rotdd",0x001AA7B9,"<QUOTE>The Way of the Swordmaster<QUOTE>,<NEWLINE><QUOTE>A Warrior's Heart<QUOTE>,<NEWLINE><QUOTE>War Tactics and Strategies<QUOTE><PAGE_BREAK>There are many books that<NEWLINE><PLAYER_NAME> got from Varios.<SPEAKER_BREAK>"
2027,"rotdd",0x001AA837,"There are lots of magic books:<NEWLINE><QUOTE>Magical Manarina<QUOTE>,<NEWLINE><QUOTE>Magic for Beginners<QUOTE><SPEAKER_BREAK>"
2028,"rotdd",0x001AA881,"There are lots of magic books:<NEWLINE><QUOTE>My First Blaze<QUOTE>,<NEWLINE><QUOTE>The Heart of a Mage<QUOTE><SPEAKER_BREAK>"
2029,"rotdd",0x001AA8C9,"There are lots of magic books:<NEWLINE><QUOTE>Bolt Spells 101<QUOTE>,<NEWLINE><QUOTE>Ottorand's Tale<QUOTE><SPEAKER_BREAK>"
2030,"rotdd",0x001AA90F,"Headquarters this way<SPEAKER_BREAK>"
2031,"rotdd",0x001AA926,"Headquarters Entrance<SPEAKER_BREAK>"
2032,"rotdd",0x001AA93D,"-Weapon Shop-<NEWLINE>All kinds of weapons<SPEAKER_BREAK>"
2033,"rotdd",0x001AA961,"-The Queen's Arms-<NEWLINE>The finest quality<SPEAKER_BREAK>"
2034,"rotdd",0x001AA991," Co.'s Item Shop-<NEWLINE>Special discount for<NEWLINE>Alterone soldiers<SPEAKER_BREAK>"
2035,"rotdd",0x001AA9CB,"Private Land: No admittance<SPEAKER_BREAK>"
2036,"rotdd",0x001AA9E8,"A typical priest's bookshelf:<NEWLINE><QUOTE>Ancient Myths<QUOTE>, <QUOTE>Almanac<NEWLINE>of Rune Legends<QUOTE>, <QUOTE>St. Rune<QUOTE> <SPEAKER_BREAK>"
2037,"rotdd",0x001AAA3F,"Headquarters Entrance<SPEAKER_BREAK>"
2038,"rotdd",0x001AAA56,"-Alterone Church-<NEWLINE>Refuge for the meek<SPEAKER_BREAK>"
2039,"rotdd",0x001AAA7D,"-Marine Co.'s Weapon Shop-<NEWLINE>Latest imports available!<SPEAKER_BREAK>"
2040,"rotdd",0x001AAAB3,"-Circus Tent Pitching Area-<NEWLINE>Do not litter<SPEAKER_BREAK>"
2041,"rotdd",0x001AAADE,"-Playhouse-<NEWLINE>The Dragma Company<NEWLINE>presents...<SPEAKER_BREAK>"
2042,"rotdd",0x001AAB0A,"-Saltspray Inn-<NEWLINE>Discount for sailors<SPEAKER_BREAK>"
2043,"rotdd",0x001AAB30,"-Marine Co.'s Item Outlet-<NEWLINE>Huge selection, bargain prices<SPEAKER_BREAK>"
2044,"rotdd",0x001AAB6B,"There are all kinds of books:<NEWLINE><QUOTE>Fun with Fish<QUOTE>,<NEWLINE><QUOTE>Seafood Snacks<QUOTE><SPEAKER_BREAK>"
2045,"rotdd",0x001AABAC,"There are all kinds of books:<NEWLINE><QUOTE>Acting Manual<QUOTE>, <QUOTE>Make-Up<QUOTE>,<NEWLINE><QUOTE>Rune's 100 Best Performers<QUOTE><SPEAKER_BREAK>"
2046,"rotdd",0x001AAC04,"There are all kinds of books:<NEWLINE><QUOTE>Gods of Commerce<QUOTE>,<NEWLINE><QUOTE>Poseidon<QUOTE>, <QUOTE>Rune Fables<QUOTE><SPEAKER_BREAK>"
2047,"rotdd",0x001AAC51,"There are all kinds of books:<NEWLINE><QUOTE>101 Useful Teachings<QUOTE>,<NEWLINE><QUOTE>Dictionary of Boat Names<QUOTE><SPEAKER_BREAK>"
2048,"rotdd",0x001AACA3,"There are all kinds of books:<NEWLINE><QUOTE>People and Politics<QUOTE>,<NEWLINE><QUOTE>Trade and Politics<QUOTE>,<PAGE_BREAK><QUOTE>Politics and Law<QUOTE>,<NEWLINE><QUOTE>Law and People<QUOTE><SPEAKER_BREAK>"
2049,"rotdd",0x001AAD14,"There are all kinds of books:<NEWLINE><QUOTE>Inventor's Paradise<QUOTE>,<NEWLINE><QUOTE>Steam Engine Research<QUOTE>,<PAGE_BREAK><QUOTE>Make Your Own Steel Warrior<QUOTE><SPEAKER_BREAK>"
2050,"rotdd",0x001AAD81,"There are all kinds of books:<NEWLINE><QUOTE>Inventor Crock in His Own<NEWLINE>Words<QUOTE>, <QUOTE>Steam Suit Basics<QUOTE><SPEAKER_BREAK>"
2051,"rotdd",0x001AADD7,"There are all kinds of books:<NEWLINE><QUOTE>Assault Knight Operations<QUOTE>,<NEWLINE><QUOTE>Magic and Engines<QUOTE><SPEAKER_BREAK>"
2052,"rotdd",0x001AAE27,"-Rindo Church-<NEWLINE>Everyday praying for<NEWLINE>a good return<SPEAKER_BREAK>"
2053,"rotdd",0x001AAE5A,"Headquarters Entrance<SPEAKER_BREAK>"
2054,"rotdd",0x001AAE71,"There are many magic books:<NEWLINE><QUOTE>Magic For Dummies<QUOTE>,<NEWLINE><QUOTE>Almanac of Magic<QUOTE>,<PAGE_BREAK><QUOTE>The Spring of Recollection<QUOTE><SPEAKER_BREAK>"
2055,"rotdd",0x001AAED4,"There are books on magic:<NEWLINE><QUOTE>Bolt Level 2<QUOTE>,<NEWLINE><QUOTE>Blaze Level 4<QUOTE><SPEAKER_BREAK>"
2056,"rotdd",0x001AAF0F,"There are many magic books:<NEWLINE><QUOTE>Raising Magic Beings<QUOTE>, <QUOTE>Magic<NEWLINE>and Machines<QUOTE>, <QUOTE>Pentagrams<QUOTE><SPEAKER_BREAK>"
2057,"rotdd",0x001AAF67,"There are books on magic:<NEWLINE><QUOTE>Secrets of Old Magic<QUOTE>,<NEWLINE><QUOTE>Mysteries in History<QUOTE><SPEAKER_BREAK>"
2058,"rotdd",0x001AAFB1,"There are many magic books:<NEWLINE><QUOTE>1,001 Uses For Freeze<QUOTE>,<NEWLINE><QUOTE>Best Uses of Backup Magic<QUOTE><SPEAKER_BREAK>"
2059,"rotdd",0x001AB003,"<QUOTE>Great Wise Sage's Room<QUOTE><SPEAKER_BREAK>"
2060,"rotdd",0x001AB01D,"There are books about Shade:<NEWLINE><QUOTE>History of Shade Abbey<QUOTE>,<NEWLINE><QUOTE>Shade Abbey and Guardiana<QUOTE><SPEAKER_BREAK>"
2061,"rotdd",0x001AB071,"There are many books:<NEWLINE><QUOTE>Mysterious Paths<QUOTE>, <QUOTE>Gods<NEWLINE>on the Move: From A-Z<QUOTE><SPEAKER_BREAK>"
2062,"rotdd",0x001AB0C8,"These must be Anri's books:<NEWLINE><QUOTE>Intro to Intermediate Magic<QUOTE>,<NEWLINE><QUOTE>Memories of Guardiana<QUOTE><SPEAKER_BREAK>"
2063,"rotdd",0x001AB11C,"There is a card in amongst<NEWLINE>the books.<SPEAKER_BREAK>"
2064,"rotdd",0x001AB157,"-Manarina Church-<NEWLINE>Welcoming the cursed<SPEAKER_BREAK>"
2065,"rotdd",0x001AB17F,"-Shade Abbey-<NEWLINE>Lost souls, come knock on<NEWLINE>our door<SPEAKER_BREAK>"
2066,"rotdd",0x001AB1B1,"Down to the Chapel of Rest.<NEWLINE>No entry without permission<SPEAKER_BREAK>"
2067,"rotdd",0x001AB1EA,"Up to the Bell Tower.<NEWLINE>No ringing without permission<SPEAKER_BREAK>"
2068,"rotdd",0x001AB21F,"Abbey Records 1<PAGE_BREAK><PLAYER_NAME> picks up the book<NEWLINE>and reads.<PAGE_BREAK><QUOTE>Our abbey's mission is to<NEWLINE>teach the chosen ones of<NEWLINE>the great task before them.<QUOTE><SPEAKER_BREAK>"
2069,"rotdd",0x001AB2A0,"Abbey Records 2<PAGE_BREAK><PLAYER_NAME> picks up the book<NEWLINE>and reads.<PAGE_BREAK><QUOTE>Few know the true form of<NEWLINE>the Legacy of the Gods,<05><NEWLINE>or the danger involved.<QUOTE><SPEAKER_BREAK>"
2070,"rotdd",0x001AB31D,"Abbey Records 3<PAGE_BREAK><PLAYER_NAME> picks up the book<NEWLINE>and reads.<PAGE_BREAK><QUOTE>The Legacy of the Gods...<05><NEWLINE>Its true form...<05><NEWLINE>...created by the gods.<QUOTE><PAGE_BREAK>The page is torn down the<NEWLINE>middle.<SPEAKER_BREAK>"
2071,"rotdd",0x001AB3B6,"There is a card in amongst<NEWLINE>the books.<SPEAKER_BREAK>"
2072,"rotdd",0x001AB3F5,"-Library-<NEWLINE>Quiet please<SPEAKER_BREAK>"
2073,"rotdd",0x001AB40D,"Bustoke: Green, clean and<NEWLINE>serene.<NEWLINE>Pao Bridge straight ahead.<SPEAKER_BREAK>"
2074,"rotdd",0x001AB44B,"Headquarters Entrance<SPEAKER_BREAK>"
2075,"rotdd",0x001AB462,"-Bustoke Church-<NEWLINE>Love for all life<SPEAKER_BREAK>"
2076,"rotdd",0x001AB486,"There's a card lying under<NEWLINE>the sign.<SPEAKER_BREAK>"
2077,"rotdd",0x001AB4C0,"-Weapon and Item Shop-<NEWLINE>Rindo Town Hall branch<SPEAKER_BREAK>"
2078,"rotdd",0x001AB4EF,"There are all kinds of books:<NEWLINE><QUOTE>Medical Herb Almanac<QUOTE>,<NEWLINE><QUOTE>Edible Herbs<QUOTE>,<PAGE_BREAK><QUOTE>Intro. to Medicine<QUOTE>,<NEWLINE><QUOTE>How to Cook Mountain<NEWLINE>Vegetables<QUOTE><SPEAKER_BREAK>"
2079,"rotdd",0x001AB56E,"There are all kinds of books:<NEWLINE><QUOTE>Stetla: A Life in Medicine<QUOTE>,<NEWLINE><QUOTE>Uses of Moonstone<QUOTE><SPEAKER_BREAK>"
2080,"rotdd",0x001AB5BF,"There are many books: <QUOTE>Wish<NEWLINE>for the Sky<QUOTE>, <QUOTE>You Too Can<NEWLINE>Make a Flying Machine<QUOTE><SPEAKER_BREAK>"
2081,"rotdd",0x001AB60E,"There are many books:<NEWLINE><QUOTE>History of Hunting<QUOTE>,<NEWLINE><QUOTE>Dictionary of the Forest<QUOTE><SPEAKER_BREAK>"
2082,"rotdd",0x001AB656,"There are many books:<NEWLINE><QUOTE>Zylo, King of the Forest<QUOTE>,<NEWLINE><QUOTE>New Agriculture<QUOTE>,<PAGE_BREAK><QUOTE>Methods of Land Reclamation<QUOTE><SPEAKER_BREAK>"
2083,"rotdd",0x001AB6BA,"There are many books:<NEWLINE><QUOTE>Mountain Life<QUOTE>, <QUOTE>Forest Life<QUOTE>,<NEWLINE><QUOTE>Digging the Perfect Hole<QUOTE><SPEAKER_BREAK>"
2084,"rotdd",0x001AB70C,"There are many books:<NEWLINE><QUOTE>Mountain Life<QUOTE>, <QUOTE>Forest Life<QUOTE>,<NEWLINE><QUOTE>Digging the Perfect Hole<QUOTE><SPEAKER_BREAK>"
2085,"rotdd",0x001AB75E,"There are all kinds of books:<NEWLINE><QUOTE>Home and Interior<QUOTE>,<NEWLINE><QUOTE>100 Super Storage Ideas<QUOTE><SPEAKER_BREAK>"
2086,"rotdd",0x001AB7AC,"There is an operating note:<NEWLINE>Accelerator - Authorized<NEWLINE>personnel only!<SPEAKER_BREAK>"
2087,"rotdd",0x001AB7F2,"There is an operating note:<NEWLINE>Steering - Authorized<NEWLINE>personnel only!<SPEAKER_BREAK>"
2088,"rotdd",0x001AB835,"There is a card under the<NEWLINE>controls.<SPEAKER_BREAK>"
2089,"rotdd",0x001AB870,"Headquarters Entrance<SPEAKER_BREAK>"
2090,"rotdd",0x001AB887,"-Pao Mobile Church-<NEWLINE>All welcome anytime<SPEAKER_BREAK>"
2091,"rotdd",0x001AB8B0,"There is an operating note:<NEWLINE>Accelerator - Authorized<NEWLINE>personnel only!<SPEAKER_BREAK>"
2092,"rotdd",0x001AB8F6,"There is an operating note:<NEWLINE>Steering - Authorized<NEWLINE>personnel only!<SPEAKER_BREAK>"
2093,"rotdd",0x001AB939,"Headquarters Entrance<SPEAKER_BREAK>"
2094,"rotdd",0x001AB950,"-Pao Mobile Church-<NEWLINE>All welcome anytime<SPEAKER_BREAK>"
2095,"rotdd",0x001AB979,"-Gulf Co.'s Item Shop-<NEWLINE>The only place to go<SPEAKER_BREAK>"
2096,"rotdd",0x001AB9A6,"-Fortress Entrance-<NEWLINE>No civilians allowed<SPEAKER_BREAK>"
2097,"rotdd",0x001AB9D0,"-Uranbatol Church-<NEWLINE>Pray before battle<SPEAKER_BREAK>"
2098,"rotdd",0x001AB9F7,"............<02>A very thick door.<NEWLINE>It really doesn't look like<NEWLINE>it would break.<SPEAKER_BREAK>"
2099,"rotdd",0x001ABA44,"There are military documents:<NEWLINE><QUOTE>Guide to Fortress Security<QUOTE>,<NEWLINE><QUOTE>Report No. 2544<QUOTE><SPEAKER_BREAK>"
2100,"rotdd",0x001ABA93,"There is a card in amongst<NEWLINE>the documents.<SPEAKER_BREAK>"
2101,"rotdd",0x001ABAD5,"-Waral Marine Church-<NEWLINE>Pray before setting sail<SPEAKER_BREAK>"
2102,"rotdd",0x001ABB05,"-Waral Castle-<NEWLINE>Weapons and items on sale<SPEAKER_BREAK>"
2103,"rotdd",0x001ABB2F,"There are many books: <QUOTE>Secrets<NEWLINE>of Deep Ocean Temples<QUOTE>,<NEWLINE><QUOTE>The Plant Under the Sea<QUOTE><PAGE_BREAK>...There is a small piece of<NEWLINE>paper inside one of the books.<NEWLINE>On it is written...<PAGE_BREAK><QUOTE>Three clues herald<NEWLINE>an addition to the ranks.<NEWLINE>All three must be read.<QUOTE><SPEAKER_BREAK>"
2104,"rotdd",0x001ABC18,"Headquarters Entrance<SPEAKER_BREAK>"
2105,"rotdd",0x001ABC2F,"-Rudo Church-<NEWLINE>Adults welcome<SPEAKER_BREAK>"
2106,"rotdd",0x001ABC4D,"The following words are<NEWLINE>engraved on a plaque:<NEWLINE><QUOTE>Dragon Gods Forever<QUOTE><SPEAKER_BREAK>"
2107,"rotdd",0x001ABC92,"There are books on dragons:<NEWLINE><QUOTE>Children "
2108,"rotdd",0x001ABCB9," Dragons<QUOTE>, <QUOTE>Dragon<NEWLINE>Gods<QUOTE>, <QUOTE>Dragon Almanac<QUOTE><PAGE_BREAK>...There is a small piece of<NEWLINE>paper inside one of the books.<PAGE_BREAK>Three pieces of paper herald<NEWLINE>an addition to the ranks.<NEWLINE>All three should be read.<SPEAKER_BREAK>"
2109,"rotdd",0x001ABD72,"There are many dragon books:<NEWLINE><QUOTE>A to Z of Dragons<QUOTE>,<NEWLINE><QUOTE>How Dragons Live<QUOTE>,<PAGE_BREAK><QUOTE>Living with Dragons<QUOTE>,<NEWLINE><QUOTE>The Birth of Dragons<QUOTE><SPEAKER_BREAK>"
2110,"rotdd",0x001ABDE7,"There are many books: <QUOTE>Mystery<NEWLINE>of the Legacy of the Gods<QUOTE>,<NEWLINE><QUOTE>Secrets of the Gods<QUOTE>,<PAGE_BREAK><QUOTE>Ancient Heroes<QUOTE>,<NEWLINE><QUOTE>Vanished Civilizations<QUOTE><SPEAKER_BREAK>"
2111,"rotdd",0x001ABE65,"There are lots of books:<NEWLINE><QUOTE>100 Menus of the Day<QUOTE>,<NEWLINE><QUOTE>55 Remedies for Illness<QUOTE><SPEAKER_BREAK>"
2112,"rotdd",0x001ABEB1,"There are many books: <QUOTE>Gods<NEWLINE>and Dragons<QUOTE>, <QUOTE>History of<NEWLINE>the Saints of Dragonia<QUOTE>,<PAGE_BREAK><QUOTE>The Origin of Dragons<QUOTE>,<NEWLINE><QUOTE>A Blessed Race<QUOTE><SPEAKER_BREAK>"
2113,"rotdd",0x001ABF2B,"There are many books:<NEWLINE><QUOTE>History of Rudo<QUOTE>,<NEWLINE><QUOTE>Law Making<QUOTE>,<PAGE_BREAK><QUOTE>Self-Sufficiency<QUOTE>,<NEWLINE><QUOTE>Dragon Gods and Humans<QUOTE><SPEAKER_BREAK>"
2114,"rotdd",0x001ABF90,"Headquarters Entrance<SPEAKER_BREAK>"
2115,"rotdd",0x001ABFA7,"There are many books,<NEWLINE>but they're written in<NEWLINE>an unintelligible script.<SPEAKER_BREAK>"
2116,"rotdd",0x001ABFEF,"There are many books,<NEWLINE>but they're written in<NEWLINE>an unintelligible script.<SPEAKER_BREAK>"
2117,"rotdd",0x001AC037,"There are many books,<NEWLINE>but they're written in<NEWLINE>an unintelligible script.<SPEAKER_BREAK>"
2118,"rotdd",0x001AC07F,"There are many books,<NEWLINE>but they're written in<NEWLINE>an unintelligible script.<SPEAKER_BREAK>"
2119,"rotdd",0x001AC0C7,"There are many books,<NEWLINE>but they're written in<NEWLINE>an unintelligible script.<SPEAKER_BREAK>"
2120,"rotdd",0x001AC10F,"Weapon shop - Rindo<NEWLINE>Town Hall branch<SPEAKER_BREAK>"
2121,"rotdd",0x001AC135,"Item shop -  Rindo<NEWLINE>Town Hall branch<SPEAKER_BREAK>"
2122,"rotdd",0x001AC15A,"There are books for children:<NEWLINE><QUOTE>Sums<QUOTE>, <QUOTE>English<QUOTE><SPEAKER_BREAK>"
2123,"rotdd",0x001AC18B,"-Prompt Church-<NEWLINE>Lesson in progress.<NEWLINE>Quiet please<SPEAKER_BREAK>"
2124,"rotdd",0x001AC1BD,"Headquarters Entrance<SPEAKER_BREAK>"
2125,"rotdd",0x001AC1D4,"............<05><NEWLINE>Never seen a device<NEWLINE>like that before...<SPEAKER_BREAK>"
2126,"rotdd",0x001AC20B,"There are all kinds of books:<NEWLINE><QUOTE>Children of the Gods<QUOTE>,<NEWLINE><QUOTE>Creations of the Ancients<QUOTE><SPEAKER_BREAK>"
2127,"rotdd",0x001AC25E,"There are all kinds of books:<NEWLINE><QUOTE>The Ancients' Civilization<QUOTE>,<NEWLINE><QUOTE>Surviving Deities<QUOTE><SPEAKER_BREAK>"
2128,"rotdd",0x001AC2AF,"There is a card in amongst<NEWLINE>the books.<SPEAKER_BREAK>"
2129,"rotdd",0x001AC2EC,"There are all kinds of books:<NEWLINE><QUOTE>Research Into Dark Dragon<QUOTE>,<NEWLINE><QUOTE>Castle Consultations<QUOTE><SPEAKER_BREAK>"
2130,"rotdd",0x001AC33F,"There are all kinds of books:<NEWLINE><QUOTE>Seabed Plant Blueprints<QUOTE>,<NEWLINE><QUOTE>Colossus Project<QUOTE><SPEAKER_BREAK>"
2131,"rotdd",0x001AC38C,"The Warrior's Arms<SPEAKER_BREAK>"
2132,"rotdd",0x001AC3A0,"-Runefaust Church-<NEWLINE>Let us all pray for peace<SPEAKER_BREAK>"
2133,"rotdd",0x001AC3CE,"Headquarters Entrance<SPEAKER_BREAK>"
2134,"rotdd",0x001AC3E5,"The following is engraved:<NEWLINE><QUOTE>Arc Le Ramladu VI,<NEWLINE>King of Runefaust<QUOTE><SPEAKER_BREAK>"
2135,"rotdd",0x001AC428,"There are all kinds of books:<NEWLINE><QUOTE>Runefaust the Great<QUOTE>,<NEWLINE><QUOTE>On Peace<QUOTE><SPEAKER_BREAK>"
2136,"rotdd",0x001AC469,"There are many books:<NEWLINE><QUOTE>The History of<NEWLINE>Runefaust, Part 1<QUOTE>,<PAGE_BREAK><QUOTE>A Tale of Two Gates<QUOTE><SPEAKER_BREAK>"
2137,"rotdd",0x001AC4BA,"There are many books:<NEWLINE><QUOTE>The History of<NEWLINE>Runefaust, Part 2<QUOTE>,<PAGE_BREAK><QUOTE>A History of the Gate<NEWLINE>of the Ancients<QUOTE><SPEAKER_BREAK>"
2138,"rotdd",0x001AC51D,"There are many books:<NEWLINE><QUOTE>Phantom Castle: The lost<NEWLINE>Castle of the Ancients<QUOTE>,<PAGE_BREAK><QUOTE>I saw a Castle under the Sea<QUOTE><SPEAKER_BREAK>"
2139,"rotdd",0x001AC586,"There are many books:<NEWLINE><QUOTE>Righteous Rule<QUOTE>,<NEWLINE><QUOTE>Politics for the Populace<QUOTE><SPEAKER_BREAK>"
2140,"rotdd",0x001AC5CB,"There are many books:<NEWLINE><QUOTE>Legends Explained<QUOTE>,<NEWLINE><QUOTE>Runefaust Industry<QUOTE><SPEAKER_BREAK>"
2141,"rotdd",0x001AC60C,"There are all kinds of books:<NEWLINE><QUOTE>Picture Book of King Ramladu<QUOTE>,<NEWLINE><QUOTE>Biography of General Elliot<QUOTE><SPEAKER_BREAK>"
2142,"rotdd",0x001AC669,"There are many books: <QUOTE>Sources<NEWLINE>of Magic<QUOTE>, <QUOTE>Top Secret!<QUOTE>,<NEWLINE><QUOTE>Mysterious Rune<QUOTE><SPEAKER_BREAK>"
2143,"rotdd",0x001AC6B5,"There are many books:<NEWLINE><QUOTE>A History of the Gate of the<NEWLINE>Ancients<QUOTE>, <QUOTE>Era of the Gods<QUOTE><SPEAKER_BREAK>"
2144,"rotdd",0x001AC707,"There are many books:<NEWLINE><QUOTE>My Life in Politics<QUOTE>,<NEWLINE><QUOTE>The Story of Ramladu<QUOTE><SPEAKER_BREAK>"
2145,"rotdd",0x001AC74C,"When Light and Dark are<NEWLINE>as one, so shall be born a<NEWLINE>sword to destroy chaos.<SPEAKER_BREAK>"
2146,"rotdd",0x001AC798,"A shining blade for<NEWLINE>the Power of Light.<SPEAKER_BREAK>"
2147,"rotdd",0x001AC7C1,"A shadowy blade for<NEWLINE>the Power of Darkness.<SPEAKER_BREAK>"
2148,"rotdd",0x001AC7ED,"When Light and Dark are<NEWLINE>as one, so shall be born a<NEWLINE>sword to destroy chaos.<SPEAKER_BREAK>"
2149,"rotdd",0x001AC839,"Locked in a cold sleep,<NEWLINE>Until the promised day,<NEWLINE>Travellers through time.<SPEAKER_BREAK>"
2150,"rotdd",0x001AC883,"Ken: Now, I'll finally learn<NEWLINE>how to fight a good battle.<NEWLINE>Thanks a lot, <PLAYER_NAME>!<SPEAKER_BREAK>"
2151,"rotdd",0x001AC8CE,"Luke: Nothing to fear while<NEWLINE>I'm here! I'll be in the front<NEWLINE>line as long as you need me.<SPEAKER_BREAK>"
2152,"rotdd",0x001AC927,"Hans: I'm begging you.<NEWLINE>Don't put me at the front.<NEWLINE>I hate getting thumped.<SPEAKER_BREAK>"
2153,"rotdd",0x001AC972,"Tao: Am I being of use to you?<NEWLINE>As long as there's breath in<NEWLINE>my body, I'll keep fighting!<SPEAKER_BREAK>"
2154,"rotdd",0x001AC9CC,"Lowe: I'm here so that you<NEWLINE>can concentrate on fighting!<NEWLINE>Don't you be forgetting that!<SPEAKER_BREAK>"
2155,"rotdd",0x001ACA23,"Gong: Leave everything to me.<NEWLINE>I can fight and treat your<NEWLINE>wounds. I'll do all I can.<SPEAKER_BREAK>"
2156,"rotdd",0x001ACA78,"Mae: I'll take care of the<NEWLINE>enemy! <02>If you leave me out<NEWLINE>of the group, you'll regret it!<SPEAKER_BREAK>"
2157,"rotdd",0x001ACAD0,"Gort: Whaddya reckon? Pretty<NEWLINE>strong, huh?! I won't lose to<NEWLINE>any young upstarts!<SPEAKER_BREAK>"
2158,"rotdd",0x001ACB20,"Khris: You've got to take care<NEWLINE>of even minor injuries.<NEWLINE>Tell me if you get hurt, OK?<SPEAKER_BREAK>"
2159,"rotdd",0x001ACB75,"Anri: <PLAYER_NAME>,<NEWLINE>you're doing a great job. <NEWLINE>Take care of yourself, OK?<SPEAKER_BREAK>"
2160,"rotdd",0x001ACBB5,"Arthur: I'm really grateful<NEWLINE>for the chance to join in this<NEWLINE>battle! I won't let you down!<SPEAKER_BREAK>"
2161,"rotdd",0x001ACC0F,"Balbaroy: I'll keep fighting<NEWLINE>until these wings break! <02>On<NEWLINE>the King of the Sky's honor!<SPEAKER_BREAK>"
2162,"rotdd",0x001ACC67,"Amon: Leave airborne battles<NEWLINE>to me! With these wings,<NEWLINE>no enemy will defeat us!<SPEAKER_BREAK>"
2163,"rotdd",0x001ACCB7,"Diane: You needn't fear flying<NEWLINE>enemies as long as I'm around!<NEWLINE>I'll strike them all down!<SPEAKER_BREAK>"
2164,"rotdd",0x001ACD11,"Zylo: We werewolves were born<NEWLINE>to fight. Being on the battle-<NEWLINE>field is what we love most.<SPEAKER_BREAK>"
2165,"rotdd",0x001ACD6B,"Pelle: Taking out the enemy is<NEWLINE>what I do best. I'll show you<NEWLINE>the power of a true knight.<SPEAKER_BREAK>"
2166,"rotdd",0x001ACDC5,"Vankar: Placing me on the<NEWLINE>front line? You have an expert<NEWLINE>eye. What a great leader!<SPEAKER_BREAK>"
2167,"rotdd",0x001ACE19,"Narsha: I am Ramladu's<NEWLINE>daughter. <02>I'll fight with all <NEWLINE>my might - have faith in me.<SPEAKER_BREAK>"
2168,"rotdd",0x001ACE6E,"Mawlock: I'm a card artist. I<NEWLINE>can help you with a myriad<NEWLINE>of different battle tactics.<SPEAKER_BREAK>"
2169,"rotdd",0x001ACEC5,"Zuika: You'll see my strength<NEWLINE>on the battlefield. That's all<NEWLINE>I have to say.<SPEAKER_BREAK>"
2170,"rotdd",0x001ACF12,"Kokichi: Ha! I just love to<NEWLINE>fight! Those Runefaust beasts?<NEWLINE>I'll make quick work of 'em!<SPEAKER_BREAK>"
2171,"rotdd",0x001ACF7D,"Guntz: Hssss hssssss...<NEWLINE>My steam engine's fired up<NEWLINE>and raring to go!<SPEAKER_BREAK>"
2172,"rotdd",0x001ACFC3,"Domingo: Domingo! Domingo!<SPEAKER_BREAK>"
2173,"rotdd",0x001ACFDF,"Earnest: All I want is to<NEWLINE>defeat Runefaust. I'd give my<NEWLINE>life for that cause.<SPEAKER_BREAK>"
2174,"rotdd",0x001AD02D,"Hanzou: A ninja is a man of<NEWLINE>few words. We are content to<NEWLINE>show our strength in battle.<SPEAKER_BREAK>"
2175,"rotdd",0x001AD084,"Lyle: Let me at 'em!<NEWLINE>I'll blast them all away with<NEWLINE>one shot from my cannon!<SPEAKER_BREAK>"
2176,"rotdd",0x001AD0D1,"Musashi: Fear not! With this<NEWLINE>sword I shall slay any evil<NEWLINE>that may rear its ugly head!<SPEAKER_BREAK>"
2177,"rotdd",0x001AD128,"Bleu: I'm getting stronger,<NEWLINE>don't you think? And I'll keep<NEWLINE>trying as hard as I can!<SPEAKER_BREAK>"
2178,"rotdd",0x001AD17D,"Alef: We must pool our<NEWLINE>strength to destroy Dark<NEWLINE>Dragon. That is our mission.<SPEAKER_BREAK>"
2179,"rotdd",0x001AD1CB,"Torasu: Try not to get hurt. <NEWLINE>I'm getting older"
2180,"rotdd",0x001AD1FB," too much<NEWLINE>spell-casting wears me out.<SPEAKER_BREAK>"
2181,"rotdd",0x001AD222,"Adam: I was born to<NEWLINE>serve you. I will follow<NEWLINE>wherever you lead.<SPEAKER_BREAK>"
2182,"rotdd",0x001AD263,"Ken: Just give me a shout when<NEWLINE>you need me. I'll be ready to<NEWLINE>help out anytime!<SPEAKER_BREAK>"
2183,"rotdd",0x001AD2B3,"Luke: You don't want me to<NEWLINE>fight?! <02>Hmph...<NEWLINE>This hurts my warrior's pride.<SPEAKER_BREAK>"
2184,"rotdd",0x001AD2FF,"Hans: Yeah, I prefer to just<NEWLINE>hang around and rest. Let<NEWLINE>me relax for a while, OK?<SPEAKER_BREAK>"
2185,"rotdd",0x001AD351,"Tao: If there's any way I can<NEWLINE>be of use to you, let me know.<NEWLINE>I'll never forget my training.<SPEAKER_BREAK>"
2186,"rotdd",0x001AD3AE,"Lowe: Will you manage without<NEWLINE>me? If you ever need anyone to<NEWLINE>treat your wounds, just ask.<SPEAKER_BREAK>"
2187,"rotdd",0x001AD409,"Gong: If you need me, just say<NEWLINE>the word. I'll be ready to<NEWLINE>help at any time.<SPEAKER_BREAK>"
2188,"rotdd",0x001AD456,"Mae: You're leaving me out?!<05><NEWLINE>You've got some nerve!<SPEAKER_BREAK>"
2189,"rotdd",0x001AD48C,"Gort: Hmm......<05><NEWLINE>Seems like I'm just<NEWLINE>getting in the way...<SPEAKER_BREAK>"
2190,"rotdd",0x001AD4C8,"Khris: ... Well, I suppose I'm<NEWLINE>not the only one who can heal.<05><NEWLINE>It's OK. I don't mind...<SPEAKER_BREAK>"
2191,"rotdd",0x001AD521,"Anri: OK, good luck.<NEWLINE>But, are you sure you'll<NEWLINE>be OK on your own?<SPEAKER_BREAK>"
2192,"rotdd",0x001AD563,"Arthur: I knew it. No one<NEWLINE>thinks I'm good enough...<05><NEWLINE>Well, I can't complain...<SPEAKER_BREAK>"
2193,"rotdd",0x001AD5B3,"Balbaroy: I suppose I have to<NEWLINE>rest my wings sometime.<NEWLINE>Call on me next time, please.<SPEAKER_BREAK>"
2194,"rotdd",0x001AD608,"Amon: I'll rest my wings so <NEWLINE>I'm ready for the next battle.<05><NEWLINE>Recuperation is important.<SPEAKER_BREAK>"
2195,"rotdd",0x001AD661,"Diane: ............ You have<NEWLINE>no need for my bow?<02> Well,<NEWLINE>if your mind's made up...<SPEAKER_BREAK>"
2196,"rotdd",0x001AD6B4,"Zylo: ...That's a pity. For me<NEWLINE>of all people to be left out!<05><NEWLINE>Guess I have to accept it...<SPEAKER_BREAK>"
2197,"rotdd",0x001AD710,"Pelle: No problem.<NEWLINE>Order me to rest and I rest.<NEWLINE>All part of a soldier's life.<SPEAKER_BREAK>"
2198,"rotdd",0x001AD75F,"Vankar: ..... Long time no see!<NEWLINE>What's going on in the<NEWLINE>outside world, eh?<SPEAKER_BREAK>"
2199,"rotdd",0x001AD7AA,"Narsha: That's fine by me.<NEWLINE>I'll rest and save my<NEWLINE>strength.<SPEAKER_BREAK>"
2200,"rotdd",0x001AD7E6,"Mawlock: Yeah, a rest won't<NEWLINE>hurt. A bit of relaxation is<NEWLINE>good for the soul.<SPEAKER_BREAK>"
2201,"rotdd",0x001AD833,"Zuika: ...... What?!<NEWLINE>I'm trying to rest here.<NEWLINE>Keep the noise down!<SPEAKER_BREAK>"
2202,"rotdd",0x001AD877,"Kokichi: My wings'll rust<NEWLINE>if they go unused...<NEWLINE>Hope I can fight soon! <SPEAKER_BREAK>"
2203,"rotdd",0x001AD8BF,"Yogurt: ...... Sugoi!<NEWLINE>"
2204,"rotdd",0x001AD8D6,"Seems really pleased"
2205,"rotdd",0x001AD8ED,"Guntz: ......Pssssss.<NEWLINE>Not much point in readying<NEWLINE>the Steam Suit, then...<SPEAKER_BREAK>"
2206,"rotdd",0x001AD937,"Domingo: ......Domingo...<05><NEWLINE>......Domingo.<NEWLINE>"
2207,"rotdd",0x001AD962,"Looks a bit sad."
2208,"rotdd",0x001AD975,"Earnest: Fighting is my life.<NEWLINE>Not participating in battle...<05><NEWLINE>This will be tough.<SPEAKER_BREAK>"
2209,"rotdd",0x001AD9C8,"Hanzou: One of the skills<NEWLINE>a ninja learns is to rest well<NEWLINE>and conserve his strength.<SPEAKER_BREAK>"
2210,"rotdd",0x001ADA1D,"Lyle: Huh? That's annoying.<NEWLINE>I was looking forward to<NEWLINE>taking a shot at someone!<SPEAKER_BREAK>"
2211,"rotdd",0x001ADA6D,"Musashi: Unmoving, as a<NEWLINE>mountain. Here I will stand<NEWLINE>firm and wait.<SPEAKER_BREAK>"
2212,"rotdd",0x001ADAB1,"Bleu: Oh! Can't I fight yet?<NEWLINE>Wonder when I'll get the<NEWLINE>chance...<SPEAKER_BREAK>"
2213,"rotdd",0x001ADAF2,"Alef: Got enough mages?<NEWLINE>Remember that you cannot win a<NEWLINE>battle with strength alone.<SPEAKER_BREAK>"
2214,"rotdd",0x001ADB46,"Torasu: It's OK to rest?<05><NEWLINE>Hmm. In that case, I'll make<NEWLINE>myself comfortable.<SPEAKER_BREAK>"
2215,"rotdd",0x001ADB92,"Adam: Wherever I am, I will be<NEWLINE>watching over you. You can<NEWLINE>fight safe in this knowledge.<SPEAKER_BREAK>"
2216,"rotdd",0x001ADBEB,"Ken: This is the first time <NEWLINE>I've been on a boat this big.<05><NEWLINE>It's pretty nerve-racking...<SPEAKER_BREAK>"
2217,"rotdd",0x001ADC45,"Luke: This is my first time on<NEWLINE>a boat... <02>All this<NEWLINE>lurching about is scary...<SPEAKER_BREAK>"
2218,"rotdd",0x001ADC94,"Hans: Ah! What next?! <NEWLINE>First, I get into a fight, now<NEWLINE>I have to go on a boat...<SPEAKER_BREAK>"
2219,"rotdd",0x001ADCE5,"Tao: So, this is what a <NEWLINE>boat's like... I always<NEWLINE>wanted to go on one.<SPEAKER_BREAK>"
2220,"rotdd",0x001ADD2C,"Lowe: Ugh. I feel sea sick.<NEWLINE>If only I'd learned a spell<NEWLINE>to cure it before I got on...<SPEAKER_BREAK>"
2221,"rotdd",0x001ADD83,"Gong: Boat trips are fun.<NEWLINE>Listen to the waves - you can<NEWLINE>hear the secrets of the sea.<SPEAKER_BREAK>"
2222,"rotdd",0x001ADDD9,"Mae: ...<02>I just can't<NEWLINE>relax when I think of<NEWLINE>all that water below us...<SPEAKER_BREAK>"
2223,"rotdd",0x001ADE21,"Gort: The sea's great!<NEWLINE>I've been wanting to go on a<NEWLINE>boat for ages!<SPEAKER_BREAK>"
2224,"rotdd",0x001ADE65,"Khris: It seems that everyone<NEWLINE>is new to boats... Medicine<NEWLINE>might not be a bad idea.<SPEAKER_BREAK>"
2225,"rotdd",0x001ADEB9,"Anri: At last, we head east.<05><NEWLINE>I wonder if we'll ever be able<NEWLINE>to return to Guardiana again.<SPEAKER_BREAK>"
2226,"rotdd",0x001ADF15,"Arthur: I've never been in a<NEWLINE>battle on a boat before...<05><NEWLINE>How are we going to fight?<SPEAKER_BREAK>"
2227,"rotdd",0x001ADF6A,"Balbaroy: Remember, we flying<NEWLINE>creatures are useful at sea.<NEWLINE>You'll be glad we're here.<SPEAKER_BREAK>"
2228,"rotdd",0x001ADFC1,"Amon:<NEWLINE>We'd be very useful in a sea<NEWLINE>battle because we can fly.<SPEAKER_BREAK>"
2229,"rotdd",0x001AE000,"Diane: I could be useful<NEWLINE>in an ambush from the boat.<05><NEWLINE>...Keep that in mind...<SPEAKER_BREAK>"
2230,"rotdd",0x001AE04F,"Zylo: I can't relax on the<NEWLINE>water! It's so different<NEWLINE>from the forest...<SPEAKER_BREAK>"
2231,"rotdd",0x001AE097,"Pelle: We knights may not be<NEWLINE>much use in a battle at sea...<SPEAKER_BREAK>"
2232,"rotdd",0x001AE0D4,"Vankar: Whoa! My stomach<NEWLINE>doesn't know which way is up...<05><NEWLINE>...Pass the bucket!<SPEAKER_BREAK>"
2233,"rotdd",0x001AE123,"Narsha: So, back to<NEWLINE>the eastern continent...<SPEAKER_BREAK>"
2234,"rotdd",0x001AE151,"Mawlock: Hmmm...<NEWLINE>Traveling by boat isn't bad.<NEWLINE>I'll just sit back and enjoy.<SPEAKER_BREAK>"
2235,"rotdd",0x001AE19E,"Zuika: I have a bad feeling.<05><NEWLINE>There are lots of sea <NEWLINE>monsters around the boat!<SPEAKER_BREAK>"
2236,"rotdd",0x001AE1EE,"Kokichi: Hm. I'm not happy<NEWLINE>at all. What if the boat<NEWLINE>sinks...? <02>I can't swim...!<SPEAKER_BREAK>"
2237,"rotdd",0x001AE23F,"Yogurt: ...... Er...<05><NEWLINE>......Umi!<SPEAKER_BREAK>"
2238,"rotdd",0x001AE261,"Guntz: I hate the sea. Do you<NEWLINE>blame me? It makes my suit<NEWLINE>and engine all rusty...<SPEAKER_BREAK>"
2239,"rotdd",0x001AE2B3,"Domingo: ......Domingo.<NEWLINE>"
2240,"rotdd",0x001AE2CC,"Looks a little green.<NEWLINE>Might be seasick."
2241,"rotdd",0x001AE2F6,"Earnest: I'm used to<NEWLINE>travelling by sea. I've been<NEWLINE>to many countries.<SPEAKER_BREAK>"
2242,"rotdd",0x001AE33C,"Hanzou: I am a ninja. Ninjas<NEWLINE>have no time for seasickness.<SPEAKER_BREAK>"
2243,"rotdd",0x001AE378,"Ken: At last, the final<NEWLINE>battle! I'll give it<NEWLINE>all I've got!<SPEAKER_BREAK>"
2244,"rotdd",0x001AE3B4,"Luke: So, we fight Dark Dragon.<NEWLINE>A worthy opponent! Now you'll<NEWLINE>see true dwarf warrior power!<SPEAKER_BREAK>"
2245,"rotdd",0x001AE411,"Hans: The final battle.<NEWLINE>At least this means we can go<NEWLINE>home soon. One last fight...<SPEAKER_BREAK>"
2246,"rotdd",0x001AE465,"Tao: Dark Dragon is very<NEWLINE>strong. But, if we all stick<NEWLINE>together, we can beat him.<SPEAKER_BREAK>"
2247,"rotdd",0x001AE4B7,"Lowe: Phew. The final battle,<NEWLINE>here at last. We'll take out<NEWLINE>Dark Dragon with one blow!<SPEAKER_BREAK>"
2248,"rotdd",0x001AE50E,"Gong: Now, I see. The stars<NEWLINE>led me here, to challenge Dark<NEWLINE>Dragon, the root of all evil.<SPEAKER_BREAK>"
2249,"rotdd",0x001AE568,"Mae: Father...<NEWLINE>I will fight for the honor<NEWLINE>of Guardiana's knights.<SPEAKER_BREAK>"
2250,"rotdd",0x001AE5AB,"Gort: This could be the last<NEWLINE>time we speak,<NEWLINE>so I must thank you.<PAGE_BREAK>Thank you so much for bringing<NEWLINE>an old man like me this far.<NEWLINE>I'll fight as hard as I can.<SPEAKER_BREAK>"
2251,"rotdd",0x001AE646,"Khris: I'm praying that<NEWLINE>this battle will end and we<NEWLINE>can all smile again...<SPEAKER_BREAK>"
2252,"rotdd",0x001AE692,"Anri: Thank you, <PLAYER_NAME>.<NEWLINE>It's because of you that I've<NEWLINE>managed to come this far.<PAGE_BREAK>The destiny of Guardania's<NEWLINE>royal family is to fight Dark<NEWLINE>Dragon. I will see it through!<SPEAKER_BREAK>"
2253,"rotdd",0x001AE737,"Arthur: Hmm. The final battle.<NEWLINE>We've come a long way...<05><NEWLINE>Now, it gets interesting!<SPEAKER_BREAK>"
2254,"rotdd",0x001AE78B,"Balbaroy: Protecting the skies<NEWLINE>is the bird people's destiny.<NEWLINE>Till our wings break, amigo!<SPEAKER_BREAK>"
2255,"rotdd",0x001AE7E6,"Amon: It doesn't matter how<NEWLINE>strong the enemy is. As long<NEWLINE>as Balbaroy is here,<PAGE_BREAK>there is nothing to fear.<SPEAKER_BREAK>"
2256,"rotdd",0x001AE84F,"Diane: My beloved mountains<NEWLINE>and forests... I will fight<NEWLINE>for all those who live there.<SPEAKER_BREAK>"
2257,"rotdd",0x001AE8A6,"Zylo: So we will fight the<NEWLINE>evil Dark Dragon... This is<NEWLINE>a battle worth fighting.<SPEAKER_BREAK>"
2258,"rotdd",0x001AE8F7,"Pelle: The final battle. It's<NEWLINE>been a long time coming.<NEWLINE>Hang in there...<SPEAKER_BREAK>"
2259,"rotdd",0x001AE940,"Vankar: Conquer Dark Dragon?<05><NEWLINE>Now, that would be something!<NEWLINE>Ha ha! Things are heating up!<SPEAKER_BREAK>"
2260,"rotdd",0x001AE99B,"Narsha: It was in this land<NEWLINE>that Dark Dragon was awakened.<NEWLINE>Here in Runefaust...<PAGE_BREAK>As Queen of Runefaust, I must<NEWLINE>seal the dragon away. <02>Even<NEWLINE>if it costs me my life.<SPEAKER_BREAK>"
2261,"rotdd",0x001AEA3E,"Mawlock: So, the time's come.<NEWLINE>To think that I'll see Dark<NEWLINE>Dragon... <02>This should be fun!<SPEAKER_BREAK>"
2262,"rotdd",0x001AEA98,"Zuika: Time to fulfill our<NEWLINE>destiny. I will destroy this<NEWLINE>violent Legacy of the Gods.<SPEAKER_BREAK>"
2263,"rotdd",0x001AEAED,"Kokichi: Look at me! Valiant<NEWLINE>Kokichi, hero of the sky!<NEWLINE>Dark Dragon's head is mine!<SPEAKER_BREAK>"
2264,"rotdd",0x001AEB5C,"Guntz: Ssssssssssssh-ph-ph!<05><NEWLINE>My steam engine's all ready<NEWLINE>to go! <02>Into final battle mode!<SPEAKER_BREAK>"
2265,"rotdd",0x001AEBB6,"Domingo: Domingo! Domingo!<NEWLINE>"
2266,"rotdd",0x001AEBD2,"Its face is bright red.<NEWLINE>Seems rather excited."
2267,"rotdd",0x001AEC02,"Earnest: My original intention<NEWLINE>was to defeat Runefaust. <02>But<NEWLINE>now, there's Dark Dragon.<PAGE_BREAK>If he is not sealed away,<NEWLINE>untold tragedy awaits. I <NEWLINE>cannot allow that to happen.<SPEAKER_BREAK>"
2268,"rotdd",0x001AECAB,"Hanzou: ............<05><NEWLINE>Faced with the final battle,<NEWLINE>I am totally calm.<SPEAKER_BREAK>"
2269,"rotdd",0x001AECF2,"Lyle: Mechanical bow ready to<NEWLINE>go! Time to fight Dark Dragon.<05><NEWLINE>The bigger the target...<PAGE_BREAK>the better!<SPEAKER_BREAK>"
2270,"rotdd",0x001AED56,"Musashi: Dark Dragon does not<NEWLINE>scare me! One skillful strike<NEWLINE>and he will be no more!<SPEAKER_BREAK>"
2271,"rotdd",0x001AEDAB,"Bleu: We're fighting Dark<NEWLINE>Dragon? That's pretty scary.<NEWLINE>I'll do my best.<PAGE_BREAK>I'll protect you.<SPEAKER_BREAK>"
2272,"rotdd",0x001AEE06,"Alef: Ugh! This is horrible!<NEWLINE>Surely I, of all people, can't<NEWLINE>be feeling nervous...?!<PAGE_BREAK>I hate getting my fur<NEWLINE>ruffled up this way.<SPEAKER_BREAK>"
2273,"rotdd",0x001AEE86,"Torasu: How extraordinary!<NEWLINE>To think I'll see the legendary<NEWLINE>Dark Dragon with my own eyes!<PAGE_BREAK>...The things you get to see<NEWLINE>when you live to a ripe<NEWLINE>old age!<SPEAKER_BREAK>"
2274,"rotdd",0x001AEF1E,"Adam: <PLAYER_NAME>,<NEWLINE>I will help you seal away<NEWLINE>Dark Dragon.<PAGE_BREAK>It is my mission.<NEWLINE>I will follow you to the<NEWLINE>ends of the earth.<SPEAKER_BREAK>"
2275,"rotdd",0x001AEF8D,"Ken: If you want, I could<NEWLINE>tell you my life story.<PAGE_BREAK>My father was a knight at the<NEWLINE>castle, just like Mae's.<PAGE_BREAK>His name was Thomas.<05><NEWLINE>But, he passed away when<NEWLINE>I was small...<SPEAKER_BREAK>"
2276,"rotdd",0x001AF035,"Ken: My father was second<NEWLINE>in command of the Band of<NEWLINE>Knights, under Lord Varios.<PAGE_BREAK>I was just a child, but to me<NEWLINE>he seemed a quiet man, more<NEWLINE>like a scholar than a knight.<PAGE_BREAK>Even in battle he was rarely<NEWLINE>at the front line - an adviser,<NEWLINE>rather than a fighter.<PAGE_BREAK>I was often teased by the<NEWLINE>kids of the other knights.<NEWLINE><QUOTE>Your old man's a coward!<QUOTE><PAGE_BREAK>It was hard...<SPEAKER_BREAK>"
2277,"rotdd",0x001AF191,"Ken: When I was a kid, there<NEWLINE>was a band of thieves who<NEWLINE>roamed around Guardiana.<PAGE_BREAK>Known as the Wind Fang Clan,<NEWLINE>this group of former knights<NEWLINE>terrorized the populace.<PAGE_BREAK>The order came for our knights<NEWLINE>to get rid of the thieves.<PAGE_BREAK>Led by Lord Varios, the<NEWLINE>knights left the country.<NEWLINE>My father was among them.<PAGE_BREAK>It should have been easy.<NEWLINE>The Wind Fang Clan might<NEWLINE>once have been knights,<PAGE_BREAK>but now they were mere<NEWLINE>criminals. The knights were<NEWLINE>in for a shock, though.<SPEAKER_BREAK>"
2278,"rotdd",0x001AF351,"Ken: The Guardiana knights<NEWLINE>closed in on the Wind Fang<NEWLINE>Clan in the western mountains.<PAGE_BREAK>But, this was a trap devised<NEWLINE>by the thieves.<PAGE_BREAK>There they had set an ancient<NEWLINE>super-weapon, the Laser Eye.<NEWLINE>It was a monstrous machine.<PAGE_BREAK>The terrible light from its<NEWLINE>massive pupil could reduce<NEWLINE>anything to ashes.<SPEAKER_BREAK>"
2279,"rotdd",0x001AF475,"The Laser Eye's power was<NEWLINE>overwhelming. The knights<NEWLINE>could not approach the enemy.<PAGE_BREAK>But if they gave up, the<NEWLINE>thieves would use the threat<NEWLINE>of the Laser Eye and attack<PAGE_BREAK>the villages again. So,<NEWLINE>my father came up with a plan.<PAGE_BREAK>It went like this...<SPEAKER_BREAK>"
2280,"rotdd",0x001AF566,"Ken: My father's plan was to<NEWLINE>use diversionary tactics.<PAGE_BREAK>A decoy would be used to<NEWLINE>distract the enemy so that the<NEWLINE>other knights could attack.<PAGE_BREAK>It seems there was a dispute<NEWLINE>over who should be the decoy.<NEWLINE>They all stepped forward.<PAGE_BREAK>But in the end, it was decided<NEWLINE>that my father would be the<NEWLINE>decoy.<SPEAKER_BREAK>"
2281,"rotdd",0x001AF689,"Ken: My father volunteered to<NEWLINE>act as decoy. Everyone was <NEWLINE>taken aback.<PAGE_BREAK>He'd always been more of an<NEWLINE>adviser - he wouldn't normally<NEWLINE>volunteer for dangerous tasks.<PAGE_BREAK>But, this time was different.<05><NEWLINE>My father was well aware<NEWLINE>of the danger.<PAGE_BREAK>So, he decided that he<NEWLINE>had to take on the role.<SPEAKER_BREAK>"
2282,"rotdd",0x001AF7A2,"Ken: So, my father became<NEWLINE>the decoy.<PAGE_BREAK>Carrying a flag to make him<NEWLINE>stand out, my father charged<NEWLINE>right at the Laser Eye.<PAGE_BREAK>The Laser Eye aimed its evil<NEWLINE>light at my father and shot<NEWLINE>at him several times.<PAGE_BREAK>But, while this was going on,<NEWLINE>the main unit was able to get<NEWLINE>close to the Laser Eye.<PAGE_BREAK>The knights managed to defeat<NEWLINE>the thieves guarding the Laser<NEWLINE>Eye and destroy it.<PAGE_BREAK>But...<SPEAKER_BREAK>"
2283,"rotdd",0x001AF914,"Ken: The unit destroyed the<NEWLINE>Laser Eye, but when they<NEWLINE>returned for my father,<PAGE_BREAK>all they could find was the<NEWLINE>charred remains of his lance.<PAGE_BREAK>His body had vanished<NEWLINE>without a trace, scorched<NEWLINE>by the Laser Eye's light...<PAGE_BREAK>............<SPEAKER_BREAK>"
2284,"rotdd",0x001AF9F5,"Ken: Shortly after my father<NEWLINE>died, Mae turned up at my<NEWLINE>house, out of the blue.<PAGE_BREAK>We knew each other before<NEWLINE>that, but we'd never really<NEWLINE>talked that much...<PAGE_BREAK>I didn't know what she wanted.<NEWLINE>She dragged me outside with<NEWLINE>a terrible look on her face.<PAGE_BREAK>I had no idea where we were<NEWLINE>going. She took me into the<NEWLINE>mountains behind the house.<SPEAKER_BREAK>"
2285,"rotdd",0x001AFB3B,"Ken: Once we were in<NEWLINE>the mountains, she said,<PAGE_BREAK><QUOTE>From now on, you will train<NEWLINE>here every day. You must never<NEWLINE>skip, not even one day.<QUOTE><PAGE_BREAK>From that day forward, she<NEWLINE>coached me every single day.<PAGE_BREAK>It was pretty hard going,<NEWLINE>and I ended up with cuts<NEWLINE>and bruises all over.<PAGE_BREAK>Sometimes I wondered if she<NEWLINE>was trying to kill me.<05><NEWLINE>But...<SPEAKER_BREAK>"
2286,"rotdd",0x001AFC7B,"Ken: But as my daily training<NEWLINE>continued, I gradually came to<NEWLINE>understand.<PAGE_BREAK>Her methods were a bit rough,<NEWLINE>but that was actually Mae's<NEWLINE>way of being kind to me.<PAGE_BREAK>I'd just lost my father, and<NEWLINE>she was doing all she could<NEWLINE>to help me deal with it.<PAGE_BREAK>When I realized this, I made<NEWLINE>up my mind. I decided to be<NEWLINE>the best knight I could.<PAGE_BREAK>I still have a long way to go,<NEWLINE>mind you! Ha ha ha!<SPEAKER_BREAK>"
2287,"rotdd",0x001AFDEF,"Ken: If you want to hear<NEWLINE>more, talk to me later.<SPEAKER_BREAK>"
2288,"rotdd",0x001AFE21,"Ken:<NEWLINE>That's the end of my story.<NEWLINE>Do you want me to repeat it?<SPEAKER_BREAK>"
2289,"rotdd",0x001AFE60,"Luke: You know that I'm from<NEWLINE>the Guardiana Band of<NEWLINE>Warriors, right?<PAGE_BREAK>Don't you think it's odd<NEWLINE>that it's called the <QUOTE>Band<NEWLINE>of Warriors<QUOTE>,<PAGE_BREAK>when I'm the only member?<NEWLINE>Let me tell you why that is...<SPEAKER_BREAK>"
2290,"rotdd",0x001AFF20,"Luke: It was when Gort was<NEWLINE>still in active service, long<NEWLINE>before I entered the band.<PAGE_BREAK>There were 10"
2291,"rotdd",0x001AFF82," dwarf warriors<NEWLINE>in the band back then.<PAGE_BREAK>They were known far and<NEWLINE>wide as the strongest warriors<NEWLINE>in the land.<PAGE_BREAK>But then, one day...<SPEAKER_BREAK>"
2292,"rotdd",0x001B0003,"Luke: An order came<NEWLINE>from the King to<NEWLINE>root out some pirates.<PAGE_BREAK>The pirates were attacking<NEWLINE>merchant ships in the waters<NEWLINE>off Rindo nearly every day.<PAGE_BREAK>With essential goods not<NEWLINE>reaching the port, both Rindo<NEWLINE>and Guardiana were in trouble.<SPEAKER_BREAK>"
2293,"rotdd",0x001B00EA,"Luke: The warrior dwarves set<NEWLINE>off from Rindo in a boat with<NEWLINE>young Gort as their captain.<PAGE_BREAK>For days they were tossed<NEWLINE>about by the sea, before <NEWLINE>finally finding the pirates.<SPEAKER_BREAK>"
2294,"rotdd",0x001B0195,"Luke: The dwarves were at<NEWLINE>a disadvantage.<05><NEWLINE>But, they fought bravely.<PAGE_BREAK>The warriors drove their ship<NEWLINE>into the pirates' and boarded.<NEWLINE>The pirates were tough...<PAGE_BREAK>But, Gort and his men were<NEWLINE>tougher, making short work of<NEWLINE>the enemy. <02>Nevertheless...<SPEAKER_BREAK>"
2295,"rotdd",0x001B0287,"Luke: The Guardiana Band of<NEWLINE>Warriors had found the pirates<NEWLINE>and fought them bravely.<PAGE_BREAK>But, as the last pirate<NEWLINE>tumbled into the sea...<NEWLINE>the waves parted.<PAGE_BREAK>A Giant Kraken, the white<NEWLINE>demon emperor of the seas,<NEWLINE>attacked.<SPEAKER_BREAK>"
2296,"rotdd",0x001B035D,"Luke: As you might know, the<NEWLINE>Giant Kraken is a huge squid-<NEWLINE>like monster.<PAGE_BREAK>Its mouth alone is big enough<NEWLINE>to swallow an entire ship.<PAGE_BREAK>And its tentacles are as long<NEWLINE>as half the Rune continent.<PAGE_BREAK>This monster sent both<NEWLINE>ships hurtling to the bottom<NEWLINE>of the ocean in an instant.<SPEAKER_BREAK>"
2297,"rotdd",0x001B046A,"Luke: Escaping the monster's<NEWLINE>attack, Gort and a few of his<NEWLINE>men made it back to the port.<PAGE_BREAK>But of the 10"
2298,"rotdd",0x001B04D1," warriors, only<NEWLINE>10 were left alive.<PAGE_BREAK>Gort took responsibility and<NEWLINE>resigned from his post. That<NEWLINE>was a long time ago now.<SPEAKER_BREAK>"
2299,"rotdd",0x001B0549,"Luke: The Band of Warriors<NEWLINE>went on even after Gort left.<NEWLINE>But, the Band of Knights<PAGE_BREAK>harrassed the members until<NEWLINE>they quit. <02>In the end,<NEWLINE>not one was left.<SPEAKER_BREAK>"
2300,"rotdd",0x001B05E2,"Luke: This happened when I<NEWLINE>was a kid...<PAGE_BREAK>I found a small bottle <NEWLINE>washed up on the shore.<NEWLINE>Inside was a letter.<PAGE_BREAK><QUOTE>We are now on an island in<NEWLINE>the south<QUOTE>, it read.<SPEAKER_BREAK>"
2301,"rotdd",0x001B0681,"Luke: The letter I'd found<NEWLINE>was from the Band<NEWLINE>of Warriors.<PAGE_BREAK>Everyone thought all but Gort<NEWLINE>and a few other men had been<NEWLINE>killed by the Giant Kraken.<PAGE_BREAK>In fact, many were alive<NEWLINE>and well on an island<NEWLINE>somewhere in the south.<SPEAKER_BREAK>"
2302,"rotdd",0x001B075A,"Luke: I showed the letter to<NEWLINE>Gort and the other men who'd<NEWLINE>made up the Band of Warriors.<PAGE_BREAK>But...<05><NEWLINE>maybe because I was a kid,<NEWLINE>they wouldn't believe me.<PAGE_BREAK>All the grown-ups said it was<NEWLINE>somebody's idea of a joke.<NEWLINE>Only I believed it was real.<SPEAKER_BREAK>"
2303,"rotdd",0x001B0846,"Luke: The last thing written<NEWLINE>in the letter was this:<PAGE_BREAK><QUOTE>The Guardiana Band of<NEWLINE>Warriors will never die!<NEWLINE>One day we shall return!<QUOTE><PAGE_BREAK>So, I made a decision.<SPEAKER_BREAK>"
2304,"rotdd",0x001B08DD,"Luke: I decided that when I<NEWLINE>grew up, I would go to the<NEWLINE>castle and make my own band.<PAGE_BREAK>It's only right.<NEWLINE>When they came back from their<NEWLINE>island somewhere in the south,<PAGE_BREAK>it would be awful if the Band<NEWLINE>of Warriors was no more.<SPEAKER_BREAK>"
2305,"rotdd",0x001B09B8,"Luke: I told the King, and he<NEWLINE>granted me permission to form<NEWLINE>the Band of Warriors again.<PAGE_BREAK>Since then, I've been going it<NEWLINE>alone the best I can.<PAGE_BREAK>I'm praying that those on the<NEWLINE>south island will return.<SPEAKER_BREAK>"
2306,"rotdd",0x001B0A7E,"Luke: Ah, sorry. Maybe we can<NEWLINE>talk some more later on?<SPEAKER_BREAK>"
2307,"rotdd",0x001B0AB6,"Luke: That's everything I know<NEWLINE>about the Band of Warriors.<05><NEWLINE>So, now you know.<PAGE_BREAK>If you want, I could tell you<NEWLINE>it all again from the start.<NEWLINE>How about it?<SPEAKER_BREAK>"
2308,"rotdd",0x001B0B4E,"Hans: You know, I'm interested<NEWLINE>in fortune telling. I can tell<NEWLINE>your fortune in many ways.<PAGE_BREAK>Let's try a few things and see<NEWLINE>what the future holds for you.<05><NEWLINE>First...<PAGE_BREAK>Let's look at your Color<NEWLINE>Fortune. <02>Your coat is blue.<PAGE_BREAK>Blue is the color of hope,<NEWLINE>and the color of growth.<05><NEWLINE>It can also signal failure.<PAGE_BREAK>That is, in the future...<NEWLINE>you'll fail a lot, but<NEWLINE>you'll succeed too.<PAGE_BREAK>I suppose it means<NEWLINE><QUOTE>Don't lose hope.<QUOTE><SPEAKER_BREAK>"
2309,"rotdd",0x001B0CE2,"Hans: This time we'll try<NEWLINE>your Card Fortune.<PAGE_BREAK>Here are 5 cards. Choose<NEWLINE>your favorite one.<05><NEWLINE>You've chosen, right?<PAGE_BREAK>OK... You've picked a "
2310,"rotdd",0x001B0D69,"...<05><NEWLINE>It has edges pointing<NEWLINE>both outward and inward...<PAGE_BREAK>In other words,<NEWLINE>you've got many enemies,<NEWLINE>but plenty of allies too.<PAGE_BREAK>You can't let your guard<NEWLINE>down, but no need to<NEWLINE>despair either, I guess.<SPEAKER_BREAK>"
2311,"rotdd",0x001B0E2A,"Hans: This time let's look<NEWLINE>at your Dream Fortune.<05><NEWLINE>Have any dreams last night?<PAGE_BREAK>What?<NEWLINE>You haven't dreamed for ages?<05><NEWLINE>Hmm... That means...<PAGE_BREAK>Well, it signals a fear of<NEWLINE>what the future holds.<PAGE_BREAK>Don't be scared of the future.<NEWLINE>When you have choices to make,<NEWLINE>you should be bold!<SPEAKER_BREAK>"
2312,"rotdd",0x001B0F38,"Hans: This time, we'll try<NEWLINE>your Face Fortune.<05><NEWLINE>Let's see...<PAGE_BREAK>Hmm... <02>Still a bit rounded<NEWLINE>like a child's face,<NEWLINE>but with an adult's chin.<PAGE_BREAK>I see, I see. It shows the<NEWLINE>past and the future. <02>Some<NEWLINE>kind of great destiny awaits.<PAGE_BREAK>A great destiny. But, don't<NEWLINE>let it overwhelm you.<NEWLINE>It's important to stay cool.<SPEAKER_BREAK>"
2313,"rotdd",0x001B1063,"Hans: This time I'll tell<NEWLINE>your Name Fortune.<05><NEWLINE>Um... <QUOTE><PLAYER_NAME><QUOTE>...<PAGE_BREAK>Give me a moment. I'm<NEWLINE>starting to sense something...<PAGE_BREAK>............<PAGE_BREAK>Wow, this is unusual!<NEWLINE>You will walk an<NEWLINE>exceptional path through life.<PAGE_BREAK>It certainly won't be boring,<NEWLINE>but many hardships await.<05><NEWLINE>That's the sort of name it is.<SPEAKER_BREAK>"
2314,"rotdd",0x001B117F,"Hans: This time, let's try<NEWLINE>your Career Fortune.<PAGE_BREAK>Would you let me take a look<NEWLINE>at the sword you use?<PAGE_BREAK>Hmm...<05><NEWLINE>Yes, I see.<PAGE_BREAK>You are a forward-thinking<NEWLINE>person. If you're going to<NEWLINE>change careers, do it soon.<SPEAKER_BREAK>"
2315,"rotdd",0x001B1249,"Hans: This time, let's see<NEWLINE>your Jewel Fortune.<PAGE_BREAK>Put your hand into this<NEWLINE>leather pouch for me.<NEWLINE>Then, pull out a jewel.<PAGE_BREAK>What have you got?<05><NEWLINE>A pink diamond?<NEWLINE>...A speciality of Bustoke.<PAGE_BREAK>That stone suggests that<NEWLINE>you're <QUOTE>charitable but<NEWLINE>dispassionate<QUOTE>.<PAGE_BREAK>You're everyone's friend, but<NEWLINE>there's also a cold streak in<NEWLINE>you. <02>Am I right?<SPEAKER_BREAK>"
2316,"rotdd",0x001B138D,"Hans: This time let's try<NEWLINE>the good old<NEWLINE>Color Fortune.<PAGE_BREAK>The color of your eyes is<NEWLINE>a bluish green...<05><NEWLINE>No, a greenish blue?<PAGE_BREAK>Oh, never mind!<NEWLINE>Let's call it green, shall we?<PAGE_BREAK>Green is the color of life,<NEWLINE>and the color of well-being.<PAGE_BREAK>But, it also indicates<NEWLINE>vulnerability.<NEWLINE>Hmm, this is tricky.<PAGE_BREAK>Don't let your guard down...<05><NEWLINE>That's probably what it means.<SPEAKER_BREAK>"
2317,"rotdd",0x001B14E6,"Hans: Now, let's try your<NEWLINE>Hair Fortune.<05><NEWLINE>Let me have a strand.<PAGE_BREAK>Hey! <02>Come on! <NEWLINE>It won't hurt that much!<05><NEWLINE>Now, which one shall I take?<PAGE_BREAK>Your hair's very fine...<NEWLINE>Hair like yours is prone to...<PAGE_BREAK>You're in danger of going<NEWLINE>bald! <02>You should start doing<NEWLINE>something about it right now!<SPEAKER_BREAK>"
2318,"rotdd",0x001B15FB,"Hans: This time I'll tell<NEWLINE>your Love Fortune.<NEWLINE>Let's find your perfect match.<PAGE_BREAK>OK, close your eyes<NEWLINE>and concentrate.<PAGE_BREAK>I'm starting to sense<NEWLINE>what's in your heart...<PAGE_BREAK>Got it!<NEWLINE>Your ideal match is...<PAGE_BREAK>...a little selfish,<PAGE_BREAK>...fairly head-strong,<PAGE_BREAK>...occasionally sentimental,<PAGE_BREAK>...and stingy!<PAGE_BREAK>That's your perfect match!<NEWLINE>Remember what I've told you!<SPEAKER_BREAK>"
2319,"rotdd",0x001B174A,"Hans: This time, I'll tell<NEWLINE>your Money Fortune.<NEWLINE>Show me your palm.<PAGE_BREAK>Hmm...<05><NEWLINE>OK, got it!<PAGE_BREAK>Put simply, you'll have money<NEWLINE>troubles. A lot coming<NEWLINE>in, but a fortune going out!<PAGE_BREAK>Before you buy something,<NEWLINE>try to decide whether you<NEWLINE>really need it or not.<SPEAKER_BREAK>"
2320,"rotdd",0x001B183E,"Hans: This fortune is<NEWLINE>the Rust Fortune.<NEWLINE>Show me your sword.<PAGE_BREAK>...Hmm...<05><NEWLINE>There's no rust on this.<NEWLINE>That means...<PAGE_BREAK>You look after weapons well.<05><NEWLINE>I guess that isn't really<NEWLINE>fortune-telling, though!<SPEAKER_BREAK>"
2321,"rotdd",0x001B18FE,"Hans: This time, let's try<NEWLINE>your Monster Fortune.<PAGE_BREAK>Imagine your favorite monster<NEWLINE>and picture it in your mind.<PAGE_BREAK>....Right, OK...<05><NEWLINE>I'm getting it now!<PAGE_BREAK>What? You like Dire Clowns?<NEWLINE>Pretty cool!<PAGE_BREAK>People who like Dire Clowns...<PAGE_BREAK>are a bit shy, but love to<NEWLINE>show off!<05><NEWLINE>Well, am I right?<SPEAKER_BREAK>"
2322,"rotdd",0x001B1A11,"Hans: Sorry, but if you're<NEWLINE>after a new kind of fortune-<NEWLINE>telling, I'm still practicing.<SPEAKER_BREAK>"
2323,"rotdd",0x001B1A69,"Hans: Phew, I'm exhausted!<NEWLINE>I've gone through my entire<NEWLINE>fortune-telling repertoire.<PAGE_BREAK>Would you like me to tell your<NEWLINE>fortune again?<05><NEWLINE>It'll be the same, though.<SPEAKER_BREAK>"
2324,"rotdd",0x001B1B07,"Tao: If you like, I could<NEWLINE>tell you about myself.<PAGE_BREAK>The reason I became a<NEWLINE>mage...<05><NEWLINE>It's a long story...<PAGE_BREAK>Before I became a mage,<NEWLINE>I was a maid at a castle.<PAGE_BREAK>The castle was way off in<NEWLINE>Pipory Village, in the west of<NEWLINE>Guardiana.<PAGE_BREAK>It's a small forest village,<NEWLINE>inhabited by elves.<PAGE_BREAK>My parents and I lived<NEWLINE>happily there in peace. <02>Until<NEWLINE>that monster showed up...<SPEAKER_BREAK>"
2325,"rotdd",0x001B1C64,"Tao: A ferocious Cerberus<NEWLINE>started prowling around in the<NEWLINE>mountains behind the village.<PAGE_BREAK>When it got hungry, it would<NEWLINE>come down from the mountain<NEWLINE>and snatch villagers.<PAGE_BREAK>Not just grown-ups, but<NEWLINE>children, too. All were<NEWLINE>swallowed whole.<PAGE_BREAK>It seemed as though the<NEWLINE>population would be wiped out<NEWLINE>before long.<PAGE_BREAK>At a village meeting,<NEWLINE>the elders decided to slay<NEWLINE>the Cerberus. But...<SPEAKER_BREAK>"
2326,"rotdd",0x001B1DD5,"Tao: It was a village of<NEWLINE>elves, but not everyone<NEWLINE>was versed in magic.<PAGE_BREAK>There were only two mages in<NEWLINE>the village. <05><NEWLINE>They were my parents.<PAGE_BREAK>I was a trainee practitioner<NEWLINE>under my mother and father,<NEWLINE>but I was far from an expert.<PAGE_BREAK>My parents turned their<NEWLINE>efforts to slaying <NEWLINE>the Cerberus.<PAGE_BREAK>One cold morning, my parents<NEWLINE>said goodbye to me, and<NEWLINE>went off into the mountains.<SPEAKER_BREAK>"
2327,"rotdd",0x001B1F41,"Tao: Many days passed after<NEWLINE>they left for the mountains.<PAGE_BREAK>But however long I waited, my<NEWLINE>parents did not come back.<PAGE_BREAK>In fact...<PAGE_BREAK>they never came back.<PAGE_BREAK>But a short while later, the<NEWLINE>body of the Cerberus was<NEWLINE>found in the mountains.<PAGE_BREAK>It had killed my parents at<NEWLINE>the same time they killed it.<NEWLINE>Or so, everyone thinks.<SPEAKER_BREAK>"
2328,"rotdd",0x001B2075,"Tao: I was still young when I<NEWLINE>lost my parents, so I was<NEWLINE>taken in by my uncle and aunt.<PAGE_BREAK>The child of the heroes who<NEWLINE>had saved the village... At<NEWLINE>first, I was treated well.<PAGE_BREAK>But after some years, a<NEWLINE>horrible rumor was started,<PAGE_BREAK>that it wasn't my parents<NEWLINE>who had slain the Cerberus...<05><NEWLINE>A really awful rumor.<SPEAKER_BREAK>"
2329,"rotdd",0x001B21A3,"Tao: They said the Cerberus<NEWLINE>hadn't been killed, but died<NEWLINE>from an injury or illness.<PAGE_BREAK>They said my parents<NEWLINE>had fled, too scared<NEWLINE>to fight the monster.<PAGE_BREAK>That's why their bodies had<NEWLINE>never been found, why they<NEWLINE>didn't return to the village.<PAGE_BREAK>That was the story.<PAGE_BREAK>It made me feel awful.<NEWLINE>I tried to ignore it.<05><NEWLINE>But...<PAGE_BREAK>I would never have guessed<NEWLINE>who started the rumor...<SPEAKER_BREAK>"
2330,"rotdd",0x001B230A,"Tao: The idea that my parents<NEWLINE>had fled from the Cerberus...<PAGE_BREAK>The ones who started that<NEWLINE>rumor were my aunt and uncle.<PAGE_BREAK>They were good people,<NEWLINE>so why would they do<NEWLINE>such a thing...?<PAGE_BREAK>I couldn't understand it.<SPEAKER_BREAK>"
2331,"rotdd",0x001B23D6,"Tao: My uncle and aunt had<NEWLINE>started the rumor...<PAGE_BREAK>Despite knowing that, I<NEWLINE>continued to live with them.<PAGE_BREAK>I had nowhere else to go.<PAGE_BREAK>............<SPEAKER_BREAK>"
2332,"rotdd",0x001B2463,"Tao: But even with time,<NEWLINE>the rumor didn't die down.<PAGE_BREAK>The people of the village<NEWLINE>regarded me with cold eyes.<PAGE_BREAK>So, one day...<05><NEWLINE>I left.<PAGE_BREAK>I didn't know where<NEWLINE>I was going.<PAGE_BREAK>I went into the mountains and<NEWLINE>wandered for days.<PAGE_BREAK>In time, I became exhausted...<05><NEWLINE>and passed out.<PAGE_BREAK>As I lost consciousness,<NEWLINE>I thought to myself,<05><NEWLINE><QUOTE>This is the end.<QUOTE><SPEAKER_BREAK>"
2333,"rotdd",0x001B25AA,"Tao: I had died...<05><NEWLINE>I was sure of it.<PAGE_BREAK>When I opened my eyes,<NEWLINE>I saw a beautiful person who<NEWLINE>I thought must be an angel.<PAGE_BREAK>But, it was a human.<05><NEWLINE>It was Anri.<PAGE_BREAK>She had isolated herself<NEWLINE>in the mountains to<NEWLINE>practice her magic.<PAGE_BREAK>I had a terrible fever.<NEWLINE>Anri stayed by my side<NEWLINE>and cared for me.<PAGE_BREAK>...If I had not met Anri,<NEWLINE>I would certainly have died.<SPEAKER_BREAK>"
2334,"rotdd",0x001B26FD,"Tao: I was delighted to have<NEWLINE>met Anri.<PAGE_BREAK>She was the kindest person<NEWLINE>I had met since losing my<NEWLINE>parents.<PAGE_BREAK>And she allowed me to work<NEWLINE>in the castle.<PAGE_BREAK>At last, I had found a new<NEWLINE>place to live.<NEWLINE>I was so happy...<PAGE_BREAK>But, despite her kindness,<NEWLINE>there was something I couldn't<NEWLINE>tell Anri...<SPEAKER_BREAK>"
2335,"rotdd",0x001B2810,"Tao: There was something I<NEWLINE>kept secret from Anri<NEWLINE>for a long time.<PAGE_BREAK>I didn't tell her about my<NEWLINE>background, <02>that I had<NEWLINE>been born with magic.<PAGE_BREAK>I had come to hate magic since<NEWLINE>losing my parents.<PAGE_BREAK>If they had not had magical<NEWLINE>power, my parents would not<NEWLINE>have died. So, I thought.<PAGE_BREAK>I swore that I would never use<NEWLINE>magic, ever again.<SPEAKER_BREAK>"
2336,"rotdd",0x001B2952,"Tao: But, Anri said to me,<PAGE_BREAK><QUOTE>Magical power is bestowed<NEWLINE>from on high. It must not be<NEWLINE>shut away because of pain.<QUOTE><PAGE_BREAK>Those words made me<NEWLINE>reconsider.<PAGE_BREAK>And, the very next day,  I<NEWLINE>decided to practice magic<NEWLINE>alongside Anri.<SPEAKER_BREAK>"
2337,"rotdd",0x001B2A27,"Tao: Anri went to Manarina<NEWLINE>after that.<PAGE_BREAK>I was left in the castle, but<NEWLINE>I held her words dear, and<NEWLINE>continued to practice magic.<PAGE_BREAK>For everyone...<05><NEWLINE>For Anri...<PAGE_BREAK>If my magic could be of even<NEWLINE>a tiny bit of use to someone,<NEWLINE>I would be truly happy.<PAGE_BREAK>That's how I feel.<SPEAKER_BREAK>"
2338,"rotdd",0x001B2B28,"Tao: ...Please excuse me.<NEWLINE>Perhaps later, we can talk...<SPEAKER_BREAK>"
2339,"rotdd",0x001B2B61,"Tao: Well, that's the end of<NEWLINE>my story!<PAGE_BREAK>Want to hear it again?<NEWLINE>You're more than welcome.<SPEAKER_BREAK>"
2340,"rotdd",0x001B2BBA,"Lowe: Aw! I'm starvin'!<NEWLINE>I could even eat a Giant<NEWLINE>Bat steak right now.<PAGE_BREAK>If that's not on the menu,<NEWLINE>deep-fried Giant Bat'll do.<05><NEWLINE>I'm dying of hunger!<SPEAKER_BREAK>"
2341,"rotdd",0x001B2C4E,"Lowe: Aw! I'm starvin'! I<NEWLINE>wanna sink my teeth into an<NEWLINE>Alterone gourmet steak!<PAGE_BREAK>If that's not available,<NEWLINE>some Manarina gruel<NEWLINE>would be OK instead.<SPEAKER_BREAK>"
2342,"rotdd",0x001B2CDF,"Lowe: Wow! I'm hungry!<NEWLINE>I could gobble down some<NEWLINE>Quik Chicken curry right now!<PAGE_BREAK>If that's not on the menu,<NEWLINE>Turbo Pepper stir-fry!<05><NEWLINE>Oh, yeah! I'm starvin'!<SPEAKER_BREAK>"
2343,"rotdd",0x001B2D79,"Lowe: My belly's rumblin'!<NEWLINE>I could gulp down some<NEWLINE>Shellfish stew!<PAGE_BREAK>If there's none of that,<NEWLINE>then some Conch soup!<05><NEWLINE>I'm starvin' indeed!<SPEAKER_BREAK>"
2344,"rotdd",0x001B2E01,"Lowe: I'm H-U-N-G-R-Y!<NEWLINE>I could polish off a Bustoke<NEWLINE>beef bowl right now.<PAGE_BREAK>If not that, then I'll settle<NEWLINE>for a Bustoke pork chop.<05><NEWLINE>Wow, I'm starvin'!<SPEAKER_BREAK>"
2345,"rotdd",0x001B2E96,"Lowe: Whew! I'm starvin'!<NEWLINE>I wanna try some Waral<NEWLINE>watermelon parfait!<PAGE_BREAK>A Waral strawberry sundae<NEWLINE>sounds good too!<05><NEWLINE>Yup! I'm starvin'!<SPEAKER_BREAK>"
2346,"rotdd",0x001B2F1B,"Lowe: Wow! I'm hungry!<NEWLINE>I wanna get some Paopig<NEWLINE>pork in my belly!<PAGE_BREAK>If there's none of that,<NEWLINE>then Paopig bacon'll do.<05><NEWLINE>Boy, that sounds good!<SPEAKER_BREAK>"
2347,"rotdd",0x001B2FA7,"Lowe: I'm famished!<NEWLINE>I wanna munch on some Bustoke<NEWLINE>mountain vegetables!<PAGE_BREAK>If that's not on the menu,<NEWLINE>I'll take some Bustoke nut<NEWLINE>salad. <02>Wow, I'm starvin'!<SPEAKER_BREAK>"
2348,"rotdd",0x001B3040,"Lowe: I'm huuuungry!<NEWLINE>I could go for some Shade<NEWLINE>Abbey crackers!<PAGE_BREAK>If there's none of those,<NEWLINE>how 'bout Shade wafers?<05><NEWLINE>Oh, yes! I'm hungry!<SPEAKER_BREAK>"
2349,"rotdd",0x001B30C8,"Lowe: Wow! I'm starvin'!<NEWLINE>I could devour some<NEWLINE>giant squid-ink pasta!<PAGE_BREAK>If not that, then how 'bout<NEWLINE>a seafood pizza!<05><NEWLINE>That'd hit the spot!<SPEAKER_BREAK>"
2350,"rotdd",0x001B3150,"Lowe: My belly's rumblin'!<NEWLINE>I could polish off a Cerberus<NEWLINE>stamina bowl right now!<PAGE_BREAK>If that's not on the menu,<NEWLINE>how about Cerberus stir-fry?<05><NEWLINE>I'm ready to eat!<SPEAKER_BREAK>"
2351,"rotdd",0x001B31ED,"Lowe: I'm hungry again!<NEWLINE>I could gobble down a Waral<NEWLINE>seafood burger.<PAGE_BREAK>If not that, then I'll go for<NEWLINE>a Waral crab sandwich instead.<05><NEWLINE>Gimme food!<SPEAKER_BREAK>"
2352,"rotdd",0x001B327C,"Lowe: I'm starvin'!<NEWLINE>Gimme a Bustoke strawberry<NEWLINE>cake to sink my teeth into!<PAGE_BREAK>If I can't have that, I'll have<NEWLINE>a Bustoke strawberry dumpling!<05><NEWLINE>I'm starvin', I am!<SPEAKER_BREAK>"
2353,"rotdd",0x001B331C,"Lowe: Arr! I'm too hungry!<NEWLINE>I can't even think of<NEWLINE>something I wanna eat!<SPEAKER_BREAK>"
2354,"rotdd",0x001B3365,"Lowe: Wow, I'm famished!<05><NEWLINE>Want to talk some more<NEWLINE>about food?!<SPEAKER_BREAK>"
2355,"rotdd",0x001B33A4,"Gong: You could do worse than<NEWLINE>to listen to what I've got<NEWLINE>to say. <02>Although...<PAGE_BREAK>Actually, I don't really have<NEWLINE>much to say...<05><NEWLINE>Hm?<PAGE_BREAK>Oh, you're wondering<NEWLINE>what I've got in<NEWLINE>my backpack...<PAGE_BREAK>Very well.<NEWLINE>In that case, I'll tell you<NEWLINE>about that.<PAGE_BREAK>I am a traveling monk.<NEWLINE>I have everything I could<NEWLINE>possibly need in here.<PAGE_BREAK>First of all, I have this<NEWLINE>bedroll attachment.<PAGE_BREAK>It's specially made you know,<NEWLINE>with a Paopig skin lining.<PAGE_BREAK>It's cool in summer, and warm<NEWLINE>in winter. With this, I can<NEWLINE>sleep in comfort anywhere.<SPEAKER_BREAK>"
2356,"rotdd",0x001B3591,"Gong: I've got all kinds of<NEWLINE>things in my backpack.<NEWLINE>Let's see...<PAGE_BREAK>These little pills. They<NEWLINE>contain Medical Herb extract,<NEWLINE>so they're full of goodness.<PAGE_BREAK>Take just one of these, and<NEWLINE>you'll feel fine all day.<SPEAKER_BREAK>"
2357,"rotdd",0x001B365C,"Gong: What else have I got in<NEWLINE>this backpack?<NEWLINE>Let's see...<PAGE_BREAK>Some rope. <02>It's thin,<NEWLINE>but made with the toughest<NEWLINE>of braided Paopig hair.<PAGE_BREAK>One length of this, and I can<NEWLINE>climb any mountain, bind up my<NEWLINE>things, even make a fire!<SPEAKER_BREAK>"
2358,"rotdd",0x001B3738,"Gong: There are plenty of<NEWLINE>things in my backpack.<NEWLINE>Let's see...<PAGE_BREAK>A change of underclothes.<NEWLINE>Keeping clean is the key<NEWLINE>to a sharp appearance.<PAGE_BREAK>Come to think of it,<NEWLINE>how often do you<NEWLINE>change your underwear?<SPEAKER_BREAK>"
2359,"rotdd",0x001B37FE,"Gong: I've got all kinds of<NEWLINE>things in this here backpack.<NEWLINE>Let's see...<PAGE_BREAK>This little tin cup.<NEWLINE>Of course I use it to<NEWLINE>drink water, but...<PAGE_BREAK>I also use it when I make<NEWLINE>soup, or to boil up<NEWLINE>Medical Herbs.<PAGE_BREAK>When you're traveling, it's<NEWLINE>best to have things you can<NEWLINE>use for many purposes.<SPEAKER_BREAK>"
2360,"rotdd",0x001B3911,"Gong: What other things have<NEWLINE>I got in here...<NEWLINE>Let's see...<PAGE_BREAK>Yes, this pot. In here I've<NEWLINE>got panacea.<PAGE_BREAK>This ointment is effective for<NEWLINE>bites and stings, cuts, burns,<NEWLINE>frostbite and other ailments.<PAGE_BREAK>The only problem is...<PAGE_BREAK>Ah?! Can you smell it?<NEWLINE>I'm used to it now, but<NEWLINE>some people pass out...<PAGE_BREAK>It's too late now.<NEWLINE>The smell is on<NEWLINE>you already!<PAGE_BREAK>There's no need to worry.<NEWLINE>After about ten days, you'll<NEWLINE>smell normal again! Ha ha ha!<PAGE_BREAK>...Sorry about that.<NEWLINE>I should have told you<NEWLINE>before...<SPEAKER_BREAK>"
2361,"rotdd",0x001B3AEB,"Gong: I've got all kinds of<NEWLINE>things in my backpack here.<NEWLINE>Let's take a look...<PAGE_BREAK>This white towel,<NEWLINE>for instance.<PAGE_BREAK>Naturally I use it to dry<NEWLINE>myself, but I also use it to<NEWLINE>keep the sun off my head.<PAGE_BREAK>There's not much else up<NEWLINE>there to keep the sun off!<SPEAKER_BREAK>"
2362,"rotdd",0x001B3BDE,"Gong: I've got all manner of<NEWLINE>things in my backpack.<NEWLINE>What else...<PAGE_BREAK>Ah, this little notebook.<NEWLINE>I make sketches in here of the<NEWLINE>scenery I pass on my travels.<PAGE_BREAK>And also...<NEWLINE>I like poetry, so I jot down<NEWLINE>poems I think up in here too.<PAGE_BREAK>While you're here, why don't I<NEWLINE>read you one. It's called<NEWLINE><QUOTE>Sun, Stars and Mother Earth<QUOTE>.<PAGE_BREAK><QUOTE>Oh sun, oh sun, your<NEWLINE>brilliance hides the stars<NEWLINE>and lights up the Earth.<QUOTE><PAGE_BREAK><QUOTE>Oh sun, oh sun<NEWLINE>When you go down...<QUOTE><PAGE_BREAK>You're looking a little bored.<NEWLINE>So, maybe I'll read the rest<NEWLINE>to you some other time...<SPEAKER_BREAK>"
2363,"rotdd",0x001B3DDC,"Gong: I've got all kinds of<NEWLINE>things in my backpack here.<NEWLINE>Let's see...<PAGE_BREAK>This is a map I made myself.<NEWLINE>It's indispensable on a trip.<PAGE_BREAK>I made it bit by bit<NEWLINE>from places I've been<NEWLINE>and things I've seen.<PAGE_BREAK>It's not just a map, it's a<NEWLINE>collection of memories<NEWLINE>from my travels.<SPEAKER_BREAK>"
2364,"rotdd",0x001B3EE2,"Gong: There are many things<NEWLINE>here in my backpack.<NEWLINE>Let's have a look...<PAGE_BREAK>This little mirror.<NEWLINE>Of course I use it to keep<NEWLINE>myself tidy, but...<PAGE_BREAK>Look! By reflecting light,<NEWLINE>you can use it to signal to<NEWLINE>people far away.<SPEAKER_BREAK>"
2365,"rotdd",0x001B3FB4,"Gong: ...I'm sorry.<NEWLINE>I'm training to unify my<NEWLINE>inner spirit. Maybe later.<SPEAKER_BREAK>"
2366,"rotdd",0x001B3FFD,"Gong: That's all I've got in<NEWLINE>my backpack, but...<PAGE_BREAK>if you want, I'll show you<NEWLINE>it all again...<SPEAKER_BREAK>"
2367,"rotdd",0x001B405A,"So, without further ado, <NEWLINE>Arthur's Trivia Corner!<PAGE_BREAK>Now that you're here, why<NEWLINE>don't I tell you some<NEWLINE>unimportant, useless trivia?!<PAGE_BREAK>First, Guardiana's speciality.<PAGE_BREAK>It's the sweet, fruity-<NEWLINE>smelling Guardiana carrot!<PAGE_BREAK>On Guardiana farms,<NEWLINE>many tasty veggies are grown,<NEWLINE>but the carrot is number one.<PAGE_BREAK>Guardiana carrot juice,<NEWLINE>Guardiana carrot cake,<NEWLINE>Guardiana carrot puree,<PAGE_BREAK>Guardiana carrot soup,<NEWLINE>Guardiana carrot noodles,<NEWLINE>Guardiana carrot saute.<PAGE_BREAK>All of them have the finest,<NEWLINE>most mouth-watering taste!<SPEAKER_BREAK>"
2368,"rotdd",0x001B4245,"...Here it is...<NEWLINE>Arthur's Trivia Corner!<PAGE_BREAK>The name of the filthy rich<NEWLINE>King of Alterone...<NEWLINE>It's not very useful, but...<PAGE_BREAK>it's Charles Granard Culprang<NEWLINE>Don the 4th!<05><NEWLINE>Isn't that a great name?<PAGE_BREAK>A grand name doesn't guarantee<NEWLINE>a great personality.<NEWLINE>Just one more bit of trivia.<SPEAKER_BREAK>"
2369,"rotdd",0x001B4352,"...So without further ado,<NEWLINE>here's Arthur's Trivia Corner!<PAGE_BREAK>The name of the leader of<NEWLINE>the industrial town,<NEWLINE>Rindo...<PAGE_BREAK>It's Mocha Doccha. He's very<NEWLINE>popular, and now he's in his<NEWLINE>tenth term as leader.<SPEAKER_BREAK>"
2370,"rotdd",0x001B4415,"...Are you ready for<NEWLINE>Arthur's Trivia Corner?!<PAGE_BREAK>Do you know the full name<NEWLINE>of the leader of the magical<NEWLINE>land of Manarina?<PAGE_BREAK>It's Otrant Eismann, a.k.a.<NEWLINE>the All-seeing Guardian.<SPEAKER_BREAK>"
2371,"rotdd",0x001B44C2,"...Time for another<NEWLINE>Arthur's Trivia Corner!<PAGE_BREAK>The head monk of Shade Abbey<NEWLINE>is called...<PAGE_BREAK>Dong.<05><NEWLINE>He's called that after the<NEWLINE>noise of the huge church bell.<PAGE_BREAK>...Actually, I made that up!<SPEAKER_BREAK>"
2372,"rotdd",0x001B4577,"...So here we go with<NEWLINE>Arthur's Trivia Corner!<PAGE_BREAK>Do you know the full name<NEWLINE>given to the King of<NEWLINE>mountainous Bustoke?<PAGE_BREAK>It's Zylo Duun Munster. In the<NEWLINE>dialect of the Bustoke region,<NEWLINE><QUOTE>Zylo, King of the Mountains<QUOTE>.<PAGE_BREAK>Straight from<NEWLINE>the horse's mouth!<SPEAKER_BREAK>"
2373,"rotdd",0x001B4668,"...Time for another<NEWLINE>Arthur's Trivia Corner!<PAGE_BREAK>The wagons which travel the<NEWLINE>Pao Plains are called the Pao<NEWLINE>Caravan. Know what pulls them?<PAGE_BREAK>It's an old engine from about<NEWLINE>150 years ago.<PAGE_BREAK>It can be fueled by anything,<NEWLINE>but nowadays it runs mostly<NEWLINE>on Paopig dung.<PAGE_BREAK>Well, I guess it's cheap,<NEWLINE>and good for the environment.<SPEAKER_BREAK>"
2374,"rotdd",0x001B479D,"...Time for another<NEWLINE>Arthur's Trivia Corner!<PAGE_BREAK>Want to know the origins of<NEWLINE>the sea world, Waral?<PAGE_BREAK>Long ago, a Rindo fishing boat<NEWLINE>washed up. Those were the<NEWLINE>people who settled the island.<PAGE_BREAK>It's warm there, and the fish<NEWLINE>are tasty. The perfect place<NEWLINE>to set up home!<PAGE_BREAK>They really washed up<NEWLINE>in a great place!<SPEAKER_BREAK>"
2375,"rotdd",0x001B48C7,"...Time for another<NEWLINE>Arthur's Trivia Corner!<PAGE_BREAK>Let me tell you about the<NEWLINE>biannual Fighting Tournament<NEWLINE>held in Guardiana.<PAGE_BREAK>It's for normal townsfolk, not<NEWLINE>just knights and warriors. The<NEWLINE>biggest event in Guardiana!<PAGE_BREAK>And as well as the tournament,<NEWLINE>there are booths and a circus.<NEWLINE>It's a really lively event.<PAGE_BREAK>...But of course, you're from<NEWLINE>Guardiana yourself, so you<NEWLINE>must know all this already...<SPEAKER_BREAK>"
2376,"rotdd",0x001B4A49,"Arthur: Huh? Sorry, but I<NEWLINE>haven't managed to get hold<NEWLINE>of any more trivia yet.<SPEAKER_BREAK>"
2377,"rotdd",0x001B4A98,"Arthur: Yup! Even someone who<NEWLINE>knows as much as me can run<NEWLINE>out of material!<PAGE_BREAK>If you didn't catch it all<NEWLINE>last time, I can go over<NEWLINE>it again...<SPEAKER_BREAK>"
2378,"rotdd",0x001B4B24,"Kokichi: My love of the sky...<05><NEWLINE>That takes me back to my<NEWLINE>younger years.<PAGE_BREAK>When I was a lad, a traveling<NEWLINE>salesman would sometimes stop<NEWLINE>at our home.<PAGE_BREAK>An old friend of my father's,<NEWLINE>he was.<PAGE_BREAK>And one day, he showed me<NEWLINE>something really strange.<PAGE_BREAK>He folded a sheet of paper<NEWLINE>many times and made an odd<NEWLINE>triangle shape.<PAGE_BREAK><QUOTE>Watch closely!<QUOTE> he said, as<NEWLINE>he threw the paper triangle.<PAGE_BREAK>It flew dead straight, and<NEWLINE>disappeared down the<NEWLINE>valley.<PAGE_BREAK>Ha ha! It was a<NEWLINE>paper plane, of course!<PAGE_BREAK>That was how I was first<NEWLINE>acquainted with...<05><NEWLINE>the sky!<SPEAKER_BREAK>"
2379,"rotdd",0x001B4D26,"Kokichi: After I discovered<NEWLINE>paper planes, I was hooked!<PAGE_BREAK>I just wanted to fly. That's<NEWLINE>all I thought about<NEWLINE>every day.<PAGE_BREAK>Then one day, it struck me.<PAGE_BREAK>If I made an enormous paper<NEWLINE>plane, big enough for a human<NEWLINE>to ride on, I could fly!<PAGE_BREAK>But, that much paper isn't<NEWLINE>so easy to get hold of.<PAGE_BREAK>Then, I had an idea...<PAGE_BREAK>I made a plane from animal<NEWLINE>skins glued together.<PAGE_BREAK>I took it to the top of a<NEWLINE>mountain, and with a running<NEWLINE>leap, I took off in it!<PAGE_BREAK>...And then...!<SPEAKER_BREAK>"
2380,"rotdd",0x001B4EE4,"Kokichi: I was a kid riding in<NEWLINE>an enormous paper plane!<PAGE_BREAK>............<PAGE_BREAK>But then...<05><NEWLINE>I suddenly plummeted down.<PAGE_BREAK>I may only have been a child,<NEWLINE>but any human is too heavy<NEWLINE>for a paper plane!<PAGE_BREAK>Anyway, I was lucky, as<NEWLINE>the plane got caught in a tree.<NEWLINE>Probably saved my life.<PAGE_BREAK>Then, I had another idea...<SPEAKER_BREAK>"
2381,"rotdd",0x001B500A,"Kokichi: The plane made of<NEWLINE>skins was too flimsy.<05><NEWLINE>I'd learned that much.<PAGE_BREAK>So, I made a bamboo frame.<PAGE_BREAK>And I gave up trying to ride<NEWLINE>on top, and decided to suspend<NEWLINE>myself beneath the wings.<PAGE_BREAK>Then, there'd be no chance<NEWLINE>of me crushing the wings.<PAGE_BREAK>And that worked great!<05><NEWLINE>From the top of a mountain,<NEWLINE>I flew down to the village.<PAGE_BREAK>But, that's not the end...<SPEAKER_BREAK>"
2382,"rotdd",0x001B5165,"Kokichi: Sure enough,<NEWLINE>I was flying...<PAGE_BREAK>But, I wasn't flying free like<NEWLINE>a bird does.<PAGE_BREAK>To be honest, I wasn't flying,<NEWLINE>I was just falling slowly.<PAGE_BREAK>I wanted to fly free...<05><NEWLINE>...like a bird...<PAGE_BREAK>It suddenly hit me!<PAGE_BREAK>I should be beating my wings<NEWLINE>just like a bird does!<SPEAKER_BREAK>"
2383,"rotdd",0x001B5265,"Kokichi: Just like a bird, I'd<NEWLINE>beat my wings and fly freely!<PAGE_BREAK>As soon as I had the idea,<NEWLINE>I started drawing plans.<PAGE_BREAK>I would have a wing attached<NEWLINE>to each arm, and they should<NEWLINE>be able to move!<PAGE_BREAK>I made the wings, and went<NEWLINE>out for a test flight.<PAGE_BREAK>...I was flying!<05><NEWLINE>Or so I thought, when I<NEWLINE>suddenly fell from the sky.<PAGE_BREAK>I had to rethink...<SPEAKER_BREAK>"
2384,"rotdd",0x001B53AE,"Kokichi: Why did these wings<NEWLINE>not work for me?<PAGE_BREAK>Well, because compared to<NEWLINE>humans, birds are so light!<PAGE_BREAK>Humans are just too heavy!<PAGE_BREAK>The solution was simple!<NEWLINE>I had to lose weight.<PAGE_BREAK>From that day on,<NEWLINE>I stopped eating and<NEWLINE>just lived on water.<PAGE_BREAK>Once I'd lost a fair bit of<NEWLINE>weight, I tried another<NEWLINE>test flight.<PAGE_BREAK>But...<SPEAKER_BREAK>"
2385,"rotdd",0x001B54E1,"Kokichi: I had lost enough<NEWLINE>weight, but with no food,<NEWLINE>I had no energy.<PAGE_BREAK>I didn't even have the<NEWLINE>strength to lift the wings<NEWLINE>on my arms.<PAGE_BREAK>In other words, humans<NEWLINE>just aren't strong enough.<PAGE_BREAK>I thought of some other ways.<PAGE_BREAK>I stuck fireworks all over my<NEWLINE>body and used their power.<PAGE_BREAK>Well, I certainly flew!<NEWLINE>But, I couldn't control<NEWLINE>my direction.<PAGE_BREAK>After thinking and thinking,<NEWLINE>I tried suspending myself<NEWLINE>under 100 Bustoke crows.<PAGE_BREAK>I was sure 100 of them would<NEWLINE>be enough to lift one human...<05><NEWLINE>Or so I thought...<PAGE_BREAK>But, all they did was fight<NEWLINE>amongst themselves, and<NEWLINE>they didn't fly anywhere.<SPEAKER_BREAK>"
2386,"rotdd",0x001B571B,"Kokichi: With all these<NEWLINE>problems, I gave up on my<NEWLINE>dream of flying...<PAGE_BREAK>But then, out of nowhere came<NEWLINE>someone to help.<PAGE_BREAK>He was an inventor from Rindo<NEWLINE>named Dr. Crock.<PAGE_BREAK>Dr. Crock showed me the steam<NEWLINE>engine he was working on, as<NEWLINE>a way to power my wings.<PAGE_BREAK>I thought to myself...<05><NEWLINE><QUOTE>This is it!<QUOTE><PAGE_BREAK>I asked Dr. Crock to show me<NEWLINE>how to make an engine.<PAGE_BREAK>I was able to make one<NEWLINE>by myself, but it was<NEWLINE>quite heavy.<PAGE_BREAK>I needed a light engine if it<NEWLINE>was to help me fly.<PAGE_BREAK>From then on, I went back into<NEWLINE>a long period of research.<SPEAKER_BREAK>"
2387,"rotdd",0x001B5913,"Kokichi: With Dr. Crock's<NEWLINE>help, I managed to make<NEWLINE>a small-scale steam engine.<PAGE_BREAK>And...<05><NEWLINE>Well, you know what<NEWLINE>happened after that.<PAGE_BREAK>I didn't make the wings for<NEWLINE>battle purposes, but if it'll<NEWLINE>help get rid of Dark Dragon...<PAGE_BREAK>Anyway...<05><NEWLINE>Quite a bit's happened<NEWLINE>since then...<SPEAKER_BREAK>"
2388,"rotdd",0x001B5A1C,"Kokichi: I was just a kid when<NEWLINE>I first dreamed of flying.<PAGE_BREAK>And now, I find myself<NEWLINE>an old man...<NEWLINE>Even so...<PAGE_BREAK>You're the only one I'll tell<NEWLINE>this to, so keep it secret...<05><NEWLINE>I still have a dream.<PAGE_BREAK>I'm going to continue my<NEWLINE>research, and one day I'll fly<NEWLINE>away from this place...<PAGE_BREAK>...and vanish into the<NEWLINE>sea of stars.<PAGE_BREAK>I don't know if that's<NEWLINE>possible in the time<NEWLINE>I have left...<PAGE_BREAK>but I won't be giving up. As<NEWLINE>long as I'm alive and kicking,<NEWLINE>I'll continue my research.<PAGE_BREAK>Ha ha ha. If I succeed,<NEWLINE>I'll take you to the<NEWLINE>stars too if you like.<PAGE_BREAK>Just be patient, OK!<SPEAKER_BREAK>"
2389,"rotdd",0x001B5C3A,"Kokichi: I'm real sorry, but<NEWLINE>if you want to talk more,<NEWLINE>can we do it later?<SPEAKER_BREAK>"
2390,"rotdd",0x001B5C86,"Kokichi: Phew!<NEWLINE>That about sums up my<NEWLINE>extraordinary life.<PAGE_BREAK>I'd be happy to tell you again<NEWLINE>from the beginning<NEWLINE>if you like.<SPEAKER_BREAK>"
2391,"rotdd",0x001B5CFF,"Yogurt: ......Yakiniku!<SPEAKER_BREAK>"
2392,"rotdd",0x001B5D18,"Yogurt: ......Koohii!<SPEAKER_BREAK>"
2393,"rotdd",0x001B5D2F,"Yogurt: ......Hirune!<SPEAKER_BREAK>"
2394,"rotdd",0x001B5D7A,"Yogurt: ......Tsubusu!<SPEAKER_BREAK>"
2395,"rotdd",0x001B5D92,"Yogurt: ......Ippai!<SPEAKER_BREAK>"
2396,"rotdd",0x001B5DA8,"Yogurt: ......Sakana!<SPEAKER_BREAK>"
2397,"rotdd",0x001B5DDA,"Yogurt: ......Nureta!<SPEAKER_BREAK>"
2398,"rotdd",0x001B5E62,"Guntz: Full speed ahead!<NEWLINE>Steam Suit Secrets, Part 1!<PAGE_BREAK>The Steam Suit's full name is<NEWLINE>Steam-Dynamic Heavy Armor!<PAGE_BREAK>The built-in steam engine's<NEWLINE>power allows the wearer to<NEWLINE>maneuver the heavy armor.<SPEAKER_BREAK>"
2399,"rotdd",0x001B5F22,"Guntz: Full speed ahead!<NEWLINE>Steam Suit Secrets, Part 2!<PAGE_BREAK>The heat source powering the<NEWLINE>steam engine is a catalyst<NEWLINE>stone filled with Blaze magic.<PAGE_BREAK>It's an incredibly efficient<NEWLINE>energy converter, but there's<NEWLINE>a possibility of meltdown!<SPEAKER_BREAK>"
2400,"rotdd",0x001B6005,"Guntz: Full speed ahead!<NEWLINE>Steam Suit Secrets, Part 3!<PAGE_BREAK>The armor is made of<NEWLINE>an alloy called Asentium "
2401,"rotdd",0x001B606A,"!<PAGE_BREAK>Dr. Crock uncovered the<NEWLINE>ore used to make it in<NEWLINE>excavations of ancient ruins.<SPEAKER_BREAK>"
2402,"rotdd",0x001B60BA,"Guntz: Full speed ahead!<NEWLINE>Steam Suit Secrets, Part 4!<PAGE_BREAK>The best feature of<NEWLINE>the Steam Suit is its<NEWLINE>super strength!<PAGE_BREAK>If I combine my strength<NEWLINE>with the Steam Suit's...<PAGE_BREAK>...a tug of war with even<NEWLINE>100 Paopigs would be<NEWLINE>a piece of cake!<SPEAKER_BREAK>"
2403,"rotdd",0x001B619C,"Guntz: Full speed ahead!<NEWLINE>Steam Suit Secrets, Part 5!<PAGE_BREAK>The Steam Suit is<NEWLINE>super-strong! But, it also<NEWLINE>allows fine control.<PAGE_BREAK>The fingertips have sensors<NEWLINE>filled with a special gel,<NEWLINE>and are even more sensitive<PAGE_BREAK>than human fingers.<NEWLINE>So, it's no problem to pick up<NEWLINE>an egg without breaking it!<SPEAKER_BREAK>"
2404,"rotdd",0x001B62B6,"Guntz: Full speed ahead!<NEWLINE>Steam Suit Secrets, Part "
2405,"rotdd",0x001B62E9,"!<PAGE_BREAK>The power of the steam engine<NEWLINE>is transmitted through<NEWLINE>artificial sinews.<PAGE_BREAK>These sinews are made<NEWLINE>from very thin wires. There<NEWLINE>are "
2406,"rotdd",0x001B636B,"0,000 in the whole suit.<SPEAKER_BREAK>"
2407,"rotdd",0x001B6385,"Guntz: Full speed ahead!<NEWLINE>Steam Suit Secrets, Part "
2408,"rotdd",0x001B63B8,"!<PAGE_BREAK>There is a second model of<NEWLINE>the Steam Suit, the Steam<NEWLINE>Suit Mark 2.<PAGE_BREAK>Performance is increased, but<NEWLINE>it's more difficult to use, so<NEWLINE>it's only for advanced users.<SPEAKER_BREAK>"
2409,"rotdd",0x001B6458,"Guntz: Full speed ahead!<NEWLINE>Steam Suit Secrets, Part "
2410,"rotdd",0x001B648B,"!<PAGE_BREAK>The Steam Suit Mark 2 also<NEWLINE>has a magic superconductor<NEWLINE>motor! Catalyst stones use<PAGE_BREAK>Freeze magic to create a low<NEWLINE>temperature environment with<NEWLINE>zero electrical resistance.<SPEAKER_BREAK>"
2411,"rotdd",0x001B6535,"Guntz: Full speed ahead!<NEWLINE>Steam Suit Secrets, Part "
2412,"rotdd",0x001B6568,"!<PAGE_BREAK>The magic superconductor motor<NEWLINE>of the Steam Suit Mark 2 also<NEWLINE>has Bolt catalytic stones.<PAGE_BREAK>So, the Mark 2 is equipped with<NEWLINE>3 types of catalytic stones:<NEWLINE>Blaze, Freeze and Bolt.<SPEAKER_BREAK>"
2413,"rotdd",0x001B6618,"Guntz: Full speed ahead!<NEWLINE>Steam Suit Secrets, Part 10!<PAGE_BREAK>The Mark 2's special feature,<NEWLINE>Roller Dash, is also powered<NEWLINE>by the superconductor motor!<PAGE_BREAK>It won't go for long periods,<NEWLINE>but it gives short bursts of<NEWLINE>speed - it's great in battle.<SPEAKER_BREAK>"
2414,"rotdd",0x001B6700,"Guntz: No, no, sorry! You'll<NEWLINE>have to wait till later for<NEWLINE>more Steam Suit Secrets!<SPEAKER_BREAK>"
2415,"rotdd",0x001B6753,"Guntz: Well, that's it!<NEWLINE>That's all the Steam Suit<NEWLINE>Secrets! <02>But...<PAGE_BREAK>If you want me to go over it<NEWLINE>again, I guess I could...<SPEAKER_BREAK>"
2416,"rotdd",0x001B67CE,"Hanzou: Some kind of fate is<NEWLINE>at work, meeting like this...<05><NEWLINE>Let me explain the ninja art.<PAGE_BREAK>Ninja Law 1: Sunlight<NEWLINE>The art of controlling the sun<NEWLINE>using a ninja's hidden lens.<PAGE_BREAK>When the sun's rays are<NEWLINE>strong, it is possible to burn<NEWLINE>a hole even in thick iron...<PAGE_BREAK>There is but one drawback.<NEWLINE>This technique only works<NEWLINE>during daylight.<SPEAKER_BREAK>"
2417,"rotdd",0x001B6915,"Hanzou: Ninja Law 2: Moonlight<NEWLINE>Using the light of the night<NEWLINE>moon to control men's will.<PAGE_BREAK>Moonlight has a great effect<NEWLINE>on the human heart.<PAGE_BREAK>An enemy may be routed, not<NEWLINE>through a fight, but by their<NEWLINE>own worries and insecurities.<SPEAKER_BREAK>"
2418,"rotdd",0x001B69F7,"Hanzou: Ninja Law 3: Flame<NEWLINE>The art of fire and flame that<NEWLINE>lies within a ninja's cloak.<PAGE_BREAK>An explosive for fortresses,<NEWLINE>smokescreens, beacons or guns,<NEWLINE>gunpowder's uses are varied.<PAGE_BREAK>Be careful! Even if you<NEWLINE>are curious, you must be<NEWLINE>careful not to touch me.<PAGE_BREAK>This ninja suit has gunpowder<NEWLINE>all over it. Look out!<05><NEWLINE>It could blow at any time!<SPEAKER_BREAK>"
2419,"rotdd",0x001B6B43,"Hanzou: Ninja Law 4: Running<NEWLINE>Water. The art of moving over<NEWLINE>sea, rivers, or lakes freely.<PAGE_BREAK>You may run unhindered over<NEWLINE>the water's surface with these<NEWLINE>Water Spiders on each foot.<PAGE_BREAK>But, bear one thing in mind:<05><NEWLINE>Should you stop running, you<NEWLINE>will sink where you stand.<SPEAKER_BREAK>"
2420,"rotdd",0x001B6C4A,"Hanzou: Ninja Law 5: Shadow<NEWLINE>Trees. The forest trees and<NEWLINE>plants are your allies.<PAGE_BREAK>Observe his footprints, and<NEWLINE>stun your enemy with pollen.<NEWLINE>Hide between tree trunks.<PAGE_BREAK>Make medicines and food.<NEWLINE>Knowledge of plants is but one<NEWLINE>part of Ninja Law.<SPEAKER_BREAK>"
2421,"rotdd",0x001B6D39,"Hanzou: Ninja Law "
2422,"rotdd",0x001B6D4C,": Metal<NEWLINE>Locating metal ore that<NEWLINE>lies sleeping underground.<PAGE_BREAK>Water-divining, the lie of<NEWLINE>the land... All are clues to<NEWLINE>finding the metal ore.<PAGE_BREAK>A humble skill it certainly<NEWLINE>is, but it is essential to our<NEWLINE>livelihood.<SPEAKER_BREAK>"
2423,"rotdd",0x001B6E1E,"Hanzou: Ninja Law "
2424,"rotdd",0x001B6E31,": Earth<NEWLINE>Joining with the Earth<NEWLINE>to borrow her power in battle.<PAGE_BREAK>But, this is no magic. It is <NEWLINE>wise to know the land<NEWLINE>you fight on before a battle.<PAGE_BREAK>Win or lose, fate decides. But,<NEWLINE>knowledge of your enemy and<NEWLINE>battlefield can be a charm.<SPEAKER_BREAK>"
2425,"rotdd",0x001B6F1A,"Hanzou: Ninja Law "
2426,"rotdd",0x001B6F2D,": Empty<NEWLINE>Self. Among ninja skills, this<NEWLINE>this is the most venerable.<PAGE_BREAK>Empty Self is the art of<NEWLINE>removing oneself<NEWLINE>from existence.<PAGE_BREAK>Desires, fears, wrath. Banish<NEWLINE>all these disturbances of the<NEWLINE>heart. That is the secret.<PAGE_BREAK>It seems you already<NEWLINE>understand these things.<SPEAKER_BREAK>"
2427,"rotdd",0x001B7030,"Hanzou: Pardon me, but<NEWLINE>please ask later and I will<NEWLINE>tell of a new Ninja Law.<SPEAKER_BREAK>"
2428,"rotdd",0x001B707D,"Hanzou: I have imparted all<NEWLINE>the secrets of Ninja Law.<PAGE_BREAK>However, for your study it is<NEWLINE>vital to go over them again<NEWLINE>and learn them well...<SPEAKER_BREAK>"
2429,"rotdd",0x001B7105,"Lyle: Guess you already know,<NEWLINE>but I'm the apprentice of Dr. <NEWLINE>Crock, the inventor.<PAGE_BREAK>Dr. Crock has come up with a<NEWLINE>ton of inventions so far. I'll<NEWLINE>tell you about them.<PAGE_BREAK>First of all...<NEWLINE>The All-Purpose<NEWLINE>Cuisine Machine!<PAGE_BREAK>Put in your ingredients, and<NEWLINE>with the press of a button it<NEWLINE>can make any food you like.<PAGE_BREAK>Pretty cool invention, huh?<NEWLINE>But, it didn't sell.<PAGE_BREAK>Dr. Crock has no sense<NEWLINE>of taste, and the machine made<NEWLINE>food using his recipes...<PAGE_BREAK>It was all gross!<SPEAKER_BREAK>"
2430,"rotdd",0x001B72C4,"Lyle: Dr. Crock's next<NEWLINE>invention...<PAGE_BREAK>The Foolproof Alarm Clock!<05><NEWLINE>How's it foolproof?<PAGE_BREAK>It just is. Because it can't<NEWLINE>fail to wake you up.<PAGE_BREAK>An amazing idea, huh?<NEWLINE>When the alarm goes off,<05><NEWLINE>it can't be switched off.<PAGE_BREAK>Well, it would get you out of<NEWLINE>bed, right? But, the customers<NEWLINE>sent them back, furious!<PAGE_BREAK>The Doc's house was full<NEWLINE>of all the returned goods!<SPEAKER_BREAK>"
2431,"rotdd",0x001B741F,"Lyle: Dr. Crock's inventions...<NEWLINE>Oh, yeah...<PAGE_BREAK>The Horseless Horse-Drawn<NEWLINE>Cart! It really is amazing.<PAGE_BREAK>It's a cart that uses a steam<NEWLINE>engine, so no need for horses.<05><NEWLINE>Only thing is...<PAGE_BREAK>The steam engine's so hot,<NEWLINE>only the likes of Guntz can<NEWLINE>stand it.<PAGE_BREAK>In the end, everyone who rode<NEWLINE>it came away with burns...<05><NEWLINE>Those returns piled up too...<SPEAKER_BREAK>"
2432,"rotdd",0x001B756A,"Lyle: More inventions...<NEWLINE>There was...<PAGE_BREAK>The Dog Device!<NEWLINE>It really was fantastic!<PAGE_BREAK>It looked a bit like a collar,<NEWLINE>and you wrapped it round your<NEWLINE>head. Then...<PAGE_BREAK>You could understand what<NEWLINE>dogs were saying! And what's<NEWLINE>more, you could speak to them!<PAGE_BREAK>The problem was...<05><NEWLINE>You could speak to dogs, but<NEWLINE>not to humans anymore!<PAGE_BREAK>But, the effects wore off<NEWLINE>after six months or so... <02>A<NEWLINE>lot of those got sent back...<SPEAKER_BREAK>"
2433,"rotdd",0x001B76F8,"Lyle: Next up from Dr. Crock's<NEWLINE>inventions...<PAGE_BREAK>The Rocket Shoes!<NEWLINE>The high-grade gunpowder in<NEWLINE>them made you run mega fast.<PAGE_BREAK>I say run, but really it was<NEWLINE>more like flying in a straight<NEWLINE>line. <02>But...<PAGE_BREAK>You probably guessed...<NEWLINE>There was no way to stop.<PAGE_BREAK>You could wait for the fuel<NEWLINE>to run out. That was the only<NEWLINE>way...<SPEAKER_BREAK>"
2434,"rotdd",0x001B782E,"Lyle: Dr. Crock's inventions.<NEWLINE>There was the...<PAGE_BREAK>Perfect Mechanical Guard Dog!<NEWLINE>It wasn't scared of any thief.<NEWLINE>A brilliant invention!<PAGE_BREAK>It was a machine, so it was<NEWLINE>completely reliable.<PAGE_BREAK>But, it barked and bit anyone,<NEWLINE>whether they were a thief<NEWLINE>or its master...<PAGE_BREAK>A stack of them<NEWLINE>were sent back...<SPEAKER_BREAK>"
2435,"rotdd",0x001B794F,"Lyle: Some more of Dr. Crock's<NEWLINE>inventions. Next came...<PAGE_BREAK>The Time Machine!<NEWLINE>A miraculous invention! Doc<NEWLINE>mastered space and time!<PAGE_BREAK>Only the machine needed masses<NEWLINE>of energy, so you could only<NEWLINE>go forward one minute in time.<PAGE_BREAK>And it was just a prototype,<NEWLINE>so it took a minute to go <NEWLINE>forward one minute.<PAGE_BREAK>............<05><NEWLINE>Don't ask me any more<NEWLINE>about that invention, OK?<SPEAKER_BREAK>"
2436,"rotdd",0x001B7AB4,"Lyle: Sorry, if you want to<NEWLINE>hear more about Dr. Crock's<NEWLINE>inventions, how about later?<SPEAKER_BREAK>"
2437,"rotdd",0x001B7B0A,"Lyle: That's about all of Dr.<NEWLINE>Crock's inventions, I think.<PAGE_BREAK>You want to hear about<NEWLINE>them again?<SPEAKER_BREAK>"
2438,"rotdd",0x001B7B69,"Torasu: So then, shall I tell<NEWLINE>you something of the history<NEWLINE>of Prompt?<PAGE_BREAK>Prompt was founded about<NEWLINE>1000 years ago, according to<NEWLINE>my history book.<PAGE_BREAK>Those left after the fall of<NEWLINE>the previous civilization<NEWLINE>established a new state.<SPEAKER_BREAK>"
2439,"rotdd",0x001B7C47,"Torasu: At first, the people<NEWLINE>of Prompt lived in obscurity,<NEWLINE>isolated from everyone.<PAGE_BREAK>They were hiding from the<NEWLINE>demi-humans, who hated<NEWLINE>humans.<SPEAKER_BREAK>"
2440,"rotdd",0x001B7CD4,"Torasu: To avoid attacks<NEWLINE>from outside, they chose<NEWLINE>their location carefully.<PAGE_BREAK>In the depths of the jungle,<NEWLINE>by a volcano called Mt.<NEWLINE>Siglas, they built a town.<PAGE_BREAK>They chose to be next to<NEWLINE>the volcano so they could use<NEWLINE>the earth's natural energy.<SPEAKER_BREAK>"
2441,"rotdd",0x001B7DC4,"Torasu: Siglas is an extinct<NEWLINE>volcano now, but back then it<NEWLINE>was alive with fire.<PAGE_BREAK>Many of the old civilization's<NEWLINE>records were destroyed<NEWLINE>by eruptions and earthquakes.<PAGE_BREAK>Prompt Castle is underground<NEWLINE>now, too, because it was buried<NEWLINE>in an earthquake.<SPEAKER_BREAK>"
2442,"rotdd",0x001B7EB8,"Torasu: There are quite a few<NEWLINE>traces of the old civilization<NEWLINE>in Prompt-especially machines.<PAGE_BREAK>Although we know it would be<NEWLINE>useful to use them,<05><NEWLINE>we make sure that we don't.<PAGE_BREAK>Because it was these that<NEWLINE>led to the destruction of the<NEWLINE>old civilization, long ago...<PAGE_BREAK>After 1000 years, that is<NEWLINE>the best lesson we people<NEWLINE>of Prompt have learned...<PAGE_BREAK>The truth is, happiness comes<NEWLINE>from man living in harmony<NEWLINE>with nature.<SPEAKER_BREAK>"
2443,"rotdd",0x001B804D,"Torasu: I am afraid you'll<NEWLINE>have to wait if you want<NEWLINE>to hear more.<SPEAKER_BREAK>"
2444,"rotdd",0x001B8090,"Torasu: It was a rather long<NEWLINE>explanation, but that is the<NEWLINE>end of my history lesson.<PAGE_BREAK>A man of my age likes to<NEWLINE>talk... <02>Shall I recount it<NEWLINE>from the beginning?<SPEAKER_BREAK>"
2445,"rotdd",0x001B812E,"Khris: Um...<PAGE_BREAK>............<PAGE_BREAK>You've done so much for me,<NEWLINE>but I haven't really told you<NEWLINE>about myself yet, have I?<PAGE_BREAK>...How rude of me.<05><NEWLINE>If you like, I could introduce<NEWLINE>myself now.<SPEAKER_BREAK>"
2446,"rotdd",0x001B81DC,"Khris: I was born in a small<NEWLINE>village called Mimoor, not far<NEWLINE>from Alterone.<PAGE_BREAK>It's a quiet village inhabited<NEWLINE>entirely by Cantaul people<NEWLINE>like me.<PAGE_BREAK>I...<02>don't know much about<NEWLINE>my parents.<PAGE_BREAK>I was brought up by a kind<NEWLINE>priest at a Mimoor church.<PAGE_BREAK>There were lots of other kids<NEWLINE>at the church who had no<NEWLINE>parents.<PAGE_BREAK>We all thought of the priest<NEWLINE>as our father, and we lived<NEWLINE>there happily together.<SPEAKER_BREAK>"
2447,"rotdd",0x001B8359,"Khris: We didn't have<NEWLINE>much, but we had fun.<PAGE_BREAK>Oh!<05><NEWLINE>Let me tell you more<NEWLINE>about our life at the church!<PAGE_BREAK>Everyone got up early there.<NEWLINE>And as soon as we got up, we<NEWLINE>said our morning prayers.<PAGE_BREAK>After prayers, we'd all go<NEWLINE>out to work in the fields<NEWLINE>to help the priest.<PAGE_BREAK>And then, it'd be time<NEWLINE>for breakfast.<PAGE_BREAK>We only had bread and soup,<NEWLINE>but anyway...<PAGE_BREAK>eating together with everyone<NEWLINE>else made it taste great.<SPEAKER_BREAK>"
2448,"rotdd",0x001B84E3,"Khris: After breakfast, we'd<NEWLINE>all get back to work.<PAGE_BREAK>There was lots to do: cleaning<NEWLINE>the church, welcoming the<NEWLINE>people who'd come to pray...<PAGE_BREAK>After lunch, the younger<NEWLINE>children played outside, and<NEWLINE>the older ones would study.<PAGE_BREAK>We took turns making<NEWLINE>the evening meal.<PAGE_BREAK>We used home-grown vegetables,<NEWLINE>so it was always delicious.<SPEAKER_BREAK>"
2449,"rotdd",0x001B8621,"Khris: After dinner, we had<NEWLINE>time to do whatever we wanted.<PAGE_BREAK>I used to read books to the<NEWLINE>younger children.<PAGE_BREAK>We didn't have many books, so<NEWLINE>I'd make my own. They weren't<NEWLINE>very good, but still...<PAGE_BREAK>Tales of kind witches, or the<NEWLINE>adventures of baby dragons.<PAGE_BREAK>And the tale of a town<NEWLINE>under the sea.<05><NEWLINE>...I made up all sorts.<SPEAKER_BREAK>"
2450,"rotdd",0x001B8758,"Khris: At night, we all slept<NEWLINE>together in one room.<PAGE_BREAK>In summer, it was a bit hot,<NEWLINE>but in winter, we'd keep<NEWLINE>each other warm.<PAGE_BREAK>It wasn't cold at all, and it<NEWLINE>was great fun, all of us<NEWLINE>together.<PAGE_BREAK>...Yes, it was so much fun<NEWLINE>living at the church.<PAGE_BREAK>Well, it was until...<SPEAKER_BREAK>"
2451,"rotdd",0x001B885C,"Khris: One summer, a terrible<NEWLINE>disease came to Mimoor and<NEWLINE>spread throughout the village.<PAGE_BREAK>The weaker children got high<NEWLINE>fevers and passed away.<PAGE_BREAK>Many children from the church<NEWLINE>got the disease and... <02>died.<PAGE_BREAK>............<PAGE_BREAK>There was a cure, but...<05><NEWLINE>it was so expensive,<NEWLINE>we couldn't afford it.<PAGE_BREAK>The priest and I were<NEWLINE>terrified...<PAGE_BREAK>More and more children were<NEWLINE>falling sick every day...<SPEAKER_BREAK>"
2452,"rotdd",0x001B89D2,"Khris: I was the oldest of<NEWLINE>the children there...<PAGE_BREAK>But, there was nothing I<NEWLINE>could do to help...<PAGE_BREAK>All I could do was will the<NEWLINE>dying children to live...<05><NEWLINE>and pray...<PAGE_BREAK>For days and days,<NEWLINE>all I did was pray...<05><NEWLINE>Then, one morning...<PAGE_BREAK>I was praying at the<NEWLINE>church...<05><NEWLINE>when suddenly...<PAGE_BREAK><SPEAKER_BREAK>"
2453,"rotdd",0x001B8AE5,"Khris: A blinding light shone<NEWLINE>through the stained glass.<PAGE_BREAK>I felt the light go deep<NEWLINE>inside my body.<PAGE_BREAK>............<PAGE_BREAK>And in that instant, I had a<NEWLINE>realization - that I had a<NEWLINE>great strength within me...<PAGE_BREAK>I had the power of healing.<NEWLINE>I could help cure sick and<NEWLINE>injured people.<PAGE_BREAK>...It was a miracle.<PAGE_BREAK>With my gift, I was able to<NEWLINE>cure the children suffering<NEWLINE>with the disease.<SPEAKER_BREAK>"
2454,"rotdd",0x001B8C4F,"Khris: But...<05><NEWLINE>My healing power had come<NEWLINE>too late...<PAGE_BREAK>Half of the children of the<NEWLINE>church had already died.<PAGE_BREAK>Why didn't the gods give me<NEWLINE>my power sooner, when<NEWLINE>there was still time...?<PAGE_BREAK>............<SPEAKER_BREAK>"
2455,"rotdd",0x001B8D12,"Khris:<NEWLINE>The priest knew about my gift,<NEWLINE>and he told me this:<PAGE_BREAK><QUOTE>Leave this church. Go out and<NEWLINE>use your gift to help as many<NEWLINE>people as you can.<QUOTE><PAGE_BREAK>In any case, it was time for<NEWLINE>me to leave the church and<NEWLINE>stand on my own two feet.<PAGE_BREAK>So, I did as the priest asked,<NEWLINE>and left the church to start<NEWLINE>work.<PAGE_BREAK>It was so hard to say farewell<NEWLINE>to everyone...<PAGE_BREAK>They were like brothers and<NEWLINE>sisters to me...<05><NEWLINE>No, even closer...<SPEAKER_BREAK>"
2456,"rotdd",0x001B8EA2,"Khris: Having left the church,<NEWLINE>I decided to look for work in<NEWLINE>Alterone.<PAGE_BREAK>I wanted to find a job where<NEWLINE>I could earn a lot of money.<PAGE_BREAK>The church never had much<NEWLINE>money, and this made life<NEWLINE>difficult for them.<PAGE_BREAK>I wanted to send as much money<NEWLINE>back there as possible.<PAGE_BREAK>I managed to find a job<NEWLINE>as a maid for the Princess<NEWLINE>of Alterone Castle.<SPEAKER_BREAK>"
2457,"rotdd",0x001B8FEA,"Khris: The pay was excellent,<NEWLINE>and I was able to send lots of<NEWLINE>money back to the church.<PAGE_BREAK>But one day, a letter came<NEWLINE>from the priest:<PAGE_BREAK><QUOTE>Dear Khris,<NEWLINE>Thank you for all your hard<NEWLINE>work.<PAGE_BREAK>But, I cannot accept<NEWLINE>the money you sent.<PAGE_BREAK>The church has its problems,<NEWLINE>but we can get by without<NEWLINE>this money.<PAGE_BREAK>You should fulfill your<NEWLINE>promise and get a job<NEWLINE>where you can help people.<PAGE_BREAK>Look for that kind of work.<PAGE_BREAK>I believe that this is<NEWLINE>what's best.<QUOTE><PAGE_BREAK>Just after I got that letter,<05><NEWLINE>I met you...<SPEAKER_BREAK>"
2458,"rotdd",0x001B91BF,"Khris: Seeing you fight<NEWLINE>Runefaust while they<NEWLINE>tore up the town...<PAGE_BREAK>I finally understood...<NEWLINE>I finally knew the path I<NEWLINE>should follow...<PAGE_BREAK>It took a lot of courage to<NEWLINE>help you when you were<NEWLINE>captured.<PAGE_BREAK>But, <02>it was a good thing.<PAGE_BREAK>I found my courage...<SPEAKER_BREAK>"
2459,"rotdd",0x001B92B2,"Khris: That's pretty much<NEWLINE>my life story.<PAGE_BREAK>Do I miss the church?<05><NEWLINE>Well, yes...<PAGE_BREAK>If I said I didn't miss it,<NEWLINE>I'd be lying.<05><NEWLINE>But...<PAGE_BREAK>Now, my friends are my<NEWLINE>home.<PAGE_BREAK>Still, I might go back and<NEWLINE>visit the church when<NEWLINE>the war's over.<PAGE_BREAK>I want to write books about<NEWLINE>the great things you've done,<NEWLINE>and read them to the children.<SPEAKER_BREAK>"
2460,"rotdd",0x001B93E9,"Khris: Um, <02>sorry.<NEWLINE>Let's talk more later...<SPEAKER_BREAK>"
2461,"rotdd",0x001B9416,"Khris: Um...<05><NEWLINE>If you like, I can tell you<NEWLINE>my story again...<SPEAKER_BREAK>"
2462,"rotdd",0x001B9453,"Anri: ......<PLAYER_NAME>...<PAGE_BREAK>You're our leader, and I think<NEWLINE>we should try to understand<NEWLINE>each other a little better...<PAGE_BREAK>............<PAGE_BREAK>...Where shall we start?<PAGE_BREAK>I thought I could start by<NEWLINE>telling you more about<NEWLINE>myself...<PAGE_BREAK>I'm not really accustomed<NEWLINE>to talking in this way...<PAGE_BREAK>............<PAGE_BREAK>......Forgive me.<PAGE_BREAK>Let's talk later.<SPEAKER_BREAK>"
2463,"rotdd",0x001B9585,"Anri:<NEWLINE>......Do you know...<PAGE_BREAK>...what I really like?<PAGE_BREAK>Oh, silly me! Of course<NEWLINE>you wouldn't know!<PAGE_BREAK>When I was younger, I loved<NEWLINE>drawing more than anything.<PAGE_BREAK>I couldn't seem to do it very<NEWLINE>well, but still...<SPEAKER_BREAK>"
2464,"rotdd",0x001B964C,"Anri: I already told you about<NEWLINE>how I liked to draw pictures,<NEWLINE>didn't I?<PAGE_BREAK>Now, why don't I tell you<NEWLINE>about what kind of pictures <NEWLINE>they were.<PAGE_BREAK>At first, I would only draw<NEWLINE>scenery...<PAGE_BREAK>Mountains, rivers, the sea.<NEWLINE>Any kind of landscape.<05><NEWLINE>But......<PAGE_BREAK>I got into a lot of trouble<NEWLINE>when they found out I was<NEWLINE>sneaking out of the castle.<SPEAKER_BREAK>"
2465,"rotdd",0x001B978D,"Anri: I was forbidden from<NEWLINE>leaving the castle. So, I had<NEWLINE>to draw people instead.<PAGE_BREAK>My father, the King.<NEWLINE>Ministers. Maids. Knights.<NEWLINE>I drew them all...<PAGE_BREAK>At first, people were glad<NEWLINE>to be drawn by me. But, I<NEWLINE>pestered them too much...<PAGE_BREAK>and after a while they would<NEWLINE>all run away when they saw me<NEWLINE>coming.<PAGE_BREAK>After that...<05><NEWLINE>I just drew cats.<SPEAKER_BREAK>"
2466,"rotdd",0x001B98D5,"Anri: ............<PAGE_BREAK>............<PAGE_BREAK>I'm sorry, <PLAYER_NAME>. When I<NEWLINE>start talking about my beloved<NEWLINE>pictures, I just can't stop...<PAGE_BREAK>Something besides that...<05><NEWLINE>Hmm, let me see...<PAGE_BREAK>When I was a child, I admired<NEWLINE>the knights so much that I<NEWLINE>tried to train like they do...<PAGE_BREAK>It was a waste of time.<PAGE_BREAK>I'm totally useless when it<NEWLINE>comes to anything physical.<SPEAKER_BREAK>"
2467,"rotdd",0x001B9A1F,"Anri: ......<PLAYER_NAME>,<05><NEWLINE>May I ask you something?<PAGE_BREAK>Do you enjoy talking to me?<PAGE_BREAK>...It's OK. You don't have to<NEWLINE>answer that.<PAGE_BREAK>......Surely I have something<NEWLINE>interesting to tell you...<NEWLINE>I'll give it some thought.<SPEAKER_BREAK>"
2468,"rotdd",0x001B9AE4,"Anri: ......<PLAYER_NAME>,<05><NEWLINE>I've done a lot of thinking,<NEWLINE>and I realized something...<PAGE_BREAK>My purpose wasn't to entertain<NEWLINE>you with funny stories,<NEWLINE>but for you to get to know me.<PAGE_BREAK>So, in that case...<05><NEWLINE>What should I tell you?<PAGE_BREAK>Um......<05><NEWLINE>My favorite color is white.<SPEAKER_BREAK>"
2469,"rotdd",0x001B9BD7,"Anri: ............<PAGE_BREAK>My favorite food is......<05><NEWLINE>I don't really have one.<PAGE_BREAK>I'm the sort who'll receive<NEWLINE>any food gratefully.<PAGE_BREAK>It's the way I was brought up.<SPEAKER_BREAK>"
2470,"rotdd",0x001B9C6F,"Anri: ......Oh yes, I know!<05><NEWLINE>It's not that I dislike them,<NEWLINE>but...<PAGE_BREAK>I'm not too keen on sweets.<PAGE_BREAK>The maids' children in the<NEWLINE>castle like to eat sweets and<NEWLINE>cakes, but I'm not a fan.<PAGE_BREAK>I don't mind sweets if they're<NEWLINE>not too sugary, though...<SPEAKER_BREAK>"
2471,"rotdd",0x001B9D5A,"Anri: When I have free<NEWLINE>time, I like to read books<NEWLINE>about magic.<PAGE_BREAK>I started reading back<NEWLINE>in Guardiana, but...<PAGE_BREAK>in Manarina, I had more time<NEWLINE>than ever to read.<PAGE_BREAK>It was wonderful because there<NEWLINE>were more books than I could<NEWLINE>possibly get through.<SPEAKER_BREAK>"
2472,"rotdd",0x001B9E48,"Anri: My dream...<05><NEWLINE>I'm not exactly sure<NEWLINE>what that is...<PAGE_BREAK>With the King's passing,<NEWLINE>I must lead Guardiana, but...<PAGE_BREAK>What if...<PAGE_BREAK>If I hadn't been born into the<NEWLINE>royal family of Guardiana...<PAGE_BREAK>I don't know.<PAGE_BREAK>I've never considered it...<SPEAKER_BREAK>"
2473,"rotdd",0x001B9F29,"Anri: I've done a lot of<NEWLINE>thinking since we last spoke.<PAGE_BREAK>If I hadn't been born daughter<NEWLINE>of a king...<PAGE_BREAK>I could have been a mage...<05><NEWLINE>...That's what I thought at<NEWLINE>first.<PAGE_BREAK>But, more likely,<NEWLINE>I would have become<NEWLINE>an artist.<PAGE_BREAK>Whether or not I would have<NEWLINE>succeeded is another matter.<05><NEWLINE>He he he.<SPEAKER_BREAK>"
2474,"rotdd",0x001BA042,"Anri: ......<PLAYER_NAME>,<NEWLINE>I can only tell this to<NEWLINE>you...<PAGE_BREAK>I find the idea of fighting<NEWLINE>truly abhorrent...<PAGE_BREAK>I can't understand this idea<NEWLINE>of crossing swords and using<NEWLINE>magic against an enemy...<PAGE_BREAK>How can anyone delight in it?<NEWLINE>But, as Queen of Guardiana,<NEWLINE>I cannot voice this opinion.<PAGE_BREAK>All I want is Dark Dragon<NEWLINE>to be sealed away soon so<NEWLINE>that the fighting can end.<SPEAKER_BREAK>"
2475,"rotdd",0x001BA19A,"Anri: ......<PLAYER_NAME>,<NEWLINE>in the fight to seal away<NEWLINE>Dark Dragon...<PAGE_BREAK>the final battle draws near.<PAGE_BREAK>We must do our best.<NEWLINE>As Queen of Guardiana, I too<NEWLINE>will risk my life and fight...<SPEAKER_BREAK>"
2476,"rotdd",0x001BA241,"Anri:<NEWLINE>Excuse me, <PLAYER_NAME>.<NEWLINE>Let's talk more later.<SPEAKER_BREAK>"
2477,"rotdd",0x001BA26D,"Anri: I have no more to say.<NEWLINE>Sorry for boring you with all<NEWLINE>my stories, <PLAYER_NAME>.<PAGE_BREAK>Although...<05><NEWLINE>If you'd like to hear them<NEWLINE>again, I really don't mind...<SPEAKER_BREAK>"
2478,"rotdd",0x001BA2FE,"Diane: In Bustoke, where I was<NEWLINE>born, there are many families<NEWLINE>of Beastmen like Zylo.<PAGE_BREAK>While you're here, I may as<NEWLINE>well tell you what I know<NEWLINE>about them.<PAGE_BREAK>There are few Beastmen<NEWLINE>remaining...<PAGE_BREAK>Basically, they are part<NEWLINE>human, part beast.<PAGE_BREAK>They're sort of go-betweens<NEWLINE>for people and nature. A bit<NEWLINE>like spirits really.<SPEAKER_BREAK>"
2479,"rotdd",0x001BA433,"Diane: Why don't I tell you<NEWLINE>about the Beastmen of<NEWLINE>Bustoke?<PAGE_BREAK>There was a race known<NEWLINE>as the Panthera...<PAGE_BREAK>As their name suggests, these<NEWLINE>Beastmen were like big cats.<NEWLINE>They ran like the wind.<PAGE_BREAK>They were quick in the<NEWLINE>forest, but on the plains<NEWLINE>even Zylo couldn't keep up.<PAGE_BREAK>They were an incredible race<NEWLINE>with formidable strength,<NEWLINE>but fighting is all they did.<PAGE_BREAK>In the end, they died out.<SPEAKER_BREAK>"
2480,"rotdd",0x001BA5A9,"Diane: Why don't I tell you<NEWLINE>about the Beastmen of<NEWLINE>Bustoke?<PAGE_BREAK>There's a race known as<NEWLINE>the Chamaelea...<PAGE_BREAK>As their name suggests, they<NEWLINE>are like chameleons. They can<NEWLINE>disappear by changing color.<PAGE_BREAK>They are not good fighters,<NEWLINE>but their ability to hide<NEWLINE>has ensured their survival.<PAGE_BREAK>Their numbers are dwindling<NEWLINE>now, so they're even warier.<NEWLINE>Nobody has seen one for ages.<SPEAKER_BREAK>"
2481,"rotdd",0x001BA70F,"Diane:<NEWLINE>Why don't I tell you about<NEWLINE>the Beastmen of Bustoke?<PAGE_BREAK>There's a race known as<NEWLINE>the Mus...<PAGE_BREAK>These creatures are like mice.<NEWLINE>They're the smallest Beastmen.<NEWLINE>One would fit in your hand.<PAGE_BREAK>The Mus are a huge group -<NEWLINE>tens of thousands of them<NEWLINE>live in Bustoke alone.<PAGE_BREAK>But, very few people have<NEWLINE>ever seen one.<PAGE_BREAK>They live their lives hidden<NEWLINE>away in burrows which<NEWLINE>they dig in the mountains.<SPEAKER_BREAK>"
2482,"rotdd",0x001BA88B,"Diane: Why don't I tell you<NEWLINE>about the Beastmen of<NEWLINE>Bustoke?<PAGE_BREAK>There was a race known<NEWLINE>as the Rabbitta...<PAGE_BREAK>As you may have guessed, these<NEWLINE>Beastmen were like rabbits.<PAGE_BREAK>They lacked fighting power,<NEWLINE>but the power in their legs<NEWLINE>meant they could escape fast.<PAGE_BREAK>But, their greatest strength<NEWLINE>was their ability to reproduce.<PAGE_BREAK>They could give birth to<NEWLINE>dozens of babies in no time.<05><NEWLINE>But, this became a problem.<PAGE_BREAK>Their numbers became too<NEWLINE>great and this led to civil<NEWLINE>warfare between them.<PAGE_BREAK>The fighting was so fierce<NEWLINE>that they were all wiped out.<05><NEWLINE>That was centuries ago.<SPEAKER_BREAK>"
2483,"rotdd",0x001BAAAF,"Diane: Why don't I tell you<NEWLINE>about the Beastmen of<NEWLINE>Bustoke?<PAGE_BREAK>There's a race known as<NEWLINE>the Orcus...<PAGE_BREAK>As their name suggests, these<NEWLINE>Beastmen are like whales.<PAGE_BREAK>They're the largest Beastmen.<NEWLINE>They can't move well on land,<NEWLINE>so they live in the sea.<PAGE_BREAK>Their numbers are few, and<NEWLINE>they swim in the deep sea,<NEWLINE>so it's unusual to see them.<PAGE_BREAK>You should keep your eyes<NEWLINE>peeled when you're out at sea.<PAGE_BREAK>If you're lucky, you might<NEWLINE>see one.<SPEAKER_BREAK>"
2484,"rotdd",0x001BAC4D,"Diane: Why don't I tell you<NEWLINE>about the Beastmen of<NEWLINE>Bustoke?<PAGE_BREAK>There's a race known as<NEWLINE>the Desmodus...<PAGE_BREAK>As you may have guessed,<NEWLINE>these Beastmen are like bats.<PAGE_BREAK>They're nocturnal creatures,<NEWLINE>so people sometimes call them<NEWLINE>the <QUOTE>Princes of the Night<QUOTE>.<PAGE_BREAK>Because they live in darkness,<NEWLINE>their sight has deteriorated<NEWLINE>and they can't see a thing.<PAGE_BREAK>But, they can make special<NEWLINE>sounds that allow them to<NEWLINE>explore and communicate.<PAGE_BREAK>They're a timid species,<NEWLINE>and they hardly ever allow<NEWLINE>themselves to be seen...<PAGE_BREAK>especially since Runefaust<NEWLINE>began its attacks.<PAGE_BREAK>Maybe when the fighting<NEWLINE>ends, you'll have a chance<NEWLINE>to see one in Bustoke.<SPEAKER_BREAK>"
2485,"rotdd",0x001BAEAA,"Diane: Why don't I tell you<NEWLINE>about the Beastmen of<NEWLINE>Bustoke?<PAGE_BREAK>There was a race known<NEWLINE>as the Tigris...<PAGE_BREAK>As their name suggests, these<NEWLINE>Beastmen were like tigers.<PAGE_BREAK>Their fighting strength was<NEWLINE>unsurpassed, and they were<NEWLINE>the strongest Beastmen.<PAGE_BREAK>But, they were violent<NEWLINE>and not terribly smart...<PAGE_BREAK>The other groups made their<NEWLINE>own small but individual<NEWLINE>societies. Not the Tigris...<PAGE_BREAK>They wouldn't form groups and<NEWLINE>they liked to live alone...<05><NEWLINE>Eventually, they disappeared.<PAGE_BREAK>Some people say that there<NEWLINE>are a few of them left deep<NEWLINE>in the mountains...<SPEAKER_BREAK>"
2486,"rotdd",0x001BB0BD,"Diane: Why don't I tell you<NEWLINE>about the Beastmen of<NEWLINE>Bustoke?<PAGE_BREAK>There's a race known as<NEWLINE>the Spina...<PAGE_BREAK>As you may have guessed,<NEWLINE>these Beastmen are like<NEWLINE>porcupines.<PAGE_BREAK>They're a very gentle race who<NEWLINE>don't fight over silly things.<05><NEWLINE>But...<PAGE_BREAK>If you make them angry,<NEWLINE>they're terrifying!<PAGE_BREAK>The sharp spines all over<NEWLINE>their bodies become a<NEWLINE>horrific weapon.<PAGE_BREAK>With their spines out, they<NEWLINE>roll up into a ball and charge<NEWLINE>at their enemy.<PAGE_BREAK>Don't tell anyone, but...<05><NEWLINE>a long time ago when<NEWLINE>Zylo and I were out hunting...<PAGE_BREAK>we got into a scuffle with<NEWLINE>some Spinus and they chased<NEWLINE>after us.<PAGE_BREAK>There we were, the great<NEWLINE>Zylo and I, powerless to do<NEWLINE>anything but run away.<PAGE_BREAK>......It was really scary.<SPEAKER_BREAK>"
2487,"rotdd",0x001BB350,"Diane: Why don't I tell you<NEWLINE>about the Beastmen of<NEWLINE>Bustoke?<PAGE_BREAK>There's a race known as<NEWLINE>the Talpida...<PAGE_BREAK>These Beastmen are like moles.<NEWLINE>They live underground where<NEWLINE>they build their own towns.<PAGE_BREAK>They're a careful race,<NEWLINE>and they will never tell you<NEWLINE>where these towns are.<PAGE_BREAK>They hardly ever show their<NEWLINE>faces above ground.<PAGE_BREAK>Maybe they don't even exist...<05><NEWLINE>A kind of mythical race...<SPEAKER_BREAK>"
2488,"rotdd",0x001BB4C1,"Diane: Why don't I tell you<NEWLINE>about the Beastmen of<NEWLINE>Bustoke?<PAGE_BREAK>There's a race known as<NEWLINE>the Terrapa...<PAGE_BREAK>These Beastmen are like<NEWLINE>turtles. They lived in Kiselen<NEWLINE>Lake in the north of Bustoke.<PAGE_BREAK>But, the winters in Bustoke are<NEWLINE>cold, so they had to hibernate<NEWLINE>in order to survive.<PAGE_BREAK>While they were hibernating,<NEWLINE>their village was attacked.<NEWLINE>So, in the end...<PAGE_BREAK>they left Bustoke.<PAGE_BREAK>People say they left the Rune<NEWLINE>Continent and went south,<NEWLINE>where they now live in peace.<SPEAKER_BREAK>"
2489,"rotdd",0x001BB681,"Why don't I tell you about<NEWLINE>the Beastmen of Bustoke?<PAGE_BREAK>There's a race known as<NEWLINE>the Felis...<PAGE_BREAK>As their name suggests, these<NEWLINE>Beastmen are like cats.<PAGE_BREAK>They have beautiful eyes,<NEWLINE>soft fur, and cute tails.<05><NEWLINE>...They're so sweet.<PAGE_BREAK>Um, anyway...<PAGE_BREAK>Their beauty makes them<NEWLINE>very powerful creatures<NEWLINE>among the Beastmen...<PAGE_BREAK>But, they have a kind of<NEWLINE>aloofness, a pride...<PAGE_BREAK>And it stops them from being<NEWLINE>friendly to other Beastmen or<NEWLINE>humans.<PAGE_BREAK>......I'd like to make friends<NEWLINE>with them if only they'd<NEWLINE>let me...<SPEAKER_BREAK>"
2490,"rotdd",0x001BB863,"Why don't I tell you about<NEWLINE>the Beastmen of Bustoke?<PAGE_BREAK>There's a race known as<NEWLINE>the Ursus...<PAGE_BREAK>These Beastmen are like bears.<PAGE_BREAK>They're strong but gentle<NEWLINE>beasts. They dislike war<NEWLINE>and love peace.<PAGE_BREAK>Their gentleness was their <NEWLINE>undoing - they came under<NEWLINE>attack, time after time.<PAGE_BREAK>Some decades ago...<PAGE_BREAK>the war-hating Ursus left<NEWLINE>Bustoke in search of a<NEWLINE>more peaceful place to live.<PAGE_BREAK>Whether or not they found<NEWLINE>the new land they were<NEWLINE>searching for, nobody knows.<SPEAKER_BREAK>"
2491,"rotdd",0x001BBA1E,"Why don't I tell you about<NEWLINE>the Beastmen of Bustoke?<PAGE_BREAK>There's a race known as<NEWLINE>the Castrida...<PAGE_BREAK>These Beastmen are like<NEWLINE>beavers.<PAGE_BREAK>They're a small breed, their<NEWLINE>height only about half that<NEWLINE>of a human.<PAGE_BREAK>They live in a town they<NEWLINE>built on the Kite River, in<NEWLINE>the west of Bustoke.<PAGE_BREAK>They're a small group, so<NEWLINE>they're an easy target, but...<PAGE_BREAK>if you make them angry, you'll<NEWLINE>be in a lot of trouble.<PAGE_BREAK>They'll all come after you<NEWLINE>with their big sharp teeth<NEWLINE>bared, ready for attack...<SPEAKER_BREAK>"
2492,"rotdd",0x001BBBEC,"Why don't I tell you about<NEWLINE>the Beastmen of Bustoke?<PAGE_BREAK>There was a race known<NEWLINE>as the Elephas...<PAGE_BREAK>As their name suggests, these<NEWLINE>Beastmen were like elephants.<PAGE_BREAK>They were the biggest Beastmen<NEWLINE>living on land.<PAGE_BREAK>They were placid but<NEWLINE>enormous creatures. Bigger<NEWLINE>even than a horse and cart.<PAGE_BREAK>Everyone knew better than<NEWLINE>to cross them.<PAGE_BREAK>But...<NEWLINE>Their life span was short,<NEWLINE>maybe because of their size.<PAGE_BREAK>And, because they were not<NEWLINE>well-suited to carrying babies,<NEWLINE>they died out long ago.<SPEAKER_BREAK>"
2493,"rotdd",0x001BBDBC,"Diane: Oh, I'm sorry.<NEWLINE>I'm too tired to talk<NEWLINE>now...<SPEAKER_BREAK>"
2494,"rotdd",0x001BBDF0,"Diane: I've already told you<NEWLINE>all I know about the Beastmen<NEWLINE>of the Rune Continent.<PAGE_BREAK>But, I don't mind going over<NEWLINE>it again if you want.<SPEAKER_BREAK>"
2495,"rotdd",0x001BBE76,"Zylo: ............<05><NEWLINE>Sorry.<NEWLINE>I don't have much to say.<SPEAKER_BREAK>"
2496,"rotdd",0x001BBEAC,"Zylo: ............<PAGE_BREAK>............<PAGE_BREAK>I'm different from the others.<NEWLINE>Telling their life stories...<PAGE_BREAK>I'm not so good at that.<SPEAKER_BREAK>"
2497,"rotdd",0x001BBF23,"Zylo: ............<PAGE_BREAK>............<PAGE_BREAK>...... I'm no good at talking.<PAGE_BREAK>......Really.<SPEAKER_BREAK>"
2498,"rotdd",0x001BBF71,"Zylo: ............<PAGE_BREAK>............<PAGE_BREAK>Honest.<SPEAKER_BREAK>"
2499,"rotdd",0x001BBF9A,"Zylo: ............<PAGE_BREAK>............<PAGE_BREAK>OK, OK.<PAGE_BREAK>Maybe I'll talk to you a<NEWLINE>bit. But, give me some time<NEWLINE>to think.<SPEAKER_BREAK>"
2500,"rotdd",0x001BC002,"Zylo: ............<PAGE_BREAK>............<PAGE_BREAK>Sorry. You'll have to give me<NEWLINE>more time to think.<SPEAKER_BREAK>"
2501,"rotdd",0x001BC055,"Zylo: ............<PAGE_BREAK>I know. I could tell you my<NEWLINE>favorite color.<PAGE_BREAK>...... It's black.<SPEAKER_BREAK>"
2502,"rotdd",0x001BC0A8,"Zylo: ............<PAGE_BREAK>Hm?<NEWLINE>You want to know more?<PAGE_BREAK>............<PAGE_BREAK>Hm, I told you my favorite<NEWLINE>color already, right?<PAGE_BREAK>...... It's black.<SPEAKER_BREAK>"
2503,"rotdd",0x001BC128,"Zylo: ............<PAGE_BREAK>...Really, you must<NEWLINE>understand.<PAGE_BREAK>I have no interest in anything<NEWLINE>apart from fighting.<PAGE_BREAK>I just don't know anything<NEWLINE>interesting I can tell you.<SPEAKER_BREAK>"
2504,"rotdd",0x001BC1C7,"Zylo: ............<PAGE_BREAK>............<PAGE_BREAK>So, like I said, my favorite<NEWLINE>color is black.<PAGE_BREAK>That's all I have to say.<SPEAKER_BREAK>"
2505,"rotdd",0x001BC22F,"Zylo: ............<PAGE_BREAK>Even if I had to,<NEWLINE>I couldn't find anything<NEWLINE>to say.<SPEAKER_BREAK>"
2506,"rotdd",0x001BC276,"Zylo: ............<PAGE_BREAK>............<PAGE_BREAK>...... It's black.<SPEAKER_BREAK>"
2507,"rotdd",0x001BC2AA,"Zylo: ............<PAGE_BREAK>OK.<PAGE_BREAK>You win.<PAGE_BREAK>I'll tell you a secret.<SPEAKER_BREAK>"
2508,"rotdd",0x001BC2E3,"Zylo: ............<PAGE_BREAK>...... A secret.<PAGE_BREAK>I'm not quite ready to tell<NEWLINE>you yet, though.<PAGE_BREAK>Just give me a while, OK?<SPEAKER_BREAK>"
2509,"rotdd",0x001BC34F,"Zylo: ............<PAGE_BREAK>You really have worn me down.<PAGE_BREAK>I'll tell you my secret.<NEWLINE>You and only you.<PAGE_BREAK>......Don't you dare tell<NEWLINE>anyone!<PAGE_BREAK>When I sleep...<05><NEWLINE>I sleep with my eyes open.<PAGE_BREAK>It's a real shock for anyone<NEWLINE>that sees me, because<NEWLINE>it looks like I'm dead...<PAGE_BREAK>......Don't you dare tell<NEWLINE>anyone!<SPEAKER_BREAK>"
2510,"rotdd",0x001BC47D,"Zylo: ............<PAGE_BREAK>I don't have anything else I<NEWLINE>can tell you.<PAGE_BREAK>......It's true.<PAGE_BREAK>If you really want me to keep<NEWLINE>talking, I'll have to tell<NEWLINE>you the same things again.<SPEAKER_BREAK>"
2511,"rotdd",0x001BC521,"Mawlock: It must be some kind<NEWLINE>of fate that has brought us<NEWLINE>together on our travels...<PAGE_BREAK>It seems like the perfect<NEWLINE>chance for me to tell you a<NEWLINE>bit about...<PAGE_BREAK>the card.<PAGE_BREAK>How did that mysterious card<NEWLINE>come to exist in the first<NEWLINE>place...?<PAGE_BREAK>That's where the story begins.<SPEAKER_BREAK>"
2512,"rotdd",0x001BC625,"Mawlock: Long, long ago...<05><NEWLINE>there lived a man...<PAGE_BREAK>A mage...<05><NEWLINE>No, wait. Since it's you,<NEWLINE>I'll tell it to you straight.<PAGE_BREAK>He was a researcher, an<NEWLINE>incredibly clever scientist.<PAGE_BREAK>It was with his research that<NEWLINE>it all began...<SPEAKER_BREAK>"
2513,"rotdd",0x001BC6FD,"Mawlock: The man was studying<NEWLINE>images and light,<PAGE_BREAK>using them to record pictures<NEWLINE>of people and scenery...<05><NEWLINE>This is what he researched.<PAGE_BREAK>Why was he so determined to<NEWLINE>carry out this research...?<05><NEWLINE>There was a reason for this.<PAGE_BREAK>He had a daughter he loved<NEWLINE>very much. He was a widower,<NEWLINE>so she was all he had left.<PAGE_BREAK>His daughter was the reason he<NEWLINE>began his research...<SPEAKER_BREAK>"
2514,"rotdd",0x001BC861,"Mawlock:<NEWLINE>The man's daughter was young<NEWLINE>and beautiful. But...<PAGE_BREAK>She had a chronic, incurable<NEWLINE>disease, and she had only<NEWLINE>six months to live.<PAGE_BREAK><QUOTE>If I can't save her, then<NEWLINE>I shall keep an eternal<NEWLINE>memory of her beauty.<QUOTE><PAGE_BREAK>This is what the man thought.<NEWLINE>So, he began researching ways<NEWLINE>to record people's images.<SPEAKER_BREAK>"
2515,"rotdd",0x001BC98A,"Mawlock: The man continued his<NEWLINE>research day and night.<PAGE_BREAK>He met with famous mages and<NEWLINE>deepened his knowledge of<NEWLINE>light and spirit magic.<PAGE_BREAK>The man worked so hard that<NEWLINE>there was no time for sleep.<NEWLINE>But, he was getting nowhere.<PAGE_BREAK>Then one day, an old man<NEWLINE>came along and gave him some<NEWLINE>advice.<PAGE_BREAK>No one knows who the old man<NEWLINE>was or what advice it was that<NEWLINE>he gave him.<PAGE_BREAK>One story is that the old man<NEWLINE>was the devil himself...<05><NEWLINE>That's what people say.<SPEAKER_BREAK>"
2516,"rotdd",0x001BCB3E,"Mawlock: After this meeting,<NEWLINE>the man somehow managed to<NEWLINE>complete his research.<PAGE_BREAK>It was three days before his<NEWLINE>daughter died.<PAGE_BREAK>Although she was so close to<NEWLINE>death, she was as beautiful<NEWLINE>as ever, shining like a jewel.<PAGE_BREAK>What the man had produced from<NEWLINE>his research was a small card.<PAGE_BREAK>By holding up this card,<NEWLINE>he could record images of<NEWLINE>people and scenery.<SPEAKER_BREAK>"
2517,"rotdd",0x001BCC97,"Mawlock: The man used the<NEWLINE>card he'd made to capture the<NEWLINE>image of his daughter.<PAGE_BREAK>Reproduced on the small card,<NEWLINE>it was as if she was still<NEWLINE>alive.<PAGE_BREAK>No, not as if...<02>In fact,<NEWLINE>his daughter really was alive<NEWLINE>inside the card.<SPEAKER_BREAK>"
2518,"rotdd",0x001BCD70,"Mawlock: The card that the man<NEWLINE>had made captured not only the<NEWLINE>image of its subject...<PAGE_BREAK>It also managed to capture the<NEWLINE>strange powers that exist in<NEWLINE>the essence of people's souls.<PAGE_BREAK>The man's daughter, living on<NEWLINE>inside the card, was able to<NEWLINE>comfort him in this way.<PAGE_BREAK>Even after his daughter died,<NEWLINE>the man lived a happy life<NEWLINE>with his beloved card.<SPEAKER_BREAK>"
2519,"rotdd",0x001BCEC6,"Mawlock: Many years passed<NEWLINE>and the man grew old and<NEWLINE>eventually died.<PAGE_BREAK>He had worked so hard to make<NEWLINE>the card, but had only used<NEWLINE>one for his daughter.<PAGE_BREAK>About 100 blank cards were<NEWLINE>left when he died. They fell<NEWLINE>into the hands of many people.<PAGE_BREAK>But, none of them understood<NEWLINE>the power hidden inside<NEWLINE>the cards.<PAGE_BREAK>Now that so much time has<NEWLINE>passed, we don't even know<NEWLINE>where the cards are...<SPEAKER_BREAK>"
2520,"rotdd",0x001BD03F,"Mawlock: I found one of the<NEWLINE>cards myself and came to<NEWLINE>understand their hidden power.<PAGE_BREAK>How did I figure it out?<PAGE_BREAK>Sorry, but I can't tell you<NEWLINE>that...<PAGE_BREAK>What can you do with<NEWLINE>the mysterious powers<NEWLINE>of the cards...?<PAGE_BREAK>That's the question you should<NEWLINE>be asking yourself.<SPEAKER_BREAK>"
2521,"rotdd",0x001BD140,"Mawlock: I must be going now.<NEWLINE>Let's talk more another time.<SPEAKER_BREAK>"
2522,"rotdd",0x001BD17D,"Mawlock: ......That's it.<05><NEWLINE>Now, I have told you all<NEWLINE>I can about the cards.<PAGE_BREAK>If you want to talk more, <NEWLINE>I could go over what I<NEWLINE>already told you...<SPEAKER_BREAK>"
2523,"rotdd",0x001BD20F,"Domingo: ......Domingo!<PAGE_BREAK>"
2524,"rotdd",0x001BD228,"He spins his feelers around<NEWLINE>in wild circles."
2525,"rotdd",0x001BD255,"<PAGE_BREAK>............<PAGE_BREAK><QUOTE>I'm feeling happy...<QUOTE><05><NEWLINE>"
2526,"rotdd",0x001BD27C,"is what he seems to be<NEWLINE> saying."
2527,"rotdd",0x001BD29E,"Domingo: ......Domingo!<PAGE_BREAK>"
2528,"rotdd",0x001BD2B7,"His body is slightly pink."
2529,"rotdd",0x001BD2E1,"He seems to be a bit<NEWLINE>embarrassed."
2530,"rotdd",0x001BD305,"Domingo: ......Domingo!<PAGE_BREAK>"
2531,"rotdd",0x001BD31E,"He moves his feelers up<NEWLINE>and down in front of him as<NEWLINE>if hammering something."
2532,"rotdd",0x001BD36C,"It seems he's got work to do.<05><NEWLINE>Maybe that's what he's trying<NEWLINE>to say..."
2533,"rotdd",0x001BD3B5,"Domingo: ......Domingo!<PAGE_BREAK>"
2534,"rotdd",0x001BD3CE,"His whole body is a dim<NEWLINE>blue..."
2535,"rotdd",0x001BD3F0,"He seems to be scared of<NEWLINE>something..."
2536,"rotdd",0x001BD418,"Domingo: ......Domingo!<PAGE_BREAK>"
2537,"rotdd",0x001BD431,"He's vigorously scratching<NEWLINE>his head with his feelers."
2538,"rotdd",0x001BD469,"He seems to be thinking<NEWLINE>something over."
2539,"rotdd",0x001BD493,"Domingo: ......Domingo!<PAGE_BREAK>"
2540,"rotdd",0x001BD4AC,"His eyes are spinning round<NEWLINE>and round."
2541,"rotdd",0x001BD4D5,"It seems like he's thinking<NEWLINE>over a difficult problem."
2542,"rotdd",0x001BD50D,"Domingo: ......Domingo!<PAGE_BREAK>"
2543,"rotdd",0x001BD526,"His whole body is shaking<NEWLINE>violently..."
2544,"rotdd",0x001BD54F,"It seems like he might be<NEWLINE>hungry..."
2545,"rotdd",0x001BD575,"Domingo: Domingo!<PAGE_BREAK>"
2546,"rotdd",0x001BD588,"He's tapping his head with<NEWLINE>his feelers."
2547,"rotdd",0x001BD5B2,"It's probably a sign that<NEWLINE>he wants to go to sleep."
2548,"rotdd",0x001BD5E7,"Domingo: ......Domingo!<PAGE_BREAK>"
2549,"rotdd",0x001BD600,"He's puffing out his body<NEWLINE>like a balloon."
2550,"rotdd",0x001BD62C,"It seems like he wants<NEWLINE>you to play."
2551,"rotdd",0x001BD652,"Domingo: ......Domingo!<PAGE_BREAK>"
2552,"rotdd",0x001BD66B,"He's shaking parts of his<NEWLINE>body rhythmically."
2553,"rotdd",0x001BD69A,"He seems to have an itch."
2554,"rotdd",0x001BD6B6,"Domingo: ......Domingo!<PAGE_BREAK>"
2555,"rotdd",0x001BD6CF,"One of his eyes looks<NEWLINE>sort of strange."
2556,"rotdd",0x001BD6F8,"It seems like he's trying to<NEWLINE>remember something."
2557,"rotdd",0x001BD743,"He's making a cross with his<NEWLINE>feelers. Nothing to say?"
2558,"rotdd",0x001BD77B,"Domingo: ......Domingo!<05><NEWLINE>"
2559,"rotdd",0x001BD795,"He's spinning his feelers<NEWLINE>around above his head."
2560,"rotdd",0x001BD7C8,"Do you want to hear it<NEWLINE>again? It seems that's what<NEWLINE>he's saying."
2561,"rotdd",0x001BD80A,"Musashi: I have walked the<NEWLINE>path of the sword for as long<NEWLINE>as I can remember.<PAGE_BREAK>I try, but it is in vain, for<NEWLINE>I simply cannot tell<NEWLINE>tales like others can.<PAGE_BREAK>............<PAGE_BREAK>But, I might be able to<NEWLINE>speak a little about the path<NEWLINE>of the sword.<PAGE_BREAK>If that would interest you,<NEWLINE>then please come here when<NEWLINE>you have the opportunity.<SPEAKER_BREAK>"
2562,"rotdd",0x001BD943,"Musashi: The path of the<NEWLINE>sword...<PAGE_BREAK>consists of a man's <NEWLINE>footsteps.<PAGE_BREAK>No matter how long the<NEWLINE>journey, if you take it step<NEWLINE>by step, you'll reach the end.<SPEAKER_BREAK>"
2563,"rotdd",0x001BD9D9,"Musashi: The path of the<NEWLINE>sword...<PAGE_BREAK>is paved with<NEWLINE>dreams.<PAGE_BREAK>Leaving behind one's conscious<NEWLINE>mind and entering the world of<NEWLINE>dreams. Therein lies truth.<SPEAKER_BREAK>"
2564,"rotdd",0x001BDA6C,"Musashi: The path of the<NEWLINE>sword...<PAGE_BREAK>is trod by the<NEWLINE>fearful.<PAGE_BREAK>Fearing the enemy and knowing<NEWLINE>one's own helplessness. From<NEWLINE>this one can be enriched.<SPEAKER_BREAK>"
2565,"rotdd",0x001BDAFC,"Musashi: The path of the<NEWLINE>sword...<PAGE_BREAK>is not without<NEWLINE>its pleasures.<PAGE_BREAK>Enjoyment that makes one<NEWLINE>carefree like a child. That is<NEWLINE>the true spirit of the sword.<SPEAKER_BREAK>"
2566,"rotdd",0x001BDB93,"Musashi: The path of the<NEWLINE>sword...<PAGE_BREAK>does not require<NEWLINE>fasting.<PAGE_BREAK>No skill is enough to enable a<NEWLINE>man to win a fight on an empty<NEWLINE>stomach. <02>...Isn't that so?<SPEAKER_BREAK>"
2567,"rotdd",0x001BDC2A,"Musashi: The path of the<NEWLINE>sword...<PAGE_BREAK>consists not of hate,<NEWLINE>but of love.<PAGE_BREAK>Loving people, nature, and<NEWLINE>even one's enemy. This is the<NEWLINE>ultimate path of the sword.<SPEAKER_BREAK>"
2568,"rotdd",0x001BDCC5,"Musashi: Forgive me.<NEWLINE>Let us talk about the path of<NEWLINE>the sword another time.<SPEAKER_BREAK>"
2569,"rotdd",0x001BDD11,"Musashi: I've told you all I<NEWLINE>can about the path of the<NEWLINE>sword.<PAGE_BREAK>But, it's probably too much<NEWLINE>to take in all at once...<05><NEWLINE>Shall I tell you again?<SPEAKER_BREAK>"
2570,"rotdd",0x001BDD9F,"Bleu: OK then, here's an old<NEWLINE>tale that my grandma told me<NEWLINE>ages ago.<PAGE_BREAK>Long ago, the gods<NEWLINE>created a dragon that would<NEWLINE>preserve peace on earth.<PAGE_BREAK>This dragon was the ancestor<NEWLINE>of our dragon god, right?<SPEAKER_BREAK>"
2571,"rotdd",0x001BDE63,"Bleu: Why was that first<NEWLINE>dragon god born...?<PAGE_BREAK>Well, he was born so that he<NEWLINE>could fight Dark Dragon.<PAGE_BREAK>Dark Dragon was really<NEWLINE>strong, and many soldiers<NEWLINE>died trying to fight him.<PAGE_BREAK><QUOTE>We need another dragon just<NEWLINE>as strong if we're to have any<NEWLINE>hope of defeating him...<QUOTE><PAGE_BREAK>That's what the gods thought.<SPEAKER_BREAK>"
2572,"rotdd",0x001BDF86,"Bleu: So, the gods created<NEWLINE>White Dragon to confront<NEWLINE>Dark Dragon.<PAGE_BREAK>Yep, and he's our ancestor.<05><NEWLINE>But...<PAGE_BREAK>White Dragon wasn't as<NEWLINE>strong as the gods thought.<PAGE_BREAK>This is because White<NEWLINE>Dragon had a heart.<PAGE_BREAK>The reason Dark Dragon is<NEWLINE>so strong is because he has<NEWLINE>no heart.<PAGE_BREAK>Or does that go without<NEWLINE>saying?<SPEAKER_BREAK>"
2573,"rotdd",0x001BE0A9,"Bleu: Dark Dragon has no<NEWLINE>heart, so he will destroy or<NEWLINE>kill anything without a care.<PAGE_BREAK>The gods tried to avoid this<NEWLINE>with White Dragon by<NEWLINE>giving him a heart.<PAGE_BREAK>But, having a heart made<NEWLINE>White Dragon a gentle thing.<PAGE_BREAK>And because he was gentle, he<NEWLINE>couldn't be really strong.<PAGE_BREAK>In spite of this, White Dragon<NEWLINE>fought a fierce battle with<NEWLINE>Dark Dragon.<SPEAKER_BREAK>"
2574,"rotdd",0x001BE1FB,"Bleu: White Dragon fought<NEWLINE>a terrible battle with<NEWLINE>Dark Dragon...<PAGE_BREAK>He did it because he had a<NEWLINE>heart.<PAGE_BREAK><QUOTE>If I do not fight, many lives<NEWLINE>will be lost...<QUOTE><PAGE_BREAK>White Dragon realized<NEWLINE>this. He felt it in his heart.<PAGE_BREAK>But, White Dragon wasn't as<NEWLINE>strong as Dark Dragon.<PAGE_BREAK>It looked like the powerful<NEWLINE>Dark Dragon would succeed in<NEWLINE>killing him.<SPEAKER_BREAK>"
2575,"rotdd",0x001BE33C,"Bleu:<NEWLINE>But, then there was a miracle.<PAGE_BREAK>The sight of the dying White<NEWLINE>Dragon, risking his life to<NEWLINE>defeat Dark Dragon...<PAGE_BREAK>This moved the gods, who had<NEWLINE>always been afraid to pick<NEWLINE>up their weapons and fight.<PAGE_BREAK>White Dragon and the gods<NEWLINE>fought together and finally<NEWLINE>sealed away Dark Dragon.<PAGE_BREAK>So, the fight ended well...<PAGE_BREAK>But, White Dragon had been<NEWLINE>so badly injured he would<NEWLINE>never be able to fight again.<SPEAKER_BREAK>"
2576,"rotdd",0x001BE4C3,"Bleu: The gods created<NEWLINE>the realm of Dragonia as a<NEWLINE>pasture for White Dragon.<PAGE_BREAK>He had no strength left to<NEWLINE>fight, but in Dragonia<NEWLINE>he bore many children.<PAGE_BREAK>They became<NEWLINE>the dragon gods.<PAGE_BREAK>The gods entrusted the<NEWLINE>protection of the world to <NEWLINE>these dragon gods.<SPEAKER_BREAK>"
2577,"rotdd",0x001BE5BC,"Bleu: So, you see, it is our<NEWLINE>destiny to fight Dark<NEWLINE>Dragon.<PAGE_BREAK>...Soon we'll be confronting<NEWLINE>Dark Dragon, right?<PAGE_BREAK>I'm a bit scared...<05><NEWLINE>But, I'll do my best.<SPEAKER_BREAK>"
2578,"rotdd",0x001BE654,"Bleu: Sorry!<NEWLINE>Let's talk later!<SPEAKER_BREAK>"
2579,"rotdd",0x001BE674,"Bleu: That's the end of my<NEWLINE>story...<PAGE_BREAK>But, if you want, I can tell<NEWLINE>you the whole thing again!<SPEAKER_BREAK>"
2580,"rotdd",0x001BE6D1,"Alef: If you wish, I could<NEWLINE>speak with you for a while.<PAGE_BREAK>I am one of the Vulpes race.<05><NEWLINE>We used to live in the woods<NEWLINE>to the west of Bustoke.<PAGE_BREAK>Very few of our kind are able<NEWLINE>to use magic.<PAGE_BREAK>My mother and father couldn't.<NEWLINE>But, for some reason I was<NEWLINE>born with magical powers.<PAGE_BREAK>I couldn't help feeling proud<NEWLINE>of that when I was a child.<PAGE_BREAK>My mother and father sent me<NEWLINE>to the Manarina Magic School<NEWLINE>so I could develop my talents.<PAGE_BREAK>I was just a child without a<NEWLINE>care, and I knocked happily<NEWLINE>on the door to Manarina.<SPEAKER_BREAK>"
2581,"rotdd",0x001BE8C1,"Alef: I'm really embarrassed<NEWLINE>about this...<PAGE_BREAK>I had no idea about the real<NEWLINE>world, and I thought I was<NEWLINE>a magical genius...<PAGE_BREAK>But, when I got to Manarina<NEWLINE>I was in for a surprise.<PAGE_BREAK>The Master possessed a far<NEWLINE>greater magical power than I.<NEWLINE>In fact...<PAGE_BREAK>All of the mages had magical<NEWLINE>knowledge that easily<NEWLINE>surpassed my own.<PAGE_BREAK>...Many of them were a<NEWLINE>little odd, mind you...<SPEAKER_BREAK>"
2582,"rotdd",0x001BEA26,"Alef: The most skilled child<NEWLINE>magician in the world...<PAGE_BREAK>That's honestly how I thought<NEWLINE>of myself, so I was shocked<NEWLINE>when I got to Manarina.<PAGE_BREAK>Seeing mages so much<NEWLINE>cleverer than me, I was<NEWLINE>discouraged.<PAGE_BREAK><QUOTE>No matter how hard I study,<NEWLINE>I'll never be as good as them.<QUOTE><PAGE_BREAK>I was just a child, and that's<NEWLINE>the way I saw things.<SPEAKER_BREAK>"
2583,"rotdd",0x001BEB5B,"Alef: I suppose you could say<NEWLINE>I rebelled somewhat. I didn't<NEWLINE>study any magic at all.<PAGE_BREAK>The great people of Manarina.<05><NEWLINE>...To me they were all just<NEWLINE>fruitcakes. They bored me.<PAGE_BREAK>I was so misguided. But,<NEWLINE>Otrant took the time to<NEWLINE>talk to me about things.<PAGE_BREAK>He patiently explained<NEWLINE>to me the essence<NEWLINE>of a mage.<PAGE_BREAK><QUOTE>The power of a mage is a<NEWLINE>strange power that is<NEWLINE>concealed in nature...<PAGE_BREAK>The sky, the earth, the sea...<NEWLINE>A power that exists for the<NEWLINE>people that live there.<PAGE_BREAK>People with magical talents<NEWLINE>must harness this power for<NEWLINE>the benefit of others.<PAGE_BREAK>If you want to become a mage,<NEWLINE>you must start by loving<NEWLINE>people and nature...<QUOTE><SPEAKER_BREAK>"
2584,"rotdd",0x001BEDBA,"Alef: Otrant's words were<NEWLINE>just what I needed.<PAGE_BREAK>I turned over a new leaf and<NEWLINE>started learning about magic<NEWLINE>right from the basics again.<PAGE_BREAK>Time passed quickly.<PAGE_BREAK>When I had been studying<NEWLINE>in Manarina for ten years,<NEWLINE>Otrant asked me,<PAGE_BREAK><QUOTE>How do you feel about<NEWLINE>going to study in Prompt?<QUOTE><PAGE_BREAK>And so, I set off for Prompt<NEWLINE>so that I could begin studying<NEWLINE>even more advanced magic.<SPEAKER_BREAK>"
2585,"rotdd",0x001BEF22,"Alef: When I was studying<NEWLINE>books of ancient magic in<NEWLINE>Prompt, I met Torasu.<PAGE_BREAK>And he told me all about the<NEWLINE>era of the gods and how<NEWLINE>Dark Dragon may reawaken.<PAGE_BREAK>And that's when I realized. My<NEWLINE>magical powers had been given<NEWLINE>to me for this reason.<PAGE_BREAK>And so, I decided to stay<NEWLINE>in Prompt and continue<NEWLINE>with my magic training.<PAGE_BREAK>And now I know that I did<NEWLINE>the right thing.<PAGE_BREAK>A fight with Dark Dragon...<NEWLINE>I don't know how much<NEWLINE>use I will be to you,<PAGE_BREAK>but I will put my faith in the<NEWLINE>powers I've been given and<NEWLINE>fight to the bitter end.<PAGE_BREAK>......Let's fight this one<NEWLINE>together.<SPEAKER_BREAK>"
2586,"rotdd",0x001BF144,"Alef: Oh, I'm sorry! We'll<NEWLINE>have to continue with our<NEWLINE>conversation later.<SPEAKER_BREAK>"
2587,"rotdd",0x001BF18E,"Alef: There's nothing else I<NEWLINE>can tell you...<PAGE_BREAK>But if you wish, I could<NEWLINE>repeat what I said before.<SPEAKER_BREAK>"
2588,"rotdd",0x001BF1F0,"Adam: Master, I have travelled<NEWLINE>through the ages with Lord<NEWLINE>Kane and yourself.<PAGE_BREAK>It appears that you have not<NEWLINE>yet completely recovered your<NEWLINE>memory.<PAGE_BREAK>............<PAGE_BREAK>There is a lot I want to say<NEWLINE>to you about that period in<NEWLINE>time, but...<PAGE_BREAK>1000 years, plus the fight<NEWLINE>with Darksol, have had an<NEWLINE>effect on my memory too.<PAGE_BREAK>............<PAGE_BREAK>Most of the data from then<NEWLINE>has been lost...<PAGE_BREAK>............<SPEAKER_BREAK>"
2589,"rotdd",0x001BF368,"Adam: Having said that, there<NEWLINE>is still some information in<NEWLINE>my memory.<PAGE_BREAK>Let me tell you the data<NEWLINE>I still have, Master.<PAGE_BREAK>That's right!<05><NEWLINE>I can tell you about your<NEWLINE>mother and father.<PAGE_BREAK>............<PAGE_BREAK>...Pardon me.<PAGE_BREAK>...Ordinarily, I would have<NEWLINE>3-D images and voice<NEWLINE>recordings saved...<PAGE_BREAK>But, most of that has been<NEWLINE>lost, I'm afraid...<SPEAKER_BREAK>"
2590,"rotdd",0x001BF4A9,"Adam: I don't have any<NEWLINE>pictures or voice recordings,<NEWLINE>but...<PAGE_BREAK>I do still have a small amount<NEWLINE>of information concerning<NEWLINE>your parents, Master.<PAGE_BREAK>Your mother and father were<NEWLINE>both famous biological<NEWLINE>engineers of their time.<PAGE_BREAK>They held influential<NEWLINE>positions in the planning of<NEWLINE>Dark Dragon's creation.<PAGE_BREAK>Your parents felt they were<NEWLINE>to blame for their involvement<NEWLINE>in this.<PAGE_BREAK>Having Dark Dragon sealed<NEWLINE>away was what they wanted<NEWLINE>more than anything<SPEAKER_BREAK>"
2591,"rotdd",0x001BF657,"Adam: Your father was a lot<NEWLINE>like your elder brother, Lord<NEWLINE>Kane.<PAGE_BREAK>He was a scientist, but he was<NEWLINE>there giving commands when the<NEWLINE>Dragon was sealed away too.<PAGE_BREAK>His good judgement ensured<NEWLINE>that Dark Dragon was<NEWLINE>sealed away, but...<PAGE_BREAK>at the same time, your father<NEWLINE>lost his life...<PAGE_BREAK>The young Kane and you, still<NEWLINE>a baby, were left behind.<NEWLINE>It must have been very hard.<SPEAKER_BREAK>"
2592,"rotdd",0x001BF7BA,"Adam: Your mother...<05><NEWLINE>My memory is damaged,<NEWLINE>so I can't recall entirely...<PAGE_BREAK>But, in some ways...<NEWLINE>she was a bit like<NEWLINE>Narsha or Anri.<PAGE_BREAK>Princesses of the Guardiana<NEWLINE>and Runefaust royal<NEWLINE>families...<PAGE_BREAK>The blood of the Ancients<NEWLINE>lives on, I'm sure.<SPEAKER_BREAK>"
2593,"rotdd",0x001BF8A7,"Adam: Master, I'm sorry. Let's<NEWLINE>continue our talk later.<SPEAKER_BREAK>"
2594,"rotdd",0x001BF8E0,"Adam: As I feared, my memory<NEWLINE>is not as complete as it<NEWLINE>should be.<PAGE_BREAK>I do not have any more<NEWLINE>information I can give you.<PAGE_BREAK>I can only repeat what<NEWLINE>I have already told you.<NEWLINE>Shall I do so?<SPEAKER_BREAK>"
2595,"rotdd",0x001BF994,"Mae: ...What's wrong?<PAGE_BREAK>Do I look weird or<NEWLINE>something?<PAGE_BREAK>...I don't, do I?<PAGE_BREAK>I hope not...<SPEAKER_BREAK>"
2596,"rotdd",0x001BF9E9,"Mae: ............<PAGE_BREAK>...Ah, <PLAYER_NAME>!<PAGE_BREAK>I didn't notice you, sorry.<NEWLINE>I was thinking about<NEWLINE>something.<PAGE_BREAK>It's OK.<NEWLINE>Nothing to worry about.<SPEAKER_BREAK>"
2597,"rotdd",0x001BFA63,"Mae: ............<PAGE_BREAK>To be honest, I'm feeling a<NEWLINE>bit down.<PAGE_BREAK>My country, Guardiana...<NEWLINE>Leaving has made me a little<NEWLINE>on edge.<PAGE_BREAK>I know what you're thinking!<05><NEWLINE>But, it doesn't mean I'm<NEWLINE>becoming faint-hearted...<PAGE_BREAK>It may come as a surprise to<NEWLINE>you, but I've been abroad<NEWLINE>before for training...<PAGE_BREAK>I was with my father back<NEWLINE>then, of course...<SPEAKER_BREAK>"
2598,"rotdd",0x001BFBA7,"Mae: What? I'm fine, I tell<NEWLINE>you! I've forgotten all about<NEWLINE>Guardiana now.<PAGE_BREAK>Well, no, not exactly.<PAGE_BREAK>How could I possibly forget<NEWLINE>about Guardiana?!<PAGE_BREAK>In fact, I'm always thinking<NEWLINE>about it....<PAGE_BREAK>But right now, Runefaust<NEWLINE>and the Legacy of the Gods<NEWLINE>are more important.<PAGE_BREAK>So, I'll carry out my mission<NEWLINE>and then return to Guardiana.<PAGE_BREAK>Until then, I won't waste time<NEWLINE>thinking about it anymore.<PAGE_BREAK>That's all I wanted to say,<NEWLINE>really.<SPEAKER_BREAK>"
2599,"rotdd",0x001BFD42,"Mae: Travelling all the time...<05><NEWLINE>It's tough, but maybe not<NEWLINE>so bad.<PAGE_BREAK>It's a pity that we're doing<NEWLINE>it because of a war and not<NEWLINE>just for fun...<PAGE_BREAK>Ah!<NEWLINE>Forget I said that!<PAGE_BREAK>I'm a knight! I shouldn't be<NEWLINE>saying things like that.<SPEAKER_BREAK>"
2600,"rotdd",0x001BFE1D,"Mae: When I talk to you,<NEWLINE>I feel a bit odd...<PAGE_BREAK>I think I better avoid<NEWLINE>talking to you from<NEWLINE>now on...<PAGE_BREAK>Sorry! Just joking!<NEWLINE>Don't take it seriously...<SPEAKER_BREAK>"
2601,"rotdd",0x001BFEAF,"Mae: <PLAYER_NAME>,<NEWLINE>I've never told anyone<NEWLINE>this before, but...<PAGE_BREAK>I'm sure I can trust you.<05><NEWLINE>Do you want to hear<NEWLINE>about my mother?<PAGE_BREAK>She died when I was a child.<PAGE_BREAK>Her name was Arisa.<05><NEWLINE>She was Guardiana's first<NEWLINE>female knight...<SPEAKER_BREAK>"
2602,"rotdd",0x001BFF80,"Mae: My mother wasn't<NEWLINE>always a knight for Guardiana.<PAGE_BREAK>She came to Guardiana<NEWLINE>from a country in the west.<PAGE_BREAK>When she arrived, <NEWLINE>she was badly injured<NEWLINE>and close to death...<PAGE_BREAK>My father, Varios, helped her...<SPEAKER_BREAK>"
2603,"rotdd",0x001C0048,"Mae: My mother was saved<NEWLINE>by my father, but she<NEWLINE>remained totally silent...<PAGE_BREAK>Days and days went by. Her<NEWLINE>wounds healed, but she still<NEWLINE>wouldn't speak...<PAGE_BREAK>Then one morning,<NEWLINE>she snuck out of the castle<NEWLINE>and ran away.<PAGE_BREAK>But...<PAGE_BREAK>My father followed her.<PAGE_BREAK>When I asked him why,<NEWLINE>he turned bright red!<PAGE_BREAK>Ha ha ha! Funny, huh?<PAGE_BREAK>It seems he'd fallen in love<NEWLINE>with her!<SPEAKER_BREAK>"
2604,"rotdd",0x001C01A1,"Mae: My mother had gone into<NEWLINE>the forest near Guardiana.<PAGE_BREAK>It was dark in the forest, and<NEWLINE>my father lost sight of her...<PAGE_BREAK>After searching and <NEWLINE>searching, he finally<NEWLINE>found her...<PAGE_BREAK>It was the sound of her<NEWLINE>voice that led him to her.<PAGE_BREAK>In the middle of the forest,<NEWLINE>my mother was crying... Beside<NEWLINE>her was the body of a Centaur.<PAGE_BREAK>My father wondered if it was<NEWLINE>her lover. But, that was far<NEWLINE>from the truth...<SPEAKER_BREAK>"
2605,"rotdd",0x001C032A,"Mae: When my mother noticed<NEWLINE>my father there, she finally<NEWLINE>spoke...<PAGE_BREAK>The dead Centaur had killed my<NEWLINE>mother's family. <NEWLINE>He was a vicious thief.<PAGE_BREAK>My mother had been chasing<NEWLINE>him for a long time to avenge<NEWLINE>her family's deaths.<PAGE_BREAK>When she turned up in<NEWLINE>Guardiana injured, it had been<NEWLINE>after a fierce fight with him.<SPEAKER_BREAK>"
2606,"rotdd",0x001C0458,"Mae: While she was recovering<NEWLINE>in Guardiana, my mother had<NEWLINE>thought only of the Centaur.<PAGE_BREAK>He had been injured badly too,<NEWLINE>so she knew he couldn't be far<NEWLINE>away.<PAGE_BREAK>She snuck out of the castle<NEWLINE>to go off in search of him...<PAGE_BREAK>But when she found him, he had<NEWLINE>already died of his injuries.<PAGE_BREAK>My mother was crying because<NEWLINE>she hadn't been able to exact<NEWLINE>a proper revenge...<SPEAKER_BREAK>"
2607,"rotdd",0x001C05BA,"Mae: And then...!<PAGE_BREAK>Rumor has it that an amazing<NEWLINE>love affair blossomed between<NEWLINE>the two of them...<PAGE_BREAK>Although, if I ask him about<NEWLINE>it, he won't tell me a thing!<PAGE_BREAK>They married, and my mother<NEWLINE>joined the knights.<PAGE_BREAK>As Guardiana's first female<NEWLINE>knight, she was really active.<PAGE_BREAK>But...<PAGE_BREAK>Soon after I was born, she got<NEWLINE>sick and died...<SPEAKER_BREAK>"
2608,"rotdd",0x001C06F8,"Mae: So, I have a goal.<NEWLINE>I respect both my mother<NEWLINE>and my father, but...<PAGE_BREAK>I want to become an even<NEWLINE>better knight than my mother<NEWLINE>so that I can help my father.<PAGE_BREAK>Well, that's what I thought<NEWLINE>when I was a child. But now,<NEWLINE>that will never happen...<PAGE_BREAK>My father's not around<NEWLINE>anymore...<PAGE_BREAK>But, this is what I think.<05><NEWLINE>I'll become a great knight, as<NEWLINE>good as them both together.<PAGE_BREAK>And in Rune, I will make<NEWLINE>Guardiana's Band of Knights<NEWLINE>the best there is.<PAGE_BREAK>An elite band that will fight<NEWLINE>for justice and friendship!<PAGE_BREAK>...That is my dream.<SPEAKER_BREAK>"
2609,"rotdd",0x001C08F7,"Mae: It's not long now<NEWLINE>until we fight Dark Dragon.<PAGE_BREAK>...I'll do my very best.<PAGE_BREAK>My mother and father are<NEWLINE>watching over me in heaven.<PAGE_BREAK>I'll make them proud and put<NEWLINE>up a good fight.<SPEAKER_BREAK>"
2610,"rotdd",0x001C09A7,"Mae: Sorry, <PLAYER_NAME>.<NEWLINE>If you want to hear more,<NEWLINE>you'll have to wait a bit.<SPEAKER_BREAK>"
2611,"rotdd",0x001C09EC,"Mae: Sorry, <PLAYER_NAME>.<NEWLINE>I have nothing else to say.<PAGE_BREAK>But if you don't mind hearing<NEWLINE>the same thing again...<SPEAKER_BREAK>"
2612,"rotdd",0x001C0A4E,"Gort: Hello, <PLAYER_NAME>.<NEWLINE>Now seems like a good time<NEWLINE>to tell you my heroic tale.<PAGE_BREAK>It happened back when I led<NEWLINE>the Band of Warriors.<05><NEWLINE>A long time ago,<PAGE_BREAK>there was an enormous monster<NEWLINE>that struck fear into the<NEWLINE>hearts of all in Rune.<PAGE_BREAK>It was a Terra Whale,<NEWLINE>a frightening whale-like beast<NEWLINE>that lived on land.<SPEAKER_BREAK>"
2613,"rotdd",0x001C0B72,"Gort: The Terra Whale...<05><NEWLINE>In fact, it wasn't a land<NEWLINE>whale at all...<PAGE_BREAK>It was a big earthworm...<05><NEWLINE>You know what I mean,<NEWLINE>right? <02>One of them.<PAGE_BREAK>Its body was like a long piece<NEWLINE>of string. Exactly like a<NEWLINE>normal worm, but much bigger.<PAGE_BREAK>Much, much bigger...<05><NEWLINE>Its size was incredible!<PAGE_BREAK>Bigger than a town. So long<NEWLINE>that its tail disappeared over<NEWLINE>the horizon!<SPEAKER_BREAK>"
2614,"rotdd",0x001C0CCB,"Gort: The Terra Whale appeared<NEWLINE>out of the blue one day in the<NEWLINE>land we now call Uranbatol.<PAGE_BREAK>It had been sleeping for many<NEWLINE>years underground, but<NEWLINE>something had woken it up.<PAGE_BREAK>The Terra Whale started to<NEWLINE>move east from there.<PAGE_BREAK>Its mouth was bigger than a<NEWLINE>lake, and it gobbled up any<NEWLINE>plants or animals in its path.<SPEAKER_BREAK>"
2615,"rotdd",0x001C0DFE,"Gort: Make no mistake, the<NEWLINE>Terra Whale was enormous.<PAGE_BREAK>It gobbled up half of the<NEWLINE>plants on the Pao Plains.<PAGE_BREAK>And it managed to cross that<NEWLINE>enormous distance in just<NEWLINE>five days.<PAGE_BREAK>It was then that we began<NEWLINE>to hear about the beast<NEWLINE>in Guardiana...<SPEAKER_BREAK>"
2616,"rotdd",0x001C0EEC,"Gort: It was obvious what<NEWLINE>would happen if we just sat<NEWLINE>there and did nothing.<PAGE_BREAK>The Terra Whale would come<NEWLINE>through Bustoke and Manarina,<NEWLINE>and end up in Guardiana.<PAGE_BREAK>We held a war council...<NEWLINE>Nova, Lord Varios of the Band<NEWLINE>of Knights, and yours truly.<PAGE_BREAK>We decided that we had to<NEWLINE>do something to intercept<NEWLINE>that thing.<PAGE_BREAK>Leaving the battle plans to<NEWLINE>Nova, I headed for Bustoke<NEWLINE>with the Band of Warriors.<PAGE_BREAK>It's hard for knights to<NEWLINE>fight in the mountains,<NEWLINE>you see.<SPEAKER_BREAK>"
2617,"rotdd",0x001C10AC,"Gort: When we headed for<NEWLINE>Bustoke, we finally saw the<NEWLINE>Terra Whale with our own eyes.<PAGE_BREAK>It was unbelievable...<PAGE_BREAK>It didn't look like a living<NEWLINE>thing at all...<PAGE_BREAK>It was as if a mountain... <02>no,<NEWLINE>a huge river, had come to life<NEWLINE>and started moving.<PAGE_BREAK>I honestly thought that<NEWLINE>there was no way we<NEWLINE>could defeat that thing...<SPEAKER_BREAK>"
2618,"rotdd",0x001C11DF,"Gort: But...<05><NEWLINE>Nova came to the rescue with<NEWLINE>an excellent plan.<PAGE_BREAK>He called it the Hole in One<NEWLINE>Plan.<PAGE_BREAK>It came from underground, so<NEWLINE>we would try to send it back.<NEWLINE>That was the idea.<PAGE_BREAK>As you know, we dwarves are<NEWLINE>excellent at digging holes,<PAGE_BREAK>and the people of Bustoke<NEWLINE>gave us a hand too.<PAGE_BREAK>We dug a gigantic hole north<NEWLINE>of Bustoke, big enough<NEWLINE>to trap the Terra Whale.<PAGE_BREAK>Then, all we could do was<NEWLINE>wait...<SPEAKER_BREAK>"
2619,"rotdd",0x001C1364,"Gort: We saw the enormous<NEWLINE>Terra Whale appear over<NEWLINE>the mountains.<PAGE_BREAK>As Nova had predicted, it was<NEWLINE>heading straight for the hole<NEWLINE>we'd dug.<PAGE_BREAK>At the end of the day, he was<NEWLINE>just a big, stupid worm.<NEWLINE>We watched and laughed...<PAGE_BREAK>But when the Terra Whale<NEWLINE>reached the hole, he just<NEWLINE>slithered straight over.<PAGE_BREAK>We panicked and ran away.<SPEAKER_BREAK>"
2620,"rotdd",0x001C14A3,"Gort: There was a reason why<NEWLINE>the Terra Whale didn't fall<NEWLINE>into the hole.<PAGE_BREAK>It'd been eating all those<NEWLINE>plants and any Paopigs too<NEWLINE>slow to get out of its way...<PAGE_BREAK>And the Terra Whale had<NEWLINE>gotten fat...<PAGE_BREAK>That's how it was able to<NEWLINE>avoid our trap...<SPEAKER_BREAK>"
2621,"rotdd",0x001C1592,"Gort: The Hole in One Plan<NEWLINE>didn't work, but Nova had<NEWLINE>another idea...<PAGE_BREAK>...the Whirlwind Worm<NEWLINE>Whirler Plan.<PAGE_BREAK>Every spring in Bustoke,<NEWLINE>we always get a whirlwind.<PAGE_BREAK>The plan was to predict where<NEWLINE>it would occur and try to get<NEWLINE>the Terra Whale whisked away.<PAGE_BREAK>Nova studied the sky and made<NEWLINE>a prediction of where the<NEWLINE>whirlwind would hit.<PAGE_BREAK>But, then we realized there<NEWLINE>was a hitch.<SPEAKER_BREAK>"
2622,"rotdd",0x001C1700,"Gort: This whirlwind worm<NEWLINE>whirling business was all well<NEWLINE>and good, but...<PAGE_BREAK>how would we attract it to the<NEWLINE>right place? Nova solved this<NEWLINE>one, too, with the Pal Plan.<PAGE_BREAK>It wasn't as big as the Terra<NEWLINE>Whale, but we made an<NEWLINE>enormous, long, thin balloon.<PAGE_BREAK>We dragged this balloon to<NEWLINE>where the whirlwind would hit,<NEWLINE>hoping to lure the monster.<SPEAKER_BREAK>"
2623,"rotdd",0x001C184D,"Gort: The Pal Plan was a<NEWLINE>huge success!<PAGE_BREAK>The Terra Whale followed<NEWLINE>our balloon, and then...<PAGE_BREAK>just as Nova had predicted,<NEWLINE>we saw a huge whirlwind<NEWLINE>coming over the horizon.<PAGE_BREAK>The Terra Whale was sucked up<NEWLINE>into the whirlwind!<PAGE_BREAK>We all rejoiced!<NEWLINE>But...<PAGE_BREAK>Then we couldn't believe<NEWLINE>our eyes...<SPEAKER_BREAK>"
2624,"rotdd",0x001C1963,"Gort: The Terra Whale opened<NEWLINE>its huge mouth and swallowed<NEWLINE>the whirlwind!<PAGE_BREAK>And right before our eyes, its<NEWLINE>body doubled in size!<PAGE_BREAK>Well, it was a monster. Plants<NEWLINE>and animals were just snacks.<NEWLINE>A whirlwind was a proper meal!<PAGE_BREAK>The Terra Whale was now bigger<NEWLINE>than a mountain. It continued<NEWLINE>on its journey south.<PAGE_BREAK>If we didn't stop it, Bustoke<NEWLINE>would be totally destroyed.<NEWLINE>But, we were powerless...<SPEAKER_BREAK>"
2625,"rotdd",0x001C1AE5,"Gort: We all thought that<NEWLINE>it was hopeless...<PAGE_BREAK>But, then the Terra Whale<NEWLINE>suddenly stopped moving.<PAGE_BREAK>We couldn't understand what<NEWLINE>was going on at first...<PAGE_BREAK>But then, we realized that the<NEWLINE>Terra Whale's back had split<NEWLINE>into two!<PAGE_BREAK>And guess what came out...<SPEAKER_BREAK>"
2626,"rotdd",0x001C1BDC,"Gort: The Terra Whale's back<NEWLINE>split open, and out came...<PAGE_BREAK>a beautiful blue butterfly!<PAGE_BREAK>So, the Terra Whale was<NEWLINE>a caterpillar!<PAGE_BREAK>And the butterfly...<05><NEWLINE>I say butterfly, but it<NEWLINE>was a mammoth creature.<PAGE_BREAK>When it opened its wings,<NEWLINE>the entire eastern part of<NEWLINE>the continent was in shadow.<PAGE_BREAK>That's how big it was.<PAGE_BREAK>If that butterfly went on the<NEWLINE>rampage, all of Rune would be<NEWLINE>reduced to nothing in no time.<PAGE_BREAK>We were all doomed...<05><NEWLINE>I was preparing myself, when<NEWLINE>the butterfly flew upwards...<PAGE_BREAK>It went up and up and up,<NEWLINE>flying higher and higher...<PAGE_BREAK>Until in the end, it<NEWLINE>disappeared from view.<PAGE_BREAK>It must have flown up to<NEWLINE>the sea of stars.<PAGE_BREAK>Nova says that the butterfly<NEWLINE>came from there, and was<NEWLINE>going home...<02>Who knows?<PAGE_BREAK>I don't know if it's true or<NEWLINE>not, but...<PAGE_BREAK>sometimes in the night sky...<05><NEWLINE>I think I see a huge butterfly<NEWLINE>flying between the stars...<SPEAKER_BREAK>"
2627,"rotdd",0x001C1F14,"Gort: Sorry, <PLAYER_NAME>.<NEWLINE>Let's continue our<NEWLINE>conversation some other time.<SPEAKER_BREAK>"
2628,"rotdd",0x001C1F56,"Gort: Hmm....<NEWLINE>That's the end of my story...<05><NEWLINE>......<PAGE_BREAK>But, I love talking about the<NEWLINE>past. It really cheers me up.<05><NEWLINE>Is it OK if I tell it again?<SPEAKER_BREAK>"
2629,"rotdd",0x001C1FE5,"Balbaroy: There is a story<NEWLINE>passed down among the<NEWLINE>Birdmen about a hero.<PAGE_BREAK>The hero's name is Vern.<NEWLINE>He is also known as<NEWLINE>the Soaring One.<PAGE_BREAK>Now is a good time to<NEWLINE>tell you about him.<PAGE_BREAK>We are Birdmen of course,<NEWLINE>but we live on the ground.<PAGE_BREAK>We only fly when we are<NEWLINE>hunting or travelling.<PAGE_BREAK>In other words,<NEWLINE>flying is nothing more than<NEWLINE>a skill we use.<PAGE_BREAK>But, Vern was different.<SPEAKER_BREAK>"
2630,"rotdd",0x001C214E,"Balbaroy: Vern lived<NEWLINE>hundreds of years ago.<PAGE_BREAK>From the moment he was born,<NEWLINE>he had unusually large wings.<PAGE_BREAK>It's said that from the moment<NEWLINE>he hatched from his egg, he<NEWLINE>could fly freely.<PAGE_BREAK>When he was a young boy,<NEWLINE>Vern only thought about<NEWLINE>one thing, <02>flying.<PAGE_BREAK>Higher! Faster!<05><NEWLINE>He thought of nothing else.<SPEAKER_BREAK>"
2631,"rotdd",0x001C2275,"Balbaroy: Vern built up<NEWLINE>strength in his wings, hoping<NEWLINE>to fly higher than anyone.<PAGE_BREAK>But, that was a difficult<NEWLINE>challenge.<PAGE_BREAK>High in the sky the air is<NEWLINE>thin. There is a limit to how<NEWLINE>far wings can take you.<PAGE_BREAK>Vern had many setbacks. He<NEWLINE>fell out of the sky, nearly<NEWLINE>losing his life many times.<SPEAKER_BREAK>"
2632,"rotdd",0x001C2390,"Balbaroy:<NEWLINE>Still...<PAGE_BREAK>Eventually, he managed to<NEWLINE>reach a place higher in the<NEWLINE>sky than anyone had ever been.<PAGE_BREAK>It was a strange world that no<NEWLINE>one else knew anything about.<PAGE_BREAK>Where the sky changes from<NEWLINE>blue to black, Vern saw more<NEWLINE>and more bizarre things...<SPEAKER_BREAK>"
2633,"rotdd",0x001C2489,"Balbaroy: The first thing Vern<NEWLINE>saw were soft, transparent<NEWLINE>things like bubbles.<PAGE_BREAK>He thought that it was<NEWLINE>a gathering of spirits...<NEWLINE>those who'd passed away.<PAGE_BREAK>Led by the spirits, Vern went<NEWLINE>even higher.<PAGE_BREAK>As it was getting harder to<NEWLINE>beat his wings, and difficult<NEWLINE>to breathe in the thin air,<PAGE_BREAK>something huge appeared<NEWLINE>in front of Vern.<SPEAKER_BREAK>"
2634,"rotdd",0x001C25CE,"Balbaroy: An enormous castle<NEWLINE>had appeared in front of Vern.<PAGE_BREAK>A castle the size of which he<NEWLINE>had never seen anywhere on<NEWLINE>Earth was floating in the sky.<PAGE_BREAK>The group of bubbles went<NEWLINE>inside the castle, but Vern<NEWLINE>hesitated.<PAGE_BREAK>The place where spirits go<NEWLINE>is heaven...<05><NEWLINE>Or could it be hell...<PAGE_BREAK>Either way, it was a place for<NEWLINE>the departed. That was how<NEWLINE>Vern was thinking.<SPEAKER_BREAK>"
2635,"rotdd",0x001C2731,"Balbaroy: But, Vern was<NEWLINE>exhausted, and he could<NEWLINE>beat his wings no more.<PAGE_BREAK>There was nothing he could do<NEWLINE>but just fall back to Earth...<PAGE_BREAK>So, Vern made up his mind to<NEWLINE>venture inside the castle in<NEWLINE>the sky, for better or worse.<PAGE_BREAK>The castle was surreal.<NEWLINE>Without beating his wings,<NEWLINE>Vern floated in space.<PAGE_BREAK>The rooms looked the same on<NEWLINE>all sides. He had never seen<NEWLINE>such a strange place.<SPEAKER_BREAK>"
2636,"rotdd",0x001C28A9,"Balbaroy: Vern decided to<NEWLINE>explore the huge floating<NEWLINE>castle.<PAGE_BREAK>It was so unfeasibly big<NEWLINE>that looking in all the rooms<NEWLINE>took days.<PAGE_BREAK>Eventually, Vern entered<NEWLINE>a room deep in the heart<NEWLINE>of the castle.<PAGE_BREAK>It's said that a solitary old<NEWLINE>man was there...<SPEAKER_BREAK>"
2637,"rotdd",0x001C2998,"Balbaroy: According to the old<NEWLINE>man, the castle was a vessel<NEWLINE>for crossing the sea of stars.<PAGE_BREAK>He said the spirits of our<NEWLINE>world were of great worth<NEWLINE>on his faraway planet.<PAGE_BREAK>It was his job to collect<NEWLINE>the spirits and take them back<NEWLINE>to that faraway world.<PAGE_BREAK>And then, the old man asked<NEWLINE>Vern...<PAGE_BREAK><QUOTE>Wouldn't you like to go and<NEWLINE>see such a distant star?<QUOTE><SPEAKER_BREAK>"
2638,"rotdd",0x001C2AEB,"Balbaroy: After much thought,<NEWLINE>Vern decided to accept<NEWLINE>the old man's offer.<PAGE_BREAK>After all, it was Vern's wish<NEWLINE>to go higher and further than<NEWLINE>anyone else.<PAGE_BREAK>So, he set off with the old<NEWLINE>man for the world of<NEWLINE>the distant star.<SPEAKER_BREAK>"
2639,"rotdd",0x001C2BC2,"Balbaroy: What happened to<NEWLINE>Vern in that faraway world...?<PAGE_BREAK>Nobody really knows.<PAGE_BREAK>We do know one thing.<PAGE_BREAK>Vern did return to this world.<PAGE_BREAK>But, he didn't show himself<NEWLINE>to us Birdmen.<PAGE_BREAK>So, where did Vern go?<05><NEWLINE>Well...<SPEAKER_BREAK>"
2640,"rotdd",0x001C2C92,"Balbaroy: They say that when<NEWLINE>Vern came back to this<NEWLINE>world...<PAGE_BREAK>Well, this is probably just<NEWLINE>a myth, but...<PAGE_BREAK>They say Vern got some steel<NEWLINE>wings from that faraway world.<PAGE_BREAK>And if you have those wings,<NEWLINE>you never get tired, and you<NEWLINE>can fly forever.<PAGE_BREAK>They say Vern became<NEWLINE>immortal,<PAGE_BREAK>and he flies with his steel<NEWLINE>wings alone in the sky where<NEWLINE>no one else can go.<PAGE_BREAK>Even now. For all eternity...<SPEAKER_BREAK>"
2641,"rotdd",0x001C2E0C,"Balbaroy: What? Steel wings?<NEWLINE>Yes, I know...<PAGE_BREAK>If there really was such a<NEWLINE>thing, I'd be lying if I said<NEWLINE>I didn't want some...<PAGE_BREAK>But... <02>I like things the way<NEWLINE>they are. I like the sky,<NEWLINE>but I like the earth too.<PAGE_BREAK>I know the earth's always<NEWLINE>there when I get tired and<NEWLINE>want to rest my wings.<SPEAKER_BREAK>"
2642,"rotdd",0x001C2F26,"Balbaroy: Sorry. If you want<NEWLINE>to hear more of the story,<NEWLINE>ask me again later.<SPEAKER_BREAK>"
2643,"rotdd",0x001C2F73,"Balbaroy: That's the end of<NEWLINE>the Birdman legend.<05><NEWLINE>...Still...<PAGE_BREAK>Legends are meant to be told<NEWLINE>time and again.<05><NEWLINE>...Don't you think so?<SPEAKER_BREAK>"
2644,"rotdd",0x001C2FF6,"Amon: ............<PAGE_BREAK>I'm sure my husband has<NEWLINE>told you about Vern and <NEWLINE>the Birdman legend, right?<PAGE_BREAK>In that case, I could...<05><NEWLINE>Of course!<PAGE_BREAK>Let me teach you some old<NEWLINE>Birdman spells. They work<NEWLINE>really well.<PAGE_BREAK>First of all,<NEWLINE>the Battle Victory Spell.<PAGE_BREAK>It's quite simple.<NEWLINE>Always make sure you're<NEWLINE>wearing pink clothes.<PAGE_BREAK>Those clothes you're wearing,<NEWLINE>they're...<PAGE_BREAK>............<PAGE_BREAK>all you've got, right?<SPEAKER_BREAK>"
2645,"rotdd",0x001C3172,"Amon: Another old<NEWLINE>Birdman spell...<PAGE_BREAK>The Don't Buy Things You<NEWLINE>Don't Need Spell.<PAGE_BREAK>Here's what you say...<NEWLINE><QUOTE>Abracadabra!<NEWLINE>Withhold the gold!<QUOTE><PAGE_BREAK>Chant this at night before<NEWLINE>you go to sleep.<SPEAKER_BREAK>"
2646,"rotdd",0x001C3226,"Amon:<NEWLINE>Another old Birdman spell...<PAGE_BREAK>The Love Comes True Spell.<PAGE_BREAK>Ah! Was that a twinkle in your<NEWLINE>eye? Well, I suppose you're<NEWLINE>at that age, aren't you...?!<PAGE_BREAK>So, here's the spell...<05><NEWLINE>On 1"
2647,"rotdd",0x001C32DA," pieces of paper, write<NEWLINE>the names of people you like.<PAGE_BREAK>Every night, take one piece of<NEWLINE>paper and feed it to a Paopig<NEWLINE>at exactly midnight.<PAGE_BREAK>When you've finished with<NEWLINE>all 1"
2648,"rotdd",0x001C3382," pieces of paper,<NEWLINE>the spell is complete.<PAGE_BREAK>You must feed them to a<NEWLINE>different Paopig each night,<NEWLINE>OK?<PAGE_BREAK>If you feed them to the same<NEWLINE>one, the spell won't work.<SPEAKER_BREAK>"
2649,"rotdd",0x001C341D,"Amon: Here's another ancient<NEWLINE>Birdman spell...<PAGE_BREAK>The Don't Catch a Cold Spell.<PAGE_BREAK>When you get out of the<NEWLINE>bath, dry yourself well with<NEWLINE>a nice clean towel.<PAGE_BREAK>And try not to stay up late.<NEWLINE>Get to bed early.<PAGE_BREAK>Oh...<05><NEWLINE>No, I suppose that's not<NEWLINE>really a spell, is it?!<SPEAKER_BREAK>"
2650,"rotdd",0x001C351A,"Amon: The next ancient<NEWLINE>Birdman spell...<PAGE_BREAK>The Get on Well Spell.<PAGE_BREAK>This spell is really useful if<NEWLINE>you're in charge of a group.<PAGE_BREAK>Cut a Bustoke Fern and<NEWLINE>put it in a bag.<PAGE_BREAK>Before you go to sleep, put it<NEWLINE>under your pillow.<PAGE_BREAK>If you dream of a red Paopig,<NEWLINE>it means the spell has worked.<SPEAKER_BREAK>"
2651,"rotdd",0x001C362D,"Amon:<NEWLINE>Another old Birdman spell...<PAGE_BREAK>The Don't Get Lost Spell.<PAGE_BREAK>We Birdmen don't see a lot of<NEWLINE>landmarks when we travel<NEWLINE>long distances in the sky.<PAGE_BREAK>This spell is indispensable at<NEWLINE>times like that.<PAGE_BREAK>Pluck out one feather, and<NEWLINE>let it fall to the ground.<PAGE_BREAK>Then, beat your wings hard<NEWLINE>until the feather flips over.<05><NEWLINE>...Ah!...<PAGE_BREAK>Sorry! I guess that's a bit of<NEWLINE>a tricky spell if you're not<NEWLINE>a Birdman!<SPEAKER_BREAK>"
2652,"rotdd",0x001C37AE,"Amon: Here's another ancient<NEWLINE>Birdman spell...<PAGE_BREAK>The Get Clever Spell.<PAGE_BREAK>Find something of value,<NEWLINE>even a small thing will do.<PAGE_BREAK>Wrap it in a hankie and when<NEWLINE>there's a full moon, make a<NEWLINE>wish and throw it in a river.<PAGE_BREAK>If your treasured item reaches<NEWLINE>the sea safely, what you<NEWLINE>wished for will come true...<PAGE_BREAK>It's not a spell for people<NEWLINE>who value their possessions!<SPEAKER_BREAK>"
2653,"rotdd",0x001C390D,"Amon: Time for another ancient<NEWLINE>Birdman spell...<PAGE_BREAK>The Fair Weather Spell.<PAGE_BREAK>You must perform this spell<NEWLINE>the day before you need it.<NEWLINE>Make a doll from white cloth.<PAGE_BREAK>This is called a Telling<NEWLINE>Witch, something created<NEWLINE>by the people of the east.<PAGE_BREAK>If you hang it in the window,<NEWLINE>good weather is sure to come.<05><NEWLINE>But...<PAGE_BREAK>The name <QUOTE>Telling Witch<QUOTE> is<NEWLINE>so wicked-sounding, I'm sure<NEWLINE>it's a dangerous spell.<PAGE_BREAK>I've never tried it myself.<NEWLINE>I'm too scared.<SPEAKER_BREAK>"
2654,"rotdd",0x001C3ABA,"Amon: Let me tell you another<NEWLINE>ancient Birdman spell...<PAGE_BREAK>The Find Lost Things Spell.<PAGE_BREAK>Go out of the house, and<NEWLINE>yank on the right ear of the<NEWLINE>first person you meet.<PAGE_BREAK>If they get angry and ask you<NEWLINE>what on earth you're doing,<NEWLINE>then it's failed.<PAGE_BREAK>But if they smile and say,<NEWLINE><QUOTE>Feel free to pull on my left<NEWLINE>ear too,<QUOTE> then it's worked.<PAGE_BREAK>You'll definitely find what<NEWLINE>you're looking for!<SPEAKER_BREAK>"
2655,"rotdd",0x001C3C2C,"Amon: Here's another ancient<NEWLINE>Birdman spell...<PAGE_BREAK>The Know Your Beloved's<NEWLINE>Feelings Spell!<PAGE_BREAK>...Ah!<05><NEWLINE>That twinkle in your eye<NEWLINE>again! So, you like someone!<PAGE_BREAK>You don't have to hide it!<NEWLINE>You're young! It's only<NEWLINE>natural!<PAGE_BREAK>Right, then. The spell...<PAGE_BREAK>Write the name of the person<NEWLINE>you like in white on some<NEWLINE>black paper.<PAGE_BREAK>Put the black paper somewhere<NEWLINE>on the ground.<PAGE_BREAK>If the writing fades away in<NEWLINE>the sunlight, the spell has<NEWLINE>worked.<PAGE_BREAK>Then, in a dream, you'll find<NEWLINE>out what that person is<NEWLINE>feeling.<PAGE_BREAK>But if the paper blows away<NEWLINE>before the writing fades,<NEWLINE>the spell has failed...<PAGE_BREAK>That's how it works.<SPEAKER_BREAK>"
2656,"rotdd",0x001C3E6B,"Amon: I'll tell you another<NEWLINE>ancient Birdman spell...<PAGE_BREAK>The Don't Get Injured Spell.<PAGE_BREAK>It's great for fighters, since<NEWLINE>no matter how good you<NEWLINE>are, injuries are inevitable.<PAGE_BREAK>They can even lead to death.<PAGE_BREAK>This spell will make sure<NEWLINE>that doesn't happen.<PAGE_BREAK>You'll need some Dragon<NEWLINE>Ragweed from Dragonia.<PAGE_BREAK>Mash it up and apply it<NEWLINE>to the place you want to<NEWLINE>protect from injury.<PAGE_BREAK>Dragon Ragweed from Dragonia<NEWLINE>is pretty hard to come by,<NEWLINE>so if you can't get that...<PAGE_BREAK>you could try using Kapeca<NEWLINE>Seaweed from Waral instead.<05><NEWLINE>But...<PAGE_BREAK>it'll make you really itchy,<NEWLINE>so use it with caution.<SPEAKER_BREAK>"
2657,"rotdd",0x001C409B,"Amon:<NEWLINE>Another old Birdman spell...<PAGE_BREAK>The World Peace Spell.<PAGE_BREAK>Wake up every morning and<NEWLINE>pray.<PAGE_BREAK>Give thanks for the sky, earth<NEWLINE>and sea, family and friends.<NEWLINE>Pray for peace every day.<PAGE_BREAK>If everyone does that, one<NEWLINE>day we'll have world peace.<PAGE_BREAK>That's what I believe.<SPEAKER_BREAK>"
2658,"rotdd",0x001C419A,"Amon: Sorry... If you're after<NEWLINE>another spell, you'll have to<NEWLINE>wait until later.<SPEAKER_BREAK>"
2659,"rotdd",0x001C41EA,"Amon: I've told you all of<NEWLINE>the spells I know.<PAGE_BREAK>Do you want me to<NEWLINE>refresh your memory?<SPEAKER_BREAK>"
2660,"rotdd",0x001C4240,"Pelle: As a hired knight, I've<NEWLINE>travelled all over Rune...<PAGE_BREAK><PLAYER_NAME>, you're quite<NEWLINE>something, but I've seen<NEWLINE>warriors stronger still...<PAGE_BREAK>Why don't I tell you<NEWLINE>about them?<SPEAKER_BREAK>"
2661,"rotdd",0x001C42E0,"Pelle: The name of the first<NEWLINE>warrior is Dracon,<NEWLINE>the Devil Double!<PAGE_BREAK>Pretty scary name, huh?<NEWLINE>His talent was phenomenal.<PAGE_BREAK>Get this! He had this amazing<NEWLINE>trick of dividing himself into<NEWLINE>"
2662,"rotdd",0x001C4393," warriors when in battle.<PAGE_BREAK>He wasn't a mage, so I<NEWLINE>wondered how he could do<NEWLINE>something like that...<PAGE_BREAK>Maybe he just looked like "
2663,"rotdd",0x001C440F,"<NEWLINE>people because he was so fast.<05><NEWLINE>That's what I thought, but...<SPEAKER_BREAK>"
2664,"rotdd",0x001C444F,"Pelle: Dracon, the Devil<NEWLINE>Double, who could divide<NEWLINE>himself into "
2665,"rotdd",0x001C448F,"...<PAGE_BREAK>One day, I worked out how<NEWLINE>he did it...<PAGE_BREAK>Dracon wasn't just one man,<05><NEWLINE>he was actually "
2666,"rotdd",0x001C44E8," brothers...<PAGE_BREAK>Hearing <QUOTE>Divide and conquer!<QUOTE>,<NEWLINE>the other "
2667,"rotdd",0x001C451F," brothers would<NEWLINE>appear. That's how he did it.<PAGE_BREAK>...It was so ridiculous, I had<NEWLINE>to chuckle!<SPEAKER_BREAK>"
2668,"rotdd",0x001C4579,"Pelle: The second warrior<NEWLINE>was named King De Vower,<NEWLINE>the Guzzler!<PAGE_BREAK>He was a king who had an<NEWLINE>appetite second to none.<PAGE_BREAK>In one day, he'd go through<NEWLINE>1000 eggs,<NEWLINE>500 chickens,<PAGE_BREAK>"
2669,"rotdd",0x001C4621,"00 loaves of bread,<NEWLINE>200 pieces of chocolate,<NEWLINE>and "
2670,"rotdd",0x001C4654," jugs of water.<PAGE_BREAK>If this guy went into a town,<NEWLINE>he'd eat up everything, and<NEWLINE>the place would be ruined.<PAGE_BREAK>When all the food was gone,<NEWLINE>he'd gulp down water from<NEWLINE>the sea.<PAGE_BREAK>The water level in the eastern<NEWLINE>ocean dropped because of<NEWLINE>him...<PAGE_BREAK>...so much so that some<NEWLINE>new land appeared.<05><NEWLINE>It's pretty unbelievable...<PAGE_BREAK>Maybe slightly exaggerated.<SPEAKER_BREAK>"
2671,"rotdd",0x001C479C,"Pelle: The next and third<NEWLINE>warrior was named Bob,<NEWLINE>the Portrait Assassin!<PAGE_BREAK>He had the smooth face of<NEWLINE>a child, and looked quite<NEWLINE>innocent.<PAGE_BREAK>But, he was a master artist.<NEWLINE>He sketched portraits of<NEWLINE>enemies he encountered.<PAGE_BREAK>And because he was such a<NEWLINE>master, a portrait captured<NEWLINE>even the soul of its subject.<PAGE_BREAK>Once drawn, enemies would<NEWLINE>lose their souls forever!<PAGE_BREAK>And that was the end of them!<SPEAKER_BREAK>"
2672,"rotdd",0x001C4917,"Pelle: Next is the fourth<NEWLINE>warrior, who was known as<NEWLINE>Miss Atoan, Singer of Ruin!<PAGE_BREAK>As her name suggests, she was<NEWLINE>a singer.<PAGE_BREAK>But, she was the worst<NEWLINE>singer in all of history!<PAGE_BREAK>Anyone who heard her sing<NEWLINE>would immediately pass out.<PAGE_BREAK>Plants would wither...<PAGE_BREAK>Water would go bad...<PAGE_BREAK>Air would turn grey...<PAGE_BREAK>Buildings would collapse...<PAGE_BREAK>Some might say that<NEWLINE>she's more dangerous<NEWLINE>than Dark Dragon!<SPEAKER_BREAK>"
2673,"rotdd",0x001C4A92,"Pelle: Next is the fifth<NEWLINE>warrior, known as Fastbil,<NEWLINE>the Master Carpenter!<PAGE_BREAK>He was a genius carpenter.<PAGE_BREAK>In his hands, any building<NEWLINE>would be finished in no<NEWLINE>time at all.<PAGE_BREAK>Once, Fastbil was asked by a<NEWLINE>kingdom to build a fortress.<PAGE_BREAK>And in just one evening,<NEWLINE>Fastbil finished making<NEWLINE>an enormous fortress.<PAGE_BREAK>While the neighboring country<NEWLINE>was still in shock, the kingdom<NEWLINE>used the fortress to invade.<PAGE_BREAK>And then...<SPEAKER_BREAK>"
2674,"rotdd",0x001C4C20,"Pelle: Um... What were we<NEWLINE>talking about before?<PAGE_BREAK>Oh, I know! It was Fastbil,<NEWLINE>the Master Carpenter, right?<PAGE_BREAK>The kingdom would invade<NEWLINE>their neighbors, using the<NEWLINE>fortress for protection.<PAGE_BREAK>That was their tactic,<NEWLINE>taking territory bit by bit.<PAGE_BREAK>But one time, they tried<NEWLINE>to take refuge in the<NEWLINE>fortress...<PAGE_BREAK>and no trace of it remained.<05><NEWLINE>Fastbil wasn't happy<NEWLINE>with the job he'd done,<PAGE_BREAK>so after the troops left,<NEWLINE>he'd taken it apart.<PAGE_BREAK>Fastbil could be useful,<NEWLINE>but he was fickle too.<PAGE_BREAK>Something to think about!<SPEAKER_BREAK>"
2675,"rotdd",0x001C4E0A,"Pelle: Next is the sixth<NEWLINE>warrior, known as Missaki,<NEWLINE>the Wild Pianist!<PAGE_BREAK>Have you ever heard of a<NEWLINE><QUOTE>piano<QUOTE>? It's an ancient<NEWLINE>instrument. Really big.<PAGE_BREAK>A <QUOTE>pianist<QUOTE> is someone who<NEWLINE>plays the piano.<PAGE_BREAK>So anyway, Missaki was a<NEWLINE>master pianist.<PAGE_BREAK>The music he performed<NEWLINE>transported people to<NEWLINE>the land of dreams.<PAGE_BREAK>Listening to his music,<NEWLINE>you'd feel as if you were<NEWLINE>walking on air...<PAGE_BREAK>But, that's not all...<SPEAKER_BREAK>"
2676,"rotdd",0x001C4F8C,"Pelle: Missaki's forte was not<NEWLINE>just playing the piano.<PAGE_BREAK>...He was also as strong as<NEWLINE>an ox.<PAGE_BREAK>After lulling his enemies into<NEWLINE>a trance with his performance,<NEWLINE>he'd throw the piano at them.<PAGE_BREAK>Now, a piano is very big<NEWLINE>and very heavy.<PAGE_BREAK>It would crush anyone.<PAGE_BREAK>He was a really scary guy,<NEWLINE>that Missaki...<SPEAKER_BREAK>"
2677,"rotdd",0x001C50AE,"Pelle: So, next is the seventh<NEWLINE>warrior, named Ovarakt,<NEWLINE>the Master Actor!<PAGE_BREAK>Well, his name says it all.<NEWLINE>He was a genius. He could<NEWLINE>perform any role perfectly.<PAGE_BREAK>I mean any role, whatsoever.<NEWLINE>So, for example...<PAGE_BREAK>If he was to act the part of a<NEWLINE>master swordsman,<PAGE_BREAK>he would actually become a<NEWLINE>master swordsman. He'd be able<NEWLINE>to wield a sword perfectly.<PAGE_BREAK>If he was to act the part of a<NEWLINE>zombie, he would become one!<PAGE_BREAK>If he was playing a goblin,<NEWLINE>he'd become one of them, too.<PAGE_BREAK>He was invincible. Fearsome.<NEWLINE>But, he's no longer alive...<PAGE_BREAK>An enemy of Ovarakt put on a<NEWLINE>play for him. It was about the<NEWLINE>world's greatest hero.<PAGE_BREAK>The hero slew many dragons,<NEWLINE>but in the end, he fell into a<NEWLINE>volcano and burned to death.<PAGE_BREAK>...And, just like in the play,<NEWLINE>one day they found Ovarakt's<NEWLINE>body, charred to a crisp.<PAGE_BREAK>They say he really did throw<NEWLINE>himself into a volcano...<SPEAKER_BREAK>"
2678,"rotdd",0x001C53E9,"Pelle: That's the end of my<NEWLINE>tales about the "
2679,"rotdd",0x001C5416," Warriors<NEWLINE>of Rune.<PAGE_BREAK>Some of them are dead now, but<NEWLINE>some are still going strong.<PAGE_BREAK>If you come across any of<NEWLINE>them on your travels,<05><NEWLINE>run for it!<PAGE_BREAK>After all, they're a scary<NEWLINE>bunch!<SPEAKER_BREAK>"
2680,"rotdd",0x001C54C5,"Pelle: ...Oh, sorry. Let's<NEWLINE>talk more later, OK?<SPEAKER_BREAK>"
2681,"rotdd",0x001C54F6,"Pelle: ...Huh?<NEWLINE>I've told you all I know about<NEWLINE>the "
2682,"rotdd",0x001C5529," Warriors of Rune.<PAGE_BREAK>Do you want to hear about<NEWLINE>them again?<SPEAKER_BREAK>"
2683,"rotdd",0x001C5563,"Vankar: Ah!<NEWLINE>If it isn't <PLAYER_NAME>!<PAGE_BREAK>Shining Force, right? Ah,<NEWLINE>it's great here! Fantastic!<PAGE_BREAK>Beautiful women and unlimited<NEWLINE>supplies of Paopig milk.<PAGE_BREAK>You keep up the good work,<NEWLINE>OK?<SPEAKER_BREAK>"
2684,"rotdd",0x001C560B,"Vankar: Aha!<05><NEWLINE>Well, you know...<NEWLINE>life is a funny thing...<PAGE_BREAK>...like a blossoming flower!<PAGE_BREAK>People take notice of you<NEWLINE>for a while,<PAGE_BREAK>then you fall to the ground<NEWLINE>and get trampled on.<PAGE_BREAK>...Isn't that right?<SPEAKER_BREAK>"
2685,"rotdd",0x001C56DD,"<NEWLINE>Wooo... <02>Perhaps I've had<NEWLINE>enough Paopig milk...<PAGE_BREAK>My stomach hurts...<SPEAKER_BREAK>"
2686,"rotdd",0x001C5733,"<PAGE_BREAK>You know, life is...<PAGE_BREAK>well, life... isn't it...<PAGE_BREAK>...because it's life.<NEWLINE>Sorry, too full to think.<SPEAKER_BREAK>"
2687,"rotdd",0x001C5794,"Vankar: <PLAYER_NAME>, I didn't<NEWLINE>really want to be, you know,<NEWLINE>a knight. Not at first.<PAGE_BREAK>But, my old man was a knight,<NEWLINE>you see... The old dog's not<PAGE_BREAK>around any more, though...<NEWLINE>That's my ancestry, so that's<PAGE_BREAK>why I'm a knight. But really,<NEWLINE>I just run the business now.<PAGE_BREAK>...War! It's a waste of time!<05><NEWLINE>All that really matters...<PAGE_BREAK>...is love...<05><NEWLINE>...and peace.<SPEAKER_BREAK>"
2688,"rotdd",0x001C58E4,"Vankar: ...<02>I didn't want<NEWLINE>to be a knight.<NEWLINE>I wanted to do other work...<PAGE_BREAK>...something to make<NEWLINE>people happy...<PAGE_BREAK>What would make 'em happy?<05><NEWLINE>You mean, what would I do?<PAGE_BREAK>Ah, yeah... Something like the<NEWLINE>circus. That sort of thing.<PAGE_BREAK>Entertainment.<NEWLINE>...Yeah, the circus.<NEWLINE>What could I do?<PAGE_BREAK><05>The flying trapeze?<NEWLINE>...Nah...<05><NEWLINE>I don't like heights.<SPEAKER_BREAK>"
2689,"rotdd",0x001C5A2E,"Vankar: I know, <PLAYER_NAME>!<05><NEWLINE>Forget about the circus.<NEWLINE>I have another idea...<PAGE_BREAK>What do I have in mind?<PAGE_BREAK>That guy who looks after the<NEWLINE>Paopigs! He has an easy life.<NEWLINE>As much milk as you want!<PAGE_BREAK>Imagine that!<PAGE_BREAK>But, I'd drink it all myself,<NEWLINE>and have nothing to sell! <NEWLINE>Not much money in that.<SPEAKER_BREAK>"
2690,"rotdd",0x001C5B3F,"Vankar: ...I bet I know<NEWLINE>what you're thinking...<PAGE_BREAK><QUOTE>That old guy's been going on<NEWLINE>for ages. He's so boring.<QUOTE><PAGE_BREAK><QUOTE>I'd much rather be talking<NEWLINE>to Khris...<QUOTE><NEWLINE>That's what you're thinking,<PAGE_BREAK>right?<PAGE_BREAK>That's what I'd be thinking if<NEWLINE>I were you.<SPEAKER_BREAK>"
2691,"rotdd",0x001C5C21,"Vankar: ...Oh, my stomach!<05><NEWLINE>...Lately I've been drinking<NEWLINE>a bit too much of that milk.<PAGE_BREAK>Now, the war's going to heat<NEWLINE>up. I'd better slow it down a<NEWLINE>bit, eh? Can't get too fat!<PAGE_BREAK>...Maybe just one more glass.<NEWLINE>Then, I might call it a night.<SPEAKER_BREAK>"
2692,"rotdd",0x001C5D0C,"Vankar: Last night, I got<NEWLINE>out of bed to take a leak,<05><NEWLINE>came back half asleep,<PAGE_BREAK>and mistook Anri<NEWLINE>for my pillow.<05><NEWLINE>Whoops!<PAGE_BREAK>She was really<NEWLINE>angry...!<PAGE_BREAK>Whew!<PAGE_BREAK>Just thinking about it<NEWLINE>makes me tremble...<SPEAKER_BREAK>"
2693,"rotdd",0x001C5DDD,"<NEWLINE>Lately, our enemies seem<NEWLINE>to be getting stronger.<PAGE_BREAK>Ha ha ha ha...<PAGE_BREAK>Pretty scary, isn't it?<PAGE_BREAK>After fighting a tough enemy,<NEWLINE>hot milk really calms ya down.<SPEAKER_BREAK>"
2694,"rotdd",0x001C5E74,"Vankar: You know, don't you?<NEWLINE>Soon it'll be the showdown!<PAGE_BREAK>Better fill up now!<NEWLINE>Drink as much milk as I can...<SPEAKER_BREAK>"
2695,"rotdd",0x001C5EE1,"Vankar: ...<NEWLINE>It won't be long now...<05><NEWLINE>The showdown with the dragon.<PAGE_BREAK>That's what I reckon.<PAGE_BREAK>That's why I'm fillin' up<NEWLINE>on this creamy, delicious<NEWLINE>Caravan Brand Milk.<SPEAKER_BREAK>"
2696,"rotdd",0x001C5F83,"Vankar: ...Oh, my belly!<05><NEWLINE>...Maybe I've had too much.<NEWLINE>Milk is good for you, though.<SPEAKER_BREAK>"
2697,"rotdd",0x001C5FD8,"Vankar: ...Hey, don't<NEWLINE>leave me here alone.<NEWLINE>Let's talk some more!<SPEAKER_BREAK>"
2698,"rotdd",0x001C601A,"Narsha: ............<PAGE_BREAK><PLAYER_NAME>...<PAGE_BREAK>actually, I... There's<NEWLINE>something I'm worried about...<PAGE_BREAK>No, never mind!<NEWLINE>It doesn't matter...<SPEAKER_BREAK>"
2699,"rotdd",0x001C6090,"Narsha: ............<PAGE_BREAK>............<05><NEWLINE>Sorry.<PAGE_BREAK>Really, it's nothing.<SPEAKER_BREAK>"
2700,"rotdd",0x001C60D1,"Narsha: Well, actually...<05><NEWLINE>I'm a bit worried...<PAGE_BREAK>I wonder if I'm being of any<NEWLINE>use to you all?<PAGE_BREAK>Mawlock helped me to<NEWLINE>escape from Runefaust.<PAGE_BREAK>I just hope that I'm being of<NEWLINE>some use to everyone in the<NEWLINE>Shining Force. That's all...<PAGE_BREAK>I've come a long way, but...<PAGE_BREAK>I'm sorry.<NEWLINE>I'm not making much sense.<PAGE_BREAK>I shouldn't ask people things<NEWLINE>like that, I suppose.<05><NEWLINE>What's got into me...?<SPEAKER_BREAK>"
2701,"rotdd",0x001C6241,"Narsha: Everyone here really<NEWLINE>is so great...<05><NEWLINE>I'm so lucky.<PAGE_BREAK>As Princess of Runefaust and<NEWLINE>daughter of Ramladu...<PAGE_BREAK>I was sure that everyone<NEWLINE>would hate me...<PAGE_BREAK>But, everyone's just so<NEWLINE>kind to me...<PAGE_BREAK>I'm so glad I came here...<SPEAKER_BREAK>"
2702,"rotdd",0x001C631C,"Narsha: <PLAYER_NAME>, the<NEWLINE>people of Guardiana took<NEWLINE>you in, right?<PAGE_BREAK>That's...<PAGE_BREAK>...a bit like my situation<NEWLINE>now...<PAGE_BREAK>Don't you think?<SPEAKER_BREAK>"
2703,"rotdd",0x001C6391,"Narsha: There are so many<NEWLINE>fun people here, aren't there?<PAGE_BREAK>I saw Lowe a while ago,<05><NEWLINE>and he gave me loads of<NEWLINE>sweets.<PAGE_BREAK>I don't really like sweet<NEWLINE>things all that much...<PAGE_BREAK>but Lowe was watching me<NEWLINE>the whole time...<PAGE_BREAK>so I had to eat them.<PAGE_BREAK>...Hope I don't get fat.<SPEAKER_BREAK>"
2704,"rotdd",0x001C6490,"Narsha: Anri is a really nice<NEWLINE>person, isn't she?<PAGE_BREAK>She'll be a great queen for<NEWLINE>Guardiana.<PAGE_BREAK>She's not only beautiful,<NEWLINE>but kind and elegant too.<PAGE_BREAK>I hope I turn out to be as<NEWLINE>good a woman as Anri.<SPEAKER_BREAK>"
2705,"rotdd",0x001C654E,"Narsha: ............<PAGE_BREAK>Sorry.<PAGE_BREAK>I can't stop thinking about<NEWLINE>Runefaust.<PAGE_BREAK>My father... <02>My father<NEWLINE>used to be a good man,<NEWLINE>years ago.<PAGE_BREAK>Runefaust was a small country,<NEWLINE>but it was peaceful.<PAGE_BREAK>But then, Darksol arrived.<NEWLINE>He expanded the army and<NEWLINE>started invading other lands.<PAGE_BREAK>............<PAGE_BREAK>I wonder if Runefaust will<NEWLINE>ever go back to being the<NEWLINE>peaceful land it once was...<SPEAKER_BREAK>"
2706,"rotdd",0x001C66B1,"Narsha: ......Mae's a lovely<NEWLINE>girl, don't you think?<PAGE_BREAK>To be honest, I was a bit<NEWLINE>scared of her at first...<PAGE_BREAK>But when we got to talking,<NEWLINE>I realized she's really nice.<PAGE_BREAK>When Lowe was bothering<NEWLINE>me one time...<PAGE_BREAK>she just shoved him away!<PAGE_BREAK>I want to become strong<NEWLINE>like Mae one day.<SPEAKER_BREAK>"
2707,"rotdd",0x001C67BF,"Narsha: ............<PAGE_BREAK>............<PAGE_BREAK>Oh! <PLAYER_NAME>!<PAGE_BREAK>Sorry! I didn't see you there.<PAGE_BREAK>The final battle isn't far<NEWLINE>away now, is it?<PAGE_BREAK>I was collecting my thoughts<NEWLINE>and preparing my spirit so I<NEWLINE>can fight well.<SPEAKER_BREAK>"
2708,"rotdd",0x001C687E,"Narsha: Not long until the<NEWLINE>final battle now, is it?<PAGE_BREAK>Everyone's cheerful like<NEWLINE>usual, though!<PAGE_BREAK>But, I know they must be<NEWLINE>nervous inside...<PAGE_BREAK>............<PAGE_BREAK>It'll be fine.<05><NEWLINE>This is such a great<NEWLINE>group of people.<PAGE_BREAK>I'm sure we can seal<NEWLINE>away Dark Dragon...<SPEAKER_BREAK>"
2709,"rotdd",0x001C6972,"Narsha: I'm sorry, <PLAYER_NAME>.<NEWLINE>Can we talk later...?<SPEAKER_BREAK>"
2710,"rotdd",0x001C699F,"Narsha: Well, if you'd like,<NEWLINE>I could share my thoughts<NEWLINE>with you again?<SPEAKER_BREAK>"
2711,"rotdd",0x001C69E7,"Zuika: ............<PAGE_BREAK>What do you want with me?<PAGE_BREAK>...Don't talk to me!<SPEAKER_BREAK>"
2712,"rotdd",0x001C6A2B,"Zuika: ............<PAGE_BREAK>I have nothing to<NEWLINE>say to you.<PAGE_BREAK>Understand?<SPEAKER_BREAK>"
2713,"rotdd",0x001C6A6A,"Zuika: ............<NEWLINE>I have...<PAGE_BREAK>Oh, never mind...<PAGE_BREAK>Don't expect to just start<NEWLINE>a conversation with me!<SPEAKER_BREAK>"
2714,"rotdd",0x001C6ACE,"Zuika: ............<PAGE_BREAK>You're a persistent one.<PAGE_BREAK>I have...<PAGE_BREAK>...no anecdotes worth<NEWLINE>telling you.<SPEAKER_BREAK>"
2715,"rotdd",0x001C6B29,"Zuika: ............<PAGE_BREAK>I thought I told you...<PAGE_BREAK>I have no anecdotes.<NEWLINE>All I have is my duty.<SPEAKER_BREAK>"
2716,"rotdd",0x001C6B82,"Zuika: ............<PAGE_BREAK>My duty...<PAGE_BREAK>is to protect the one<NEWLINE>who woke me, even if<NEWLINE>it costs me my life...<PAGE_BREAK>I do not know who gave<NEWLINE>me this duty. <02>But...<PAGE_BREAK>I will carry it out.<SPEAKER_BREAK>"
2717,"rotdd",0x001C6C26,"Zuika: ............<PAGE_BREAK>My duty is to protect Narsha,<NEWLINE>the one who woke me,<NEWLINE>wherever she may go.<PAGE_BREAK>............<PAGE_BREAK>And when this war is over...<PAGE_BREAK>............<SPEAKER_BREAK>"
2718,"rotdd",0x001C6CBA,"Zuika: ............<PAGE_BREAK>When this war is over, and<NEWLINE>Narsha is safe once more...<PAGE_BREAK>When that happens, I...<PAGE_BREAK>don't know...<PAGE_BREAK>what I will do...<SPEAKER_BREAK>"
2719,"rotdd",0x001C6D3E,"Zuika: ............<PAGE_BREAK>My duty is to protect Narsha.<PAGE_BREAK>Once I've fulfilled my duty...<PAGE_BREAK>............<SPEAKER_BREAK>"
2720,"rotdd",0x001C6D9D,"Zuika: ............<PAGE_BREAK>...I don't know.<SPEAKER_BREAK>"
2721,"rotdd",0x001C6DC3,"Zuika: ............<PAGE_BREAK>Maybe I'll be given a new duty<NEWLINE>when this war is over.<PAGE_BREAK>If not...<PAGE_BREAK>no doubt I will sleep again<NEWLINE>until I am required once more.<PAGE_BREAK>Just like you...<SPEAKER_BREAK>"
2722,"rotdd",0x001C6E79,"Zuika: ............<05><NEWLINE>Must I repeat myself?<SPEAKER_BREAK>"
2723,"rotdd",0x001C6EA5,"Earnest: ............<PAGE_BREAK>...Oh, it's you,<NEWLINE><PLAYER_NAME>!<PAGE_BREAK>Sorry.<NEWLINE>I was miles away!<PAGE_BREAK>I was thinking of Balbazak...<05><NEWLINE>and the friends of mine<NEWLINE>killed by his hand.<SPEAKER_BREAK>"
2724,"rotdd",0x001C6F34,"Earnest: ...My father was<NEWLINE>killed by Balbazak too.<PAGE_BREAK>I can never bring him back,<NEWLINE>but thanks to you, I managed<NEWLINE>to avenge his death.<PAGE_BREAK>I'm sure my father is happy<NEWLINE>now in heaven.<PAGE_BREAK>Come to think of it...<SPEAKER_BREAK>"
2725,"rotdd",0x001C6FF7,"Earnest: A long time ago, my<NEWLINE>father told me a tale...<PAGE_BREAK>Somewhere on this earth, there<NEWLINE>is a mysterious place called<NEWLINE>Dr. Bilan's Treasure House.<PAGE_BREAK>It holds unusual things from<NEWLINE>the world over, including<NEWLINE>Dr. Bilan's Eight Treasures.<PAGE_BREAK>I'll tell you about those<NEWLINE>treasures if you want.<SPEAKER_BREAK>"
2726,"rotdd",0x001C710B,"Earnest: Let's start with the<NEWLINE>first treasure.<PAGE_BREAK>The Goblet of Angel Tears.<05><NEWLINE>It's a small glass goblet.<PAGE_BREAK>Although it's kept in a box,<NEWLINE>it fills up drop by drop<NEWLINE>every year.<PAGE_BREAK>They say it holds angel tears,<NEWLINE>and if you drink a full<NEWLINE>goblet of them...<PAGE_BREAK>...you will live forever!<05><NEWLINE>That's how the story<NEWLINE>goes.<PAGE_BREAK>Apparently, it takes about<NEWLINE>"
2727,"rotdd",0x001C724D,"00 years for the tears<NEWLINE>to fill the goblet, though.<SPEAKER_BREAK>"
2728,"rotdd",0x001C7281,"Earnest: <NEWLINE>The second of Dr. Bilan's<NEWLINE>Eight Treasures is...<PAGE_BREAK>King Leen's Dreaming Pillow.<PAGE_BREAK>This is a strange pillow used<NEWLINE>by King Leen of Asland who<NEWLINE>disappeared at sea.<PAGE_BREAK>If you say what you want to<NEWLINE>dream of before you sleep,<NEWLINE>you'll dream of it forever!<PAGE_BREAK>Meeting a beautiful woman, or<NEWLINE>becoming King of the World.<NEWLINE>Any dream you like.<PAGE_BREAK>But, because the dreams are<NEWLINE>so fantastic...<PAGE_BREAK>they say those who dream on<NEWLINE>the pillow never come back to<NEWLINE>reality.<SPEAKER_BREAK>"
2729,"rotdd",0x001C7436,"Earnest: <NEWLINE>The third of Dr. Bilan's Eight<NEWLINE>Treasures is...<PAGE_BREAK>The Angel Chirico's Dress.<PAGE_BREAK>The dress was sewn from the<NEWLINE>wings of an angel that fell to<NEWLINE>Earth long ago.<PAGE_BREAK>Lighter than a feather and<NEWLINE>more dazzling than a jewel,<NEWLINE>people would fight to own it.<PAGE_BREAK>But...<PAGE_BREAK>the dress is cursed, and<NEWLINE>carries any who wear it into<NEWLINE>the sky.<PAGE_BREAK>Whoever wears the dress can<NEWLINE>never come back to Earth, no<NEWLINE>matter how much they want to.<SPEAKER_BREAK>"
2730,"rotdd",0x001C75C8,"Earnest: <NEWLINE>The fourth of Dr. Bilan's<NEWLINE>Eight Treasures is...<PAGE_BREAK>The Image of the Beautiful<NEWLINE>Rashik.<PAGE_BREAK>The best masterpiece of the<NEWLINE>genius painter Narkander, made<NEWLINE>long ago in the land of Mizan.<PAGE_BREAK>It is a portrait of Rashik,<NEWLINE>the wife of Narkander...<PAGE_BREAK>The stunning beauty of the<NEWLINE>image makes all those who<NEWLINE>see it swoon...<PAGE_BREAK>Some have even died.<PAGE_BREAK>So, the King of Mizan had<NEWLINE>Narkander and his wife<NEWLINE>burnt to death.<PAGE_BREAK>All of his paintings were<NEWLINE>burnt along with him.<05><NEWLINE>However...<PAGE_BREAK>The Image of the Beautiful<NEWLINE>Rashik was spirited off<NEWLINE>by someone.<PAGE_BREAK>It passed through many hands<NEWLINE>before ending up in Dr.<NEWLINE>Bilan's House of Treasures.<PAGE_BREAK>It is shut away in an iron box<NEWLINE>now so that nobody's eyes ever<NEWLINE>fall upon it.<PAGE_BREAK>I'd like to see it, but...<05><NEWLINE>I'm scared it would kill me...<SPEAKER_BREAK>"
2731,"rotdd",0x001C78A3,"Earnest: <NEWLINE>The fifth of Dr. Bilan's Eight<NEWLINE>Treasures is...<PAGE_BREAK>The Miniscule City of Siyule.<PAGE_BREAK>It's a tiny city, small enough<NEWLINE>to fit in the palm of your<NEWLINE>hand.<PAGE_BREAK>It's well enough made to be<NEWLINE>a treasure in itself, but...<PAGE_BREAK>it's said that there are<NEWLINE>actually thousands of tiny<NEWLINE>people living in it.<PAGE_BREAK>Supposedly, a wicked mage<NEWLINE>cursed a town and its people,<NEWLINE>shrinking them both.<PAGE_BREAK>When you're handling the<NEWLINE>Miniscule City of Siyule,<NEWLINE>you must be very careful.<PAGE_BREAK>Even a tiny wobble would cause<NEWLINE>as much damage as a huge<NEWLINE>earthquake in a real city.<SPEAKER_BREAK>"
2732,"rotdd",0x001C7AAA,"Earnest: <NEWLINE>The sixth of Dr. Bilan's Eight<NEWLINE>Treasures is...<PAGE_BREAK>Loren's Heavenly Black Jewel.<PAGE_BREAK>Once, there was a farmer<NEWLINE>called Loren.<PAGE_BREAK>In the middle of the night,<NEWLINE>something fell with a clatter<NEWLINE>onto the roof of his house.<PAGE_BREAK>Climbing up onto the roof, he<NEWLINE>found lots of jewels, each<NEWLINE>about the size of a pea.<PAGE_BREAK>Loren gathered them all up,<NEWLINE>and took them inside.<PAGE_BREAK>Altogether there were more<NEWLINE>than 100 jewels, as beautiful<NEWLINE>as angels' teardrops...<PAGE_BREAK>But, one of them was<NEWLINE>jet-black.<PAGE_BREAK>All the other jewels were of<NEWLINE>such amazing beauty,<PAGE_BREAK>Loren couldn't sleep,<NEWLINE>thinking about the money he<NEWLINE>could make by selling them.<PAGE_BREAK>But the following morning...<PAGE_BREAK>when the sun came up... the<NEWLINE>jewels rose into the air and<NEWLINE>burst through Loren's roof.<PAGE_BREAK>They simply went back to the<NEWLINE>heavens they had come from...<PAGE_BREAK>All that was left in Loren's<NEWLINE>hand was the single black<NEWLINE>jewel.<PAGE_BREAK>Perhaps it couldn't go back<NEWLINE>to the heavens because it<NEWLINE>had no life in it.<PAGE_BREAK>So, Loren lavished this<NEWLINE>jewel with affection, and<NEWLINE>looked after it carefully.<SPEAKER_BREAK>"
2733,"rotdd",0x001C7E75,"Earnest: <NEWLINE>The seventh of Dr. Bilan's<NEWLINE>Eight Treasures is...<PAGE_BREAK>Landru's Ice Flame.<PAGE_BREAK>The ancient great mage Landru<NEWLINE>unleashed the most almighty<NEWLINE>magic of the century...<PAGE_BREAK>It's called the Ice Flame.<PAGE_BREAK>It's a flame that burns pale<NEWLINE>blue, and isn't hot to<NEWLINE>the touch. <02>However...<PAGE_BREAK>instead of being burnt by it,<NEWLINE>the part of you that touches<NEWLINE>it freezes.<PAGE_BREAK>If you go from here to the<NEWLINE>extreme north or south, there<NEWLINE>are whole lands made of ice.<PAGE_BREAK>People say they used to<NEWLINE>be normal lands,<PAGE_BREAK>but they were touched by<NEWLINE>the Ice Flame, and turned into<NEWLINE>countries of ice and snow.<SPEAKER_BREAK>"
2734,"rotdd",0x001C8096,"Earnest: <NEWLINE>The last of Dr. Bilan's<NEWLINE>Eight Treasures is...<PAGE_BREAK>Epyocathy's Soothsayings.<PAGE_BREAK>It's a legendary book<NEWLINE>unearthed in the ruins of<NEWLINE>the old city, Epyocathy.<PAGE_BREAK>It's said to contain<NEWLINE>everything.<PAGE_BREAK>In other words, it speaks of<NEWLINE>all events, not only in the<NEWLINE>past, but also in the future.<PAGE_BREAK>But, no matter what, you<NEWLINE>mustn't look at the last page.<PAGE_BREAK>They say that the moment<NEWLINE>someone looks at the<NEWLINE>last page...<PAGE_BREAK>the world will come to an end.<SPEAKER_BREAK>"
2735,"rotdd",0x001C823C,"Earnest: <NEWLINE>...Dr. Bilan's House of<NEWLINE>Treasures?<PAGE_BREAK>Having heard all about it, you<NEWLINE>probably want to see it...<PAGE_BREAK>How about we go off on a trip<NEWLINE>to find the House of Treasures<NEWLINE>when this war is over?<SPEAKER_BREAK>"
2736,"rotdd",0x001C82F8,"Earnest: Sorry.<NEWLINE>Let's talk later, OK?<SPEAKER_BREAK>"
2737,"rotdd",0x001C831F,"Earnest: What's up? <02>So, you're<NEWLINE>fascinated by the treasures...<05><NEWLINE>I can see it in your eyes.<PAGE_BREAK>All right!<NEWLINE>Just for you, I'll tell the<NEWLINE>tales all over again, OK?<SPEAKER_BREAK>"
2738,"rotdd",0x001C83BC,"Narsha: Aaaaaah....<NEWLINE>No... Not now...<05><NEWLINE>I can't be beaten already...<PAGE_BREAK>......<PAGE_BREAK>......<SPEAKER_BREAK>"
2739,"rotdd",0x001C841D,"Dark Mage: Who are you?!<SPEAKER_BREAK>"
2740,"rotdd",0x001C8437,"Zuika: ...<05><NEWLINE>I'm not sure myself.<NEWLINE>I just woke up.<PAGE_BREAK>The only thing<NEWLINE>I know for sure...<05><NEWLINE>is that I'm your enemy.<SPEAKER_BREAK>"
2741,"rotdd",0x001C84B3,"Narsha: ...<PAGE_BREAK>Why am I...?<PAGE_BREAK>...Did...<05><NEWLINE>Did you...<05><NEWLINE>Did you save me?<SPEAKER_BREAK>"
2742,"rotdd",0x001C84F5,"Zuika: ...Yes.<SPEAKER_BREAK>"
2743,"rotdd",0x001C8505,"Narsha: Who are you?<NEWLINE>How do you know me?<SPEAKER_BREAK>"
2744,"rotdd",0x001C852F,"Zuika: I'm a friend.<05><NEWLINE>I felt something...<05><NEWLINE>a warmth about you.<PAGE_BREAK>That's what woke me up.<SPEAKER_BREAK>"
2745,"rotdd",0x001C8594,"Zuika: And that's why<NEWLINE>I'm helping you.<NEWLINE>My name is... Zuika...<PAGE_BREAK>I have nothing but...<05><NEWLINE>the will to fight.<SPEAKER_BREAK>"
2746,"rotdd",0x001C85FD,"Narsha: Thank you.<NEWLINE>If you hadn't been there,<NEWLINE>I may have been...<SPEAKER_BREAK>"
2747,"rotdd",0x001C863E,"Zuika: No thanks are needed.<NEWLINE>I have been revived...<05><NEWLINE>in order to fight.<PAGE_BREAK>So, I will help you.<NEWLINE>Wherever you go...<NEWLINE>I will go.<SPEAKER_BREAK>"
2748,"rotdd",0x001C86BA,"Narsha: Wherever I go...<05><NEWLINE>...West! To meet up with<NEWLINE>the forces of Light!<PAGE_BREAK>I might never see<NEWLINE>this kingdom again...<05><NEWLINE>but I must go.<PAGE_BREAK>I must save my father!<SPEAKER_BREAK>"
2749,"rotdd",0x001C8752,"Narsha: Aaaaaah....<NEWLINE>No... Not now...<05><NEWLINE>I can't be beaten already...<PAGE_BREAK>......<PAGE_BREAK>...<SPEAKER_BREAK>"
2750,"rotdd",0x001C87A1,"Narsha: ...<PAGE_BREAK>Why am I...?<PAGE_BREAK>...Did...<05><NEWLINE>Did you...<05><NEWLINE>Did you save me?<SPEAKER_BREAK>"
2751,"rotdd",0x001C87E3,"Mawlock: That's right.<SPEAKER_BREAK>"
2752,"rotdd",0x001C87FB,"Narsha: Thank you.<NEWLINE>If you hadn't been there,<NEWLINE>I may have been...<SPEAKER_BREAK>"
2753,"rotdd",0x001C883C,"Mawlock: No need to thank me.<NEWLINE>But, know this...<PAGE_BREAK>You may not be so lucky next<NEWLINE>time. Try to be more careful.<SPEAKER_BREAK>"
2754,"rotdd",0x001C88A8,"Narsha: ...All right.<NEWLINE>I will.<SPEAKER_BREAK>"
2755,"rotdd",0x001C88C7,"Mawlock: Greater perils await<NEWLINE>on your way to the west.<PAGE_BREAK>...Are you prepared?<NEWLINE>If you are thinking about<NEWLINE>turning back, do so now.<SPEAKER_BREAK>"
2756,"rotdd",0x001C8947,"Narsha: No. I'm going.<05><NEWLINE>...West. To meet<NEWLINE>the forces of Light.<PAGE_BREAK>I might never see<NEWLINE>this kingdom again...<05><NEWLINE>but I must go.<PAGE_BREAK>I must save my father!<SPEAKER_BREAK>"
2757,"rotdd",0x001C89D5,"Narsha: Aaaaaah...<NEWLINE>No... Not now...<05><NEWLINE>Not yet...<PAGE_BREAK>I can't be beaten yet...<PAGE_BREAK>...<SPEAKER_BREAK>"
2758,"rotdd",0x001C8A23,"Mawlock: Narsha! You have a<NEWLINE>mission to carry out!<NEWLINE>You can't afford to lose!<SPEAKER_BREAK>"
2759,"rotdd",0x001C8A70,"Narsha: I'm sorry.<NEWLINE>I couldn't even defend myself.<NEWLINE>I'm nothing but a burden...<SPEAKER_BREAK>"
2760,"rotdd",0x001C8ABF,"Mawlock: ...<NEWLINE>Well, it can't be helped.<NEWLINE>You must train harder.<SPEAKER_BREAK>"
2761,"rotdd",0x001C8AFE,"Narsha: Yes, I know.<SPEAKER_BREAK>"
2762,"rotdd",0x001C8B14,"Zuika: Hm...<05><NEWLINE>The ship looks OK, but it's<NEWLINE>too dangerous to sail now.<PAGE_BREAK>Since they ambushed us at<NEWLINE>the port, they're sure to do<NEWLINE>the same when we're at sea.<PAGE_BREAK>We're outnumbered. We're not<NEWLINE>prepared for a sea battle.<SPEAKER_BREAK>"
2763,"rotdd",0x001C8BE5,"Narsha: You're right...<05><NEWLINE>...That means we'll have<NEWLINE>to find a land route instead.<SPEAKER_BREAK>"
2764,"rotdd",0x001C8C36,"Mawlock:<NEWLINE>...There is no time to waste.<PAGE_BREAK>The Shining Force is already<NEWLINE>valiantly engaged in battle<NEWLINE>with the army of Runefaust.<SPEAKER_BREAK>"
2765,"rotdd",0x001C8CB3,"Narsha:<NEWLINE>The Shining Force?<SPEAKER_BREAK>"
2766,"rotdd",0x001C8CCF,"Mawlock: A group<NEWLINE>fighting Runefaust under<NEWLINE>a man named <PLAYER_NAME>.<SPEAKER_BREAK>"
2767,"rotdd",0x001C8D09,"Narsha: ...But, a sea<NEWLINE>journey is too risky!<SPEAKER_BREAK>"
2768,"rotdd",0x001C8D36,"Mawlock: Hmmm...<NEWLINE>You do have a point there...<05><NEWLINE>Ah, I have it!<PAGE_BREAK>I know a better way.<NEWLINE>I'll show you.<SPEAKER_BREAK>"
2769,"rotdd",0x001C8D99,"Narsha: Where are we going?<SPEAKER_BREAK>"
2770,"rotdd",0x001C8DB6,"Mawlock:<NEWLINE>You shall see.<PAGE_BREAK>It'll save us some time...<05><NEWLINE>though there are some risks.<SPEAKER_BREAK>"
2771,"rotdd",0x001C8E15,"Narsha: Aaaaaaah...<NEWLINE>No... I haven't even met<NEWLINE>the Shining Force yet...<PAGE_BREAK>I can't...<PAGE_BREAK>......<PAGE_BREAK>...<SPEAKER_BREAK>"
2772,"rotdd",0x001C8E7F,"Mawlock: Ahem.<05><NEWLINE>Are you all right?<SPEAKER_BREAK>"
2773,"rotdd",0x001C8EA3,"Narsha: Yes... <02>I'm sorry.<SPEAKER_BREAK>"
2774,"rotdd",0x001C8EBF,"Narsha: Yes... <02>I'm sorry.<05><NEWLINE>But... How...?<PAGE_BREAK>I thought you were...?<SPEAKER_BREAK>"
2775,"rotdd",0x001C8F02,"Mawlock: Ahem. Well,<NEWLINE>nothing to be worried about.<SPEAKER_BREAK>"
2776,"rotdd",0x001C8F35,"Narsha: I'm so sorry.<NEWLINE>I'm not strong enough... I'm<NEWLINE>only dragging you down...<SPEAKER_BREAK>"
2777,"rotdd",0x001C8F83,"Mawlock: I told you, there's<NEWLINE>no need to worry about it.<PAGE_BREAK>Enough talk...<05><NEWLINE>Let us go inside.<SPEAKER_BREAK>"
2778,"rotdd",0x001C8FDE,"Narsha: Now we'll finally<NEWLINE>be able to join up with<NEWLINE>the Shining Force!<PAGE_BREAK>...Farewell, Runefaust...<05><NEWLINE>...Farewell, Father...<PAGE_BREAK>I...<05><NEWLINE>have to keep going...<SPEAKER_BREAK>"
2779,"rotdd",0x001C9072,"<PLAYER_NAME>:<NEWLINE>Where am I...?<PAGE_BREAK>Where's the carriage...?<SPEAKER_BREAK>"
2780,"rotdd",0x001C90BB,"Mawlock: Now, now!<NEWLINE>Don't look at me like that!<NEWLINE>Nothing fishy about me...<PAGE_BREAK>Well, maybe a little.<05><NEWLINE>I am Mawlock.<PAGE_BREAK>I have come to ask you<NEWLINE>for a favor.<SPEAKER_BREAK>"
2781,"rotdd",0x001C916B,"Mawlock: Cards. <02>You see,<NEWLINE>there are cards in this<NEWLINE>world with mysterious powers.<PAGE_BREAK>You will have many chances to<NEWLINE>acquire these cards.<PAGE_BREAK>Search in various places and<NEWLINE>listen to what people say, and<NEWLINE>collect as many as you can.<PAGE_BREAK>They will surely be of great<NEWLINE>help to you in the future.<SPEAKER_BREAK>"
2782,"rotdd",0x001C927F,"<PLAYER_NAME>:<NEWLINE>So, you're telling me<NEWLINE>to collect cards?<SPEAKER_BREAK>"
2783,"rotdd",0x001C92AB,"Mawlock: Exactly.<NEWLINE>I'm sure you'll find them<NEWLINE>extremely useful.<PAGE_BREAK>Now then, I must be going.<NEWLINE>I have many things to do.<SPEAKER_BREAK>"
2784,"rotdd",0x001C931F,"<PLAYER_NAME>:<NEWLINE>Just who exactly<NEWLINE>are you, anyway?<SPEAKER_BREAK>"
2785,"rotdd",0x001C9345,"Mawlock: Come, come.<NEWLINE>Does it really matter?<PAGE_BREAK>That's not what's important.<05><NEWLINE>Have you been following my<NEWLINE>advice about collecting cards?<SPEAKER_BREAK>"
2786,"rotdd",0x001C93CA,"Mawlock: Wonderful!<NEWLINE>Soon, I shall explain<NEWLINE>how to use those cards.<SPEAKER_BREAK>"
2787,"rotdd",0x001C940D,"Mawlock: Hmm...<NEWLINE>This is most disappointing.<NEWLINE>Well, it's still not too late.<PAGE_BREAK>Please try and collect as<NEWLINE>many cards as you can.<NEWLINE>Allow me to explain...<SPEAKER_BREAK>"
2788,"rotdd",0x001C94A1,"Mawlock:<NEWLINE>I can use the power<NEWLINE>of the cards you collect.<PAGE_BREAK>Using cards allows me to<NEWLINE>do a variety of things.<NEWLINE>For example...<PAGE_BREAK>I can use <QUOTE>Copy<QUOTE> to give<NEWLINE>myself the powers of a<NEWLINE>priest, a mage, and so forth.<PAGE_BREAK>My normal attack<NEWLINE>changes depending on the<NEWLINE>effect of the card.<PAGE_BREAK>Next, the <QUOTE>Move<QUOTE> command.<NEWLINE>This allows the ally on the<NEWLINE>card to act one more time.<PAGE_BREAK>Lastly, <QUOTE>Imitate<QUOTE>.<PAGE_BREAK>It creates an entity with the<NEWLINE>powers of  the card. When its<NEWLINE>HP reaches 0, it disappears.<PAGE_BREAK>Oh, and one caution:<NEWLINE>You can only carry up to<NEWLINE>4 cards with you at one time.<PAGE_BREAK>The cards you bring into<NEWLINE>battle affect the difficulty<NEWLINE>of the battle.<PAGE_BREAK>So, experiment a little!<NEWLINE>I believe that's about it.<05><NEWLINE>Shall I explain it again?<SPEAKER_BREAK>"
2789,"rotdd",0x001C9742,"Mawlock: Well then,<NEWLINE>that's about all you need<NEWLINE>to know about cards.<PAGE_BREAK>Don't be afraid to try<NEWLINE>these things out. You might be<NEWLINE>surprised at what you learn...<PAGE_BREAK>Now then, I must be going.<SPEAKER_BREAK>"
2790,"rotdd",0x001C97F6,"A thousand years passed...<PAGE_BREAK>Fearing that the Dark<NEWLINE>Power would once again<NEWLINE>rise up...<PAGE_BREAK>...we secretly left behind<NEWLINE>a force capable of protecting<NEWLINE>the seal.<PAGE_BREAK>You are that force...<SPEAKER_BREAK>"
2791,"rotdd",0x001C98A3,"Simone:<NEWLINE>So exciting!<NEWLINE>Then what happened?<SPEAKER_BREAK>"
2792,"rotdd",0x001C98CD,"Simone: Hello!<NEWLINE>Grandpa's out right now.<PAGE_BREAK>But, I think he's gonna be<NEWLINE>back any time now...<PAGE_BREAK>Huh? This book?<NEWLINE>It's an old story that's been<NEWLINE>passed down in Rune for ages.<PAGE_BREAK>I know! If it's OK with you,<NEWLINE>can you read it to me<NEWLINE>until Grandpa gets back?<SPEAKER_BREAK>"
2793,"rotdd",0x001C99BE,"Simone: If it's OK with you,<NEWLINE>can you read it to me<NEWLINE>until Grandpa gets back?<SPEAKER_BREAK>"
2794,"rotdd",0x001C9A0B,"Simone: OK, first of all,<NEWLINE>what's the name of<NEWLINE>the hero of this story?<SPEAKER_BREAK>"
2795,"rotdd",0x001C9A51,"Simone:<NEWLINE><PLAYER_NAME>, huh?<NEWLINE>That's a cool name!<PAGE_BREAK>OK, let's get started!<NEWLINE>Hurry up and start reading!<SPEAKER_BREAK>"
2796,"rotdd",0x001C9AA9,"Simone: Which one are you <NEWLINE>going to read?<SPEAKER_BREAK>"
2797,"rotdd",0x001C9AD4,"Simone: Are you going to read<NEWLINE>from where you left off?<SPEAKER_BREAK>"
2798,"rotdd",0x001C9B0C,"Simone:<NEWLINE>From which place?<SPEAKER_BREAK>"
2799,"rotdd",0x001C9B27,"Simone: Ooh, this is gonna be<NEWLINE>fun! Let's get started, then!<SPEAKER_BREAK>"
2800,"rotdd",0x001C9B64,"Simone: Which story do you<NEWLINE>want to copy?<SPEAKER_BREAK>"
2801,"rotdd",0x001C9B8E,"Simone: Where do you want<NEWLINE>to copy it to?<SPEAKER_BREAK>"
2802,"rotdd",0x001C9BB8,"Simone: OK, I copied it.<SPEAKER_BREAK>"
2803,"rotdd",0x001C9BD2,"Simone: No way! Really?<NEWLINE>Which one shall I erase?<SPEAKER_BREAK>"
2804,"rotdd",0x001C9C04,"Simone: Are you sure?<SPEAKER_BREAK>"
2805,"rotdd",0x001C9C1B,"Simone: OK, it's gone now.<SPEAKER_BREAK>"
2806,"rotdd",0x001C9C37,"Simone: Changed your mind?<NEWLINE>OK, let's start reading!<SPEAKER_BREAK>"
2807,"rotdd",0x001C9C6C,"Simone:<NEWLINE>Oh noooo!<NEWLINE>Your story is gone!!!<PAGE_BREAK>You can't read from this place<NEWLINE>anymore, so can I erase it?<SPEAKER_BREAK>"
2808,"rotdd",0x001C9CD0,"Simone: ...Finished, already?<NEWLINE>Come to think of it,<NEWLINE>Grandpa's still not back yet.<PAGE_BREAK>So you're going home now?<NEWLINE>OK. Come read to me again<NEWLINE>sometime! <02>Bye bye!<SPEAKER_BREAK>"
2809,"rotdd",0x001C9D6A,"Simone:<NEWLINE>Oh nooooo!<NEWLINE>I couldn't copy the file!!!<SPEAKER_BREAK>"
2810,"rotdd",0x001C9D9A,"Nova: ...Perhaps Dark Dragon<NEWLINE>used the last of his power...<PAGE_BREAK>...and his evil will to<NEWLINE>take <PLAYER_NAME> with<NEWLINE>him into the void...<SPEAKER_BREAK>"
2811,"rotdd",0x001C9E0F,"Nova: Let us go. Dark Dragon<NEWLINE>has been sealed once more.<05><NEWLINE>The battle is over.<SPEAKER_BREAK>"
2812,"rotdd",0x001C9E5D,"Ken: Was that an Egress spell?<NEWLINE>Where's <PLAYER_NAME>?<05><NEWLINE><PLAYER_NAME>'s gone!<SPEAKER_BREAK>"
2813,"rotdd",0x001C9E93,"Luke: Hey, that was Egress!<NEWLINE>Huh? Where's <PLAYER_NAME>?<NEWLINE><PLAYER_NAME>'s gone!<SPEAKER_BREAK>"
2814,"rotdd",0x001C9ECA,"Hans: ...The Egress spell...<NEWLINE>Huh? What's going on?<NEWLINE><PLAYER_NAME>'s nowhere to be seen!<SPEAKER_BREAK>"
2815,"rotdd",0x001C9F16,"Tao: The Egress spell?<NEWLINE>...<PLAYER_NAME>?<05><NEWLINE>Where is <PLAYER_NAME>?<SPEAKER_BREAK>"
2816,"rotdd",0x001C9F41,"Lowe: Egress! We're saved!<NEWLINE>Huh? Wha--?<05><NEWLINE>Hey, where's <PLAYER_NAME>?<SPEAKER_BREAK>"
2817,"rotdd",0x001C9F7A,"Gong: ...Was that Egress?<NEWLINE>Huh? Where is <PLAYER_NAME>?<05><NEWLINE>He couldn't have...<SPEAKER_BREAK>"
2818,"rotdd",0x001C9FBB,"Mae: ...That was Egress!<05><NEWLINE>Huh? Where's <PLAYER_NAME>?<05><NEWLINE>No... he couldn't be...<SPEAKER_BREAK>"
2819,"rotdd",0x001C9FFF,"Gort: Whew, saved by Egress!<NEWLINE>That was close...<05><NEWLINE>What happened to <PLAYER_NAME>?<SPEAKER_BREAK>"
2820,"rotdd",0x001CA044,"Khris: ...Egress...<05><NEWLINE>...<PLAYER_NAME>?<05><NEWLINE><PLAYER_NAME> has vanished!<SPEAKER_BREAK>"
2821,"rotdd",0x001CA071,"Anri: ...That was Egress.<05><NEWLINE>...Wait a second...<05><NEWLINE>Where is <PLAYER_NAME>?<SPEAKER_BREAK>"
2822,"rotdd",0x001CA0AE,"Arthur: Whew, we're saved!<NEWLINE><PLAYER_NAME> must've cast Egress.<05><NEWLINE>Huh? Where is <PLAYER_NAME>?<SPEAKER_BREAK>"
2823,"rotdd",0x001CA0F3,"Balbaroy: That was close...<NEWLINE><PLAYER_NAME> must've cast Egress.<05><NEWLINE>...But, where is he?<SPEAKER_BREAK>"
2824,"rotdd",0x001CA13D,"Amon: We're safe...<NEWLINE>That must have been Egress.<05><NEWLINE>Wait...Where's <PLAYER_NAME>?<SPEAKER_BREAK>"
2825,"rotdd",0x001CA181,"Diane: That was a close call!<NEWLINE><PLAYER_NAME>'s magic must have<NEWLINE>saved us...<02><PLAYER_NAME>?<SPEAKER_BREAK>"
2826,"rotdd",0x001CA1C3,"Zylo: We must've been<NEWLINE>saved by Egress... <02>Huh?<NEWLINE>Where'd <PLAYER_NAME> go?<SPEAKER_BREAK>"
2827,"rotdd",0x001CA201,"Pelle: Whew, I thought we were<NEWLINE>done for! Thank you, Egress!<05><NEWLINE>...Uh... <PLAYER_NAME>'s gone...<SPEAKER_BREAK>"
2828,"rotdd",0x001CA254,"Vankar: Hey, let me know next<NEWLINE>time before you start using<NEWLINE>Egress! <02>...<PLAYER_NAME>?<SPEAKER_BREAK>"
2829,"rotdd",0x001CA29E,"Narsha: Was that Egress?<NEWLINE><PLAYER_NAME>...<05><NEWLINE>Where is <PLAYER_NAME>?<SPEAKER_BREAK>"
2830,"rotdd",0x001CA2CA,"Mawlock: Well, I guess I have<NEWLINE>Egress to thank.<05><NEWLINE>...Huh? <PLAYER_NAME>?<SPEAKER_BREAK>"
2831,"rotdd",0x001CA306,"Zuika: Saved by Egress...<NEWLINE>...<PLAYER_NAME>?<05><NEWLINE>Where are you?<SPEAKER_BREAK>"
2832,"rotdd",0x001CA337,"Kokichi: Well, I'm not dead<NEWLINE>yet! Thanks, <PLAYER_NAME>?<05><NEWLINE>...Huh?<SPEAKER_BREAK>"
2833,"rotdd",0x001CA36D,"Yogurt: ...Rakkii!<05><NEWLINE>...<05><NEWLINE>...<PLAYER_NAME>?<SPEAKER_BREAK>"
2834,"rotdd",0x001CA38D,"Guntz: Egress, huh...?<NEWLINE>Looks like everybody's OK.<05><NEWLINE>...Hey, where's <PLAYER_NAME>?<SPEAKER_BREAK>"
2835,"rotdd",0x001CA402,"Earnest: That was Egress!<NEWLINE>Looks like we're safe now.<05><NEWLINE>...Huh? Where's <PLAYER_NAME>?<SPEAKER_BREAK>"
2836,"rotdd",0x001CA44C,"Hanzou: That was Egress...<NEWLINE>We have been saved...<05><NEWLINE>...Hm? Where is <PLAYER_NAME>?<SPEAKER_BREAK>"
2837,"rotdd",0x001CA492,"Lyle: Yikes! I thought I was<NEWLINE>gonna die! Thanks, <PLAYER_NAME>!<05><NEWLINE>...Hey, where'd he go?<SPEAKER_BREAK>"
2838,"rotdd",0x001CA4DE,"Musashi: I have been rescued<NEWLINE>by the power of Egress...<05><NEWLINE>Ah! Where is <PLAYER_NAME>?<SPEAKER_BREAK>"
2839,"rotdd",0x001CA527,"Bleu: That was Egress!<NEWLINE>I'm so glad everybody's safe!<05><NEWLINE>...Huh? Where's <PLAYER_NAME>?<SPEAKER_BREAK>"
2840,"rotdd",0x001CA571,"Alef: That was Egress...<05><NEWLINE>...What's going on?<NEWLINE><PLAYER_NAME> isn't here!<SPEAKER_BREAK>"
2841,"rotdd",0x001CA5AE,"Torasu: Egress! Splendid!<NEWLINE>We've managed to escape!<05><NEWLINE>Hm? Where's <PLAYER_NAME>?<SPEAKER_BREAK>"
2842,"rotdd",0x001CA5F2,"Adam: Egress...<05><NEWLINE>Master...?<05><NEWLINE>Master has gone...<SPEAKER_BREAK>"
2843,"rotdd",0x001CA623,"Ken: ...But, why? Egress<NEWLINE>is supposed to let all of<NEWLINE>your allies escape...<SPEAKER_BREAK>"
2844,"rotdd",0x001CA66D,"Luke: What's going on?<NEWLINE>Isn't Egress supposed to<NEWLINE>let everyone escape?<SPEAKER_BREAK>"
2845,"rotdd",0x001CA6B3,"Hans: ...Why? Egress is<NEWLINE>supposed to let everybody<NEWLINE>escape from battle...<SPEAKER_BREAK>"
2846,"rotdd",0x001CA6FC,"Tao: ...Why did this happen?<NEWLINE>Egress is supposed to let<NEWLINE>everyone escape...<SPEAKER_BREAK>"
2847,"rotdd",0x001CA747,"Lowe: Something's messed up<NEWLINE>here. Egress is supposed to<NEWLINE>let everyone get away!<SPEAKER_BREAK>"
2848,"rotdd",0x001CA797,"Gong: What? The Egress spell<NEWLINE>should have allowed all<NEWLINE>of us to retreat...<SPEAKER_BREAK>"
2849,"rotdd",0x001CA7E1,"Mae: Huh? Isn't Egress<NEWLINE>supposed to have let<NEWLINE>all of us escape?<SPEAKER_BREAK>"
2850,"rotdd",0x001CA820,"Gort: What's goin' on here?<NEWLINE>Isn't Egress supposed to<NEWLINE>let everyone escape?<SPEAKER_BREAK>"
2851,"rotdd",0x001CA86B,"Khris: ...This can't be...<NEWLINE>The Egress spell should have<NEWLINE>let us all escape...<SPEAKER_BREAK>"
2852,"rotdd",0x001CA8B9,"Anri: ...Why did this happen?<NEWLINE>Egress should have allowed<NEWLINE>all of us to escape...<SPEAKER_BREAK>"
2853,"rotdd",0x001CA90A,"Arthur: Something's wrong<NEWLINE>here! Isn't Egress supposed<NEWLINE>to let everyone escape?<SPEAKER_BREAK>"
2854,"rotdd",0x001CA959,"Balbaroy: What's going on?<NEWLINE>Egress should have allowed<NEWLINE>all of us to escape...right?<SPEAKER_BREAK>"
2855,"rotdd",0x001CA9AD,"Amon: Why did this happen?<NEWLINE>Egress should have allowed<NEWLINE>all of us to escape...<SPEAKER_BREAK>"
2856,"rotdd",0x001CA9FB,"Diane: This is strange!<NEWLINE>Egress is supposed to<NEWLINE>allow all of us to escape...<SPEAKER_BREAK>"
2857,"rotdd",0x001CAA47,"Zylo: What's going on here?<NEWLINE>Isn't Egress supposed to let<NEWLINE>all of us escape?<SPEAKER_BREAK>"
2858,"rotdd",0x001CAA93,"Pelle: Hey, what's goin' on?<NEWLINE>Egress is supposed to let<NEWLINE>all of us escape!<SPEAKER_BREAK>"
2859,"rotdd",0x001CAADD,"Vankar: What's happening?<NEWLINE>Isn't Egress supposed to let<NEWLINE>all of us escape?<SPEAKER_BREAK>"
2860,"rotdd",0x001CAB27,"Narsha: ...This can't be...<NEWLINE>The Egress spell should have<NEWLINE>allowed all of us to escape...<SPEAKER_BREAK>"
2861,"rotdd",0x001CAB80,"Mawlock: I can't believe it.<NEWLINE>Egress should have allowed<NEWLINE>all of us to escape...<SPEAKER_BREAK>"
2862,"rotdd",0x001CABD0,"Zuika: ...It can't be...<NEWLINE>The Egress spell is supposed<NEWLINE>to let everyone escape...<SPEAKER_BREAK>"
2863,"rotdd",0x001CAC21,"Kokichi: What's going on?<NEWLINE>Shouldn't the Egress spell<NEWLINE>have let all of us escape?<SPEAKER_BREAK>"
2864,"rotdd",0x001CAC80,"Guntz: What's going on here?<NEWLINE>I thought Egress was supposed<NEWLINE>to let all of us escape!<SPEAKER_BREAK>"
2865,"rotdd",0x001CACFE,"Earnest: What's going on?<NEWLINE>I thought Egress was supposed<NEWLINE>to let all of us escape...<SPEAKER_BREAK>"
2866,"rotdd",0x001CAD52,"Hanzou: What has happened?<NEWLINE>The Egress spell should have<NEWLINE>allowed us all to escape...<SPEAKER_BREAK>"
2867,"rotdd",0x001CADA7,"Lyle: What is this...?<NEWLINE>Wasn't Egress supposed to<NEWLINE>let all of us escape?<SPEAKER_BREAK>"
2868,"rotdd",0x001CADEF,"Musashi: How mysterious!<NEWLINE>The Egress spell should have<NEWLINE>allowed all of us to escape...<SPEAKER_BREAK>"
2869,"rotdd",0x001CAE45,"Bleu: ...What happened?<NEWLINE>Wasn't Egress supposed to<NEWLINE>let all of us escape?<SPEAKER_BREAK>"
2870,"rotdd",0x001CAE8E,"Alef: This can't be happening.<NEWLINE>The Egress spell should have<NEWLINE>let all of us escape...<SPEAKER_BREAK>"
2871,"rotdd",0x001CAEE3,"Torasu: What is all this?<NEWLINE>The Egress spell should have<NEWLINE>let all of us escape...<SPEAKER_BREAK>"
2872,"rotdd",0x001CAF33,"Adam: I detect a malfunction.<NEWLINE>Egress should have<NEWLINE>transferred all allies...<SPEAKER_BREAK>"
2873,"rotdd",0x001CAF7F,"Ken: Th-This isn't possible!<NEWLINE>You mean <PLAYER_NAME>...<NEWLINE>...with the castle?<SPEAKER_BREAK>"
2874,"rotdd",0x001CAFBF,"Luke: I can't believe it!<NEWLINE>That means <PLAYER_NAME><NEWLINE>must have... with the castle!<SPEAKER_BREAK>"
2875,"rotdd",0x001CB005,"Hans: Impossible...<NEWLINE><PLAYER_NAME> must have...<NEWLINE>...with the castle!<SPEAKER_BREAK>"
2876,"rotdd",0x001CB03D,"Tao: I can't believe it...<NEWLINE>The castle! And <PLAYER_NAME>?<SPEAKER_BREAK>"
2877,"rotdd",0x001CB06C,"Lowe: No way! There's no way!<NEWLINE>That'd mean that <PLAYER_NAME><NEWLINE>and the castle...<SPEAKER_BREAK>"
2878,"rotdd",0x001CB0B0,"Gong: ...I can't believe it...<NEWLINE><PLAYER_NAME> must have...<NEWLINE>...with the castle!<SPEAKER_BREAK>"
2879,"rotdd",0x001CB0F3,"Mae: This is a joke, right?<NEWLINE>That'd mean that <PLAYER_NAME><NEWLINE>...with the castle!<SPEAKER_BREAK>"
2880,"rotdd",0x001CB137,"Gort: Shut your mouth!<NEWLINE>That'd mean that <PLAYER_NAME><NEWLINE>...with the castle!<SPEAKER_BREAK>"
2881,"rotdd",0x001CB176,"Khris: N-No...<NEWLINE>That would mean that <PLAYER_NAME><NEWLINE>...with the castle!<SPEAKER_BREAK>"
2882,"rotdd",0x001CB1B1,"Anri: ...I cannot believe it!<NEWLINE>That would mean that<NEWLINE><PLAYER_NAME>... with the castle!<SPEAKER_BREAK>"
2883,"rotdd",0x001CB1FB,"Arthur: ...Is this a joke?<NEWLINE>That'd mean <PLAYER_NAME><NEWLINE>must have... with the castle!<SPEAKER_BREAK>"
2884,"rotdd",0x001CB243,"Balbaroy: This isn't possible!<NEWLINE>You mean, <PLAYER_NAME>...<NEWLINE>...with the castle?<SPEAKER_BREAK>"
2885,"rotdd",0x001CB286,"Amon: But, that would mean...<NEWLINE><PLAYER_NAME>...<SPEAKER_BREAK>"
2886,"rotdd",0x001CB2AA,"Diane: Is this for real?<NEWLINE><PLAYER_NAME> was still...<SPEAKER_BREAK>"
2887,"rotdd",0x001CB2D3,"Zylo: It's just not...<NEWLINE>Then, <PLAYER_NAME>...<NEWLINE>...with the castle!<SPEAKER_BREAK>"
2888,"rotdd",0x001CB30A,"Pelle: Are you serious?<NEWLINE>You mean <PLAYER_NAME><NEWLINE>and the castle...?<SPEAKER_BREAK>"
2889,"rotdd",0x001CB341,"Vankar: Hey, wait a minute!<NEWLINE>That'd mean that <PLAYER_NAME><NEWLINE>must have... with the castle!<SPEAKER_BREAK>"
2890,"rotdd",0x001CB38F,"Narsha: But... then...<NEWLINE>That would mean that <PLAYER_NAME><NEWLINE>and the castle both...<SPEAKER_BREAK>"
2891,"rotdd",0x001CB3D5,"Mawlock: Incredible!<NEWLINE>You mean that <PLAYER_NAME><NEWLINE>was still...?<SPEAKER_BREAK>"
2892,"rotdd",0x001CB409,"Zuika: ...<NEWLINE>So, <PLAYER_NAME>...<NEWLINE>...with the castle?<SPEAKER_BREAK>"
2893,"rotdd",0x001CB432,"Kokichi: Don't say that!<NEWLINE>That'd mean that <PLAYER_NAME><NEWLINE>and the castle both...<SPEAKER_BREAK>"
2894,"rotdd",0x001CB485,"Guntz: Ha ha, don't be silly!<NEWLINE>You mean <PLAYER_NAME>...<NEWLINE>...with the castle?<SPEAKER_BREAK>"
2895,"rotdd",0x001CB4C6,"Domingo: ...Domingo!!<SPEAKER_BREAK>"
2896,"rotdd",0x001CB4DD,"Earnest: I can't believe this.<NEWLINE><PLAYER_NAME> must have...<NEWLINE>with the castle!<SPEAKER_BREAK>"
2897,"rotdd",0x001CB51D,"Hanzou: Hmm... I see...<NEWLINE><PLAYER_NAME> was inside, and...<SPEAKER_BREAK>"
2898,"rotdd",0x001CB54B,"Lyle: You gotta be kidding!<NEWLINE>That'd mean that <PLAYER_NAME><NEWLINE>must have... with the castle!<SPEAKER_BREAK>"
2899,"rotdd",0x001CB599,"Musashi: What? No!<NEWLINE><PLAYER_NAME>...<NEWLINE>...with the castle!<SPEAKER_BREAK>"
2900,"rotdd",0x001CB5C6,"Bleu: That's not possible!<NEWLINE>That'd mean that <PLAYER_NAME><NEWLINE>and the castle...<SPEAKER_BREAK>"
2901,"rotdd",0x001CB607,"Alef: N-No...<NEWLINE>That would mean that <PLAYER_NAME><NEWLINE>was inside the castle and...<SPEAKER_BREAK>"
2902,"rotdd",0x001CB64A,"Torasu: ...It can't be...<NEWLINE>That would mean that<NEWLINE><PLAYER_NAME> was still... <SPEAKER_BREAK>"
2903,"rotdd",0x001CB68A,"Adam: ... <02>Then, Master<NEWLINE>must have... with the castle!<SPEAKER_BREAK>"
2904,"rotdd",0x001CB6C1,"Ken: No way! It can't be true!<PAGE_BREAK>Somebody say something!<NEWLINE>Tell me that <PLAYER_NAME> is<NEWLINE>still alive!<SPEAKER_BREAK>"
2905,"rotdd",0x001CB718,"Luke: This can't be happening!<PAGE_BREAK>Somebody say something!<NEWLINE>Tell me that <PLAYER_NAME> is<NEWLINE>still alive!<SPEAKER_BREAK>"
2906,"rotdd",0x001CB76F,"Hans: I don't believe it!<PAGE_BREAK>Somebody say something...<NEWLINE>Tell me that <PLAYER_NAME> is<NEWLINE>still alive!<SPEAKER_BREAK>"
2907,"rotdd",0x001CB7C3,"Tao: No, I won't have it.<NEWLINE>I don't believe it one bit!<PAGE_BREAK><PLAYER_NAME> must be alive!<SPEAKER_BREAK>"
2908,"rotdd",0x001CB80B,"Lowe: Knock it off!<NEWLINE>You know it can't be true!<PAGE_BREAK>Somebody say something!<NEWLINE>Tell me that <PLAYER_NAME> is<NEWLINE>still in one piece!<SPEAKER_BREAK>"
2909,"rotdd",0x001CB879,"Gong: ...I don't believe it.<PAGE_BREAK>No, <PLAYER_NAME> must<NEWLINE>still be alive...<SPEAKER_BREAK>"
2910,"rotdd",0x001CB8B4,"Mae: ...That's not true!<PAGE_BREAK>Somebody say something!<NEWLINE>Tell me that <PLAYER_NAME> is<NEWLINE>still alive!<SPEAKER_BREAK>"
2911,"rotdd",0x001CB905,"Gort: I don't believe it!<NEWLINE>It must be a mistake!<PAGE_BREAK>Hey, somebody say something!<NEWLINE><PLAYER_NAME> must be<NEWLINE>alive, right?<SPEAKER_BREAK>"
2912,"rotdd",0x001CB96B,"Khris: No... It can't be!<PAGE_BREAK>Please, someone say something!<NEWLINE>Tell me that <PLAYER_NAME><NEWLINE>is still alive!<SPEAKER_BREAK>"
2913,"rotdd",0x001CB9C4,"Anri: I...<05><NEWLINE>I cannot believe this!<PAGE_BREAK>Please, someone say something!<NEWLINE>Say that <PLAYER_NAME> is alive!<SPEAKER_BREAK>"
2914,"rotdd",0x001CBA1C,"Arthur: You're joking, right?<PAGE_BREAK>Hey, somebody say something!<NEWLINE>Tell me that <PLAYER_NAME> is<NEWLINE>still alive!<SPEAKER_BREAK>"
2915,"rotdd",0x001CBA77,"Balbaroy: I can't believe it!<PAGE_BREAK>Somebody say something!<NEWLINE>Tell me that <PLAYER_NAME> is<NEWLINE>still alive!<SPEAKER_BREAK>"
2916,"rotdd",0x001CBACD,"Amon: No...<PAGE_BREAK>Please, someone say something!<NEWLINE>Tell me that <PLAYER_NAME><NEWLINE>is still alive!<SPEAKER_BREAK>"
2917,"rotdd",0x001CBB18,"Diane: That can't be true!<NEWLINE>No! I won't believe it!<PAGE_BREAK>Somebody say something!<NEWLINE>Tell me that <PLAYER_NAME> is<NEWLINE>still alive!<SPEAKER_BREAK>"
2918,"rotdd",0x001CBB83,"Zylo: ...I don't believe it.<NEWLINE>That's not possible!<PAGE_BREAK>Somebody say something!<NEWLINE>Tell me that <PLAYER_NAME> is<NEWLINE>still alive!<SPEAKER_BREAK>"
2919,"rotdd",0x001CBBED,"Pelle: It can't be!<PAGE_BREAK>Somebody say something!<NEWLINE>Tell me that <PLAYER_NAME> is<NEWLINE>still alive!<SPEAKER_BREAK>"
2920,"rotdd",0x001CBC39,"Vankar: Don't be ridiculous!<NEWLINE>There must be some mistake!<PAGE_BREAK>Somebody say something!<NEWLINE>Tell me that <PLAYER_NAME> is<NEWLINE>still alive!<SPEAKER_BREAK>"
2921,"rotdd",0x001CBCAA,"Narsha: No... I...<05><NEWLINE>I cannot believe this!<PAGE_BREAK>Please... <02><NEWLINE>Tell me that <PLAYER_NAME><NEWLINE>is still alive!<SPEAKER_BREAK>"
2922,"rotdd",0x001CBD01,"Mawlock: The world is full of<NEWLINE>uncertainty, and so is life...<05><NEWLINE>But, this is too much.<PAGE_BREAK>Tell me that <PLAYER_NAME> is<NEWLINE>still safe and sound.<SPEAKER_BREAK>"
2923,"rotdd",0x001CBD7F,"Zuika: ...<PAGE_BREAK>...I don't want to believe it,<NEWLINE>but... <02>fate is fate.<SPEAKER_BREAK>"
2924,"rotdd",0x001CBDC0,"Kokichi:<NEWLINE>That's a lie!<PAGE_BREAK>Isn't somebody gonna say<NEWLINE>something? Tell me that<NEWLINE><PLAYER_NAME> is still alive!<SPEAKER_BREAK>"
2925,"rotdd",0x001CBE2F,"Guntz: That's a bunch of bull!<PAGE_BREAK>C'mon, somebody say something!<NEWLINE><PLAYER_NAME>'s gotta still<NEWLINE>be alive, right?<SPEAKER_BREAK>"
2926,"rotdd",0x001CBE8F,"Domingo: ...Domingo!<PAGE_BREAK>...Domi--?<05><NEWLINE>...<05><NEWLINE>...Domingo...<SPEAKER_BREAK>"
2927,"rotdd",0x001CBEC4,"Earnest: I don't believe it!<PAGE_BREAK>Somebody say something!<NEWLINE>Tell me that <PLAYER_NAME> is<NEWLINE>still alive!<SPEAKER_BREAK>"
2928,"rotdd",0x001CBF19,"Hanzou: ...By the gods!<PAGE_BREAK>No, I shall not believe it!<NEWLINE><PLAYER_NAME> must still<NEWLINE>be alive somewhere!<SPEAKER_BREAK>"
2929,"rotdd",0x001CBF6F,"Lyle: This isn't happening...<PAGE_BREAK>Somebody say something!<NEWLINE>Tell me that <PLAYER_NAME> is<NEWLINE>still alive!<SPEAKER_BREAK>"
2930,"rotdd",0x001CBFC5,"Musashi: ...Ohhh...<NEWLINE>This cannot be...<PAGE_BREAK>Please, someone tell<NEWLINE>me that <PLAYER_NAME><NEWLINE>has not been harmed!<SPEAKER_BREAK>"
2931,"rotdd",0x001CC020,"Bleu: That's not true!<05><NEWLINE>I'm not gonna believe it!<PAGE_BREAK>Somebody say something!<NEWLINE>Tell me that <PLAYER_NAME> is<NEWLINE>still alive!<SPEAKER_BREAK>"
2932,"rotdd",0x001CC08A,"Alef: That can't be...<PAGE_BREAK>Someone please say something!<NEWLINE>Tell me that <PLAYER_NAME><NEWLINE>is still alive!<SPEAKER_BREAK>"
2933,"rotdd",0x001CC0DF,"Torasu: <NEWLINE>This is terrible...<02> <NEWLINE>Please, anyone...<PAGE_BREAK>Ease my troubled mind.<NEWLINE>Tell me that <PLAYER_NAME><NEWLINE>didn't...<SPEAKER_BREAK>"
2934,"rotdd",0x001CC141,"Adam: That information...<05><NEWLINE>does not compute.<PAGE_BREAK>Master must still be<NEWLINE>alive...<SPEAKER_BREAK>"
2935,"rotdd",0x001CC18D,"Ken: The castle's gone...<NEWLINE>I can't see anything...<SPEAKER_BREAK>"
2936,"rotdd",0x001CC1C0,"Luke: The castle's gone...<NEWLINE>I can't see anything...<SPEAKER_BREAK>"
2937,"rotdd",0x001CC1F4,"Hans: The castle's gone...<NEWLINE>I can't see anything...<SPEAKER_BREAK>"
2938,"rotdd",0x001CC228,"Tao: The castle's gone...<NEWLINE>I can't see anything...<SPEAKER_BREAK>"
2939,"rotdd",0x001CC25B,"Lowe: The castle's gone...<NEWLINE>I can't see anything...<SPEAKER_BREAK>"
2940,"rotdd",0x001CC28F,"Gong: The castle's gone...<NEWLINE>I can't see anything...<SPEAKER_BREAK>"
2941,"rotdd",0x001CC2C3,"Gong: The castle's gone...<NEWLINE>I can't see anything there!<SPEAKER_BREAK>"
2942,"rotdd",0x001CC2FB,"Gong: The castle's gone...<NEWLINE>I don't see a darn thing!<SPEAKER_BREAK>"
2943,"rotdd",0x001CC331,"Khris: The castle has gone...<NEWLINE>I can't see anything...<SPEAKER_BREAK>"
2944,"rotdd",0x001CC368,"Anri: The castle has gone...<NEWLINE>There's nothing there...<SPEAKER_BREAK>"
2945,"rotdd",0x001CC39F,"Arthur: The castle's gone...<NEWLINE>I can't see anything...<SPEAKER_BREAK>"
2946,"rotdd",0x001CC3D5,"Balbaroy: The castle's gone...<NEWLINE>I can't see anything...<SPEAKER_BREAK>"
2947,"rotdd",0x001CC40D,"Amon: The castle is gone...<NEWLINE>I can't see anything...<SPEAKER_BREAK>"
2948,"rotdd",0x001CC442,"Diane: The castle's gone...<NEWLINE>I can't see anything...<SPEAKER_BREAK>"
2949,"rotdd",0x001CC477,"Zylo: The castle's gone...<NEWLINE>I can't see anything...<SPEAKER_BREAK>"
2950,"rotdd",0x001CC4AB,"Pelle: The castle's gone...<NEWLINE>I can't see anything...<SPEAKER_BREAK>"
2951,"rotdd",0x001CC4E0,"Vankar: The castle's gone...<NEWLINE>I can't see anything...<SPEAKER_BREAK>"
2952,"rotdd",0x001CC516,"Narsha: The castle is gone...<NEWLINE>I can't see anything...<SPEAKER_BREAK>"
2953,"rotdd",0x001CC54D,"Mawlock: The castle's gone...<NEWLINE>I can't see anything...<SPEAKER_BREAK>"
2954,"rotdd",0x001CC584,"Zuika: The castle's gone...<NEWLINE>I can't see anything...<SPEAKER_BREAK>"
2955,"rotdd",0x001CC5B9,"Kokichi: The castle's gone...<NEWLINE>I don't see a thing...<SPEAKER_BREAK>"
2956,"rotdd",0x001CC5FD,"Guntz: The castle's gone...<NEWLINE>I can't see anything...<SPEAKER_BREAK>"
2957,"rotdd",0x001CC632,"Domingo: ...Domingo!<05><NEWLINE>...Domingo!!<SPEAKER_BREAK>"
2958,"rotdd",0x001CC656,"Earnest: The castle's gone...<NEWLINE>I can't see anything...<SPEAKER_BREAK>"
2959,"rotdd",0x001CC68D,"Hanzou: The castle is gone...<NEWLINE>Nothing remains...<SPEAKER_BREAK>"
2960,"rotdd",0x001CC6BF,"Lyle: The castle's gone...<NEWLINE>I can't see anything...<SPEAKER_BREAK>"
2961,"rotdd",0x001CC6F3,"Musashi: The castle has<NEWLINE>disappeared. I can't see<NEWLINE>anything...<SPEAKER_BREAK>"
2962,"rotdd",0x001CC731,"Bleu: The castle's gone...<NEWLINE>I can't see anything...<SPEAKER_BREAK>"
2963,"rotdd",0x001CC765,"Alef: The castle is gone...<NEWLINE>I can't see anything...<SPEAKER_BREAK>"
2964,"rotdd",0x001CC79A,"Torasu: The castle is gone...<NEWLINE>I can't see anything...<SPEAKER_BREAK>"
2965,"rotdd",0x001CC7D1,"Adam: The undersea plant...<05><NEWLINE>The castle...<05><NEWLINE>Nothing is visible...<SPEAKER_BREAK>"
2966,"rotdd",0x001CC814,"Ken: ...Don't worry.<NEWLINE><PLAYER_NAME>'s got to<NEWLINE>be alive. I know it!<SPEAKER_BREAK>"
2967,"rotdd",0x001CC84A,"Luke: ...Don't worry.<NEWLINE><PLAYER_NAME> must<NEWLINE>be alive. <SPEAKER_BREAK>"
2968,"rotdd",0x001CC873,"Hans: ...Don't you worry.<NEWLINE><PLAYER_NAME> wouldn't perish<NEWLINE>so easily!<SPEAKER_BREAK>"
2969,"rotdd",0x001CC8AB,"Tao: ...Don't worry.<NEWLINE>I know <PLAYER_NAME><NEWLINE>must still be alive.<SPEAKER_BREAK>"
2970,"rotdd",0x001CC8DF,"Lowe: Heh heh, not to worry.<NEWLINE>Knowing <PLAYER_NAME>, he's<NEWLINE>gotta be alive somewhere!<SPEAKER_BREAK>"
2971,"rotdd",0x001CC927,"Gong: ...No need to worry.<NEWLINE><PLAYER_NAME> must be alive!<NEWLINE>I'm sure of it!<SPEAKER_BREAK>"
2972,"rotdd",0x001CC964,"Mae: ...Don't worry.<NEWLINE><PLAYER_NAME>'s got to<NEWLINE>be alive. I know it!<SPEAKER_BREAK>"
2973,"rotdd",0x001CC99A,"Gort: ...Don't you worry!<NEWLINE>I know <PLAYER_NAME> has<NEWLINE>to be alive somewhere!<SPEAKER_BREAK>"
2974,"rotdd",0x001CC9D9,"Khris: ...Don't worry.<NEWLINE><PLAYER_NAME> must be alive!<NEWLINE>I just know it!<SPEAKER_BREAK>"
2975,"rotdd",0x001CCA12,"Anri: ...Don't worry.<NEWLINE><PLAYER_NAME> must still<NEWLINE>be alive! I know it!<SPEAKER_BREAK>"
2976,"rotdd",0x001CCA4B,"Arthur: ...Don't you worry.<NEWLINE>Knowing <PLAYER_NAME>, he's<NEWLINE>gotta still be alive!<SPEAKER_BREAK>"
2977,"rotdd",0x001CCA8E,"Balbaroy: ...Don't worry.<NEWLINE>Knowing <PLAYER_NAME>, he<NEWLINE>must still be alive!<SPEAKER_BREAK>"
2978,"rotdd",0x001CCACC,"Amon: ...Do not worry.<NEWLINE><PLAYER_NAME> must still be<NEWLINE>alive! I am sure of it!<SPEAKER_BREAK>"
2979,"rotdd",0x001CCB0C,"Diane: ...Don't worry.<NEWLINE><PLAYER_NAME>'s got to<NEWLINE>be alive. I know it!<SPEAKER_BREAK>"
2980,"rotdd",0x001CCB44,"Zylo: ...No need to worry.<NEWLINE>I know <PLAYER_NAME>'s got to<NEWLINE>be alive somewhere...<SPEAKER_BREAK>"
2981,"rotdd",0x001CCB88,"Pelle: ...Don't you worry.<NEWLINE>Knowing <PLAYER_NAME>, he's<NEWLINE>gotta still be alive!<SPEAKER_BREAK>"
2982,"rotdd",0x001CCBCA,"Vankar: ...Not to worry!<NEWLINE>There's no way that<NEWLINE><PLAYER_NAME> could have died!<SPEAKER_BREAK>"
2983,"rotdd",0x001CCC0B,"Narsha: ...Don't worry.<NEWLINE>I know that <PLAYER_NAME><NEWLINE>must still be alive somehow!<SPEAKER_BREAK>"
2984,"rotdd",0x001CCC4F,"Mawlock: ...Never fear.<NEWLINE><PLAYER_NAME> is not the type of<NEWLINE>man to be killed so easily.<SPEAKER_BREAK>"
2985,"rotdd",0x001CCC99,"Zuika: ...No worries.<NEWLINE><PLAYER_NAME> wouldn't<NEWLINE>die like that...<SPEAKER_BREAK>"
2986,"rotdd",0x001CCCCC,"Kokichi: ...Not to worry!<NEWLINE><PLAYER_NAME> wouldn't die!<NEWLINE>He's gotta still be alive!<SPEAKER_BREAK>"
2987,"rotdd",0x001CCD1F,"Guntz: ...Don't worry.<NEWLINE><PLAYER_NAME>'s got to<NEWLINE>be alive. I know it!<SPEAKER_BREAK>"
2988,"rotdd",0x001CCD57,"Domingo: ...Domingo!!<SPEAKER_BREAK>"
2989,"rotdd",0x001CCD6E,"Earnest: Don't look so down!<NEWLINE><PLAYER_NAME>'s gotta<NEWLINE>be alive!<SPEAKER_BREAK>"
2990,"rotdd",0x001CCDA0,"Hanzou: No need to worry.<NEWLINE><PLAYER_NAME> is surely<NEWLINE>still alive somewhere.<SPEAKER_BREAK>"
2991,"rotdd",0x001CCDDE,"Lyle: Don't you worry!<NEWLINE><PLAYER_NAME> must be out<NEWLINE>there, somewhere!<SPEAKER_BREAK>"
2992,"rotdd",0x001CCE16,"Musashi: ...Calm yourself.<NEWLINE>The gods must still have<NEWLINE>much in store for <PLAYER_NAME>...<SPEAKER_BREAK>"
2993,"rotdd",0x001CCE62,"Bleu: ...Don't worry!<NEWLINE><PLAYER_NAME>'s gotta<NEWLINE>be alive. I know it!<SPEAKER_BREAK>"
2994,"rotdd",0x001CCE98,"Alef: ...Don't worry.<NEWLINE><PLAYER_NAME> must still<NEWLINE>be alive. I'm sure of it!<SPEAKER_BREAK>"
2995,"rotdd",0x001CCED6,"Torasu: ...No need to worry.<NEWLINE>I know that <PLAYER_NAME><NEWLINE>is still alive somehow!<SPEAKER_BREAK>"
2996,"rotdd",0x001CCF1A,"Adam: ...Do not worry.<NEWLINE>Master is surely<NEWLINE>still alive!<SPEAKER_BREAK>"
2997,"rotdd",0x001CCF50,"Ken: ...<PAGE_BREAK>I always wanted to be<NEWLINE>just like <PLAYER_NAME>...<PAGE_BREAK>So, when I found out I could<NEWLINE>go with him to the Gate of<NEWLINE>the Ancients, I was thrilled.<PAGE_BREAK>Since then, I've tried<NEWLINE>my best to make<NEWLINE><PLAYER_NAME> proud of me...<PAGE_BREAK>And now we've finally<NEWLINE>sealed Dark Dragon...<PAGE_BREAK>Why did this have to happen?!<SPEAKER_BREAK>"
2998,"rotdd",0x001CD065,"Luke: ...<PAGE_BREAK>You were our leader...<PAGE_BREAK>You always thought of us, and<NEWLINE>you always fought bravely...<PAGE_BREAK>You had enough guts to put<NEWLINE>even us dwarves to shame.<PAGE_BREAK>You were a warrior among<NEWLINE>warriors, and I'll never<NEWLINE>forget you...<SPEAKER_BREAK>"
2999,"rotdd",0x001CD146,"Hans: ...<PAGE_BREAK>...I'm sorry. All I ever<NEWLINE>did was complain about how<NEWLINE>I was no good at fighting...<PAGE_BREAK>But still, you gave me the<NEWLINE>chance to prove myself.<PAGE_BREAK>I... I didn't really hate<NEWLINE>fighting. I was just afraid.<PAGE_BREAK>But, I'm OK now.<NEWLINE>You taught me what<NEWLINE>courage was all about.<SPEAKER_BREAK>"
3000,"rotdd",0x001CD256,"Tao: ...<PAGE_BREAK>I fought for Lady Anri because<NEWLINE>she accepted me as a mage.<05><NEWLINE>I was so proud...<PAGE_BREAK>I didn't know it<NEWLINE>at first... <02>but...<PAGE_BREAK>It was you that I always<NEWLINE>looked to on the battlefield.<PAGE_BREAK>And then, I realized...<05><NEWLINE>I wanted to use my power<NEWLINE>for you as well as Lady Anri.<PAGE_BREAK>And now, it's too late...<SPEAKER_BREAK>"
3001,"rotdd",0x001CD381,"Lowe: ...<PAGE_BREAK>Why'd you have to go<NEWLINE>and disappear on me like that?<PAGE_BREAK>I'm the one who found you<NEWLINE>washed up on the shore!<PAGE_BREAK>I saved your life, pal!<NEWLINE>You owe me!<05><NEWLINE>So, why'd you...<PAGE_BREAK>Why'd you have to<NEWLINE>go and disappear on me...<SPEAKER_BREAK>"
3002,"rotdd",0x001CD463,"Gong: ...<PAGE_BREAK>I was led by a star to a<NEWLINE>faraway land to meet you.<PAGE_BREAK>I was lost...<NEWLINE>What was I supposed to do?<NEWLINE>What was I supposed to seek?<PAGE_BREAK>Your courage and determination<NEWLINE>showed me the way.<PAGE_BREAK>Your leadership allowed us to<NEWLINE>accomplish our great mission.<PAGE_BREAK>For it to end like this...<SPEAKER_BREAK>"
3003,"rotdd",0x001CD57F,"Mae: ...<PAGE_BREAK>Why'd you do this? Our long<NEWLINE>fight was finally over, and<NEWLINE>you had so much ahead of you.<PAGE_BREAK>Everyone would have welcomed<NEWLINE>you with open arms when we<NEWLINE>got back to Guardiana...<PAGE_BREAK>You would have been the hero<NEWLINE>of Guardiana...<05><NEWLINE>no, of all of Rune...<PAGE_BREAK>But now...<NEWLINE>with the hero gone, there'll<NEWLINE>be nothing but sorrow...<PAGE_BREAK>...<PAGE_BREAK>And I... I wanted to...<SPEAKER_BREAK>"
3004,"rotdd",0x001CD6DF,"Gort: ...<PAGE_BREAK>...When I close my eyes, I can<NEWLINE>see it like it was yesterday.<PAGE_BREAK>You reached out to me as<NEWLINE>a friend in that bar.<PAGE_BREAK>Even with all the rage in me,<NEWLINE>I couldn't have done<NEWLINE>anything by myself.<PAGE_BREAK>You gave an old man<NEWLINE>one last chance in life.<PAGE_BREAK>I was so happy for it...<NEWLINE>And so, I fought and fought<NEWLINE>as hard as I could...<PAGE_BREAK>And now, we've finally got<NEWLINE>victory in our grasp...<PAGE_BREAK>Why, <PLAYER_NAME>...?<05><NEWLINE>Why aren't you here<NEWLINE>with the rest of us?!<SPEAKER_BREAK>"
3005,"rotdd",0x001CD88D,"Khris: ...<PAGE_BREAK>From the very first day I<NEWLINE>met you in Alterone, my<NEWLINE>destiny was changed forever.<PAGE_BREAK>I had always drifted along<NEWLINE>from day to day, never<NEWLINE>thinking about tomorrow...<PAGE_BREAK>But on that day, I was<NEWLINE>entrusted with a great<NEWLINE>and noble mission,<PAGE_BREAK>to use the power heaven gave<NEWLINE>me to protect people's lives.<PAGE_BREAK>I finally discovered why I<NEWLINE>was put on this earth,<05><NEWLINE>and it made me so happy.<PAGE_BREAK>But in the end...<PAGE_BREAK>I couldn't even protect the<NEWLINE>one who mattered most...<PAGE_BREAK>...<SPEAKER_BREAK>"
3006,"rotdd",0x001CDA58,"Anri: ...<PAGE_BREAK>I can still remember... <02>When I<NEWLINE>heard about my father's death,<NEWLINE>I didn't know where to turn.<PAGE_BREAK>Were it not for your kindness,<NEWLINE>I might never have been able<NEWLINE>to face reality.<PAGE_BREAK>It was all because<NEWLINE>you were there for me...<PAGE_BREAK>I am Princess of Guardiana,<NEWLINE>one entrusted with guarding<NEWLINE>the Gate of the Ancients...<PAGE_BREAK>But, it was your strength that<NEWLINE>enabled me to honor my<NEWLINE>father's memory in battle.<PAGE_BREAK>...Thank you.<PAGE_BREAK>Thank you so much.<SPEAKER_BREAK>"
3007,"rotdd",0x001CDC0D,"Arthur: ...<PAGE_BREAK>If I... If I'd never met you,<NEWLINE>I'll bet I'd still be an<NEWLINE>errand boy in Manarina.<PAGE_BREAK>I would have kept on doubting<NEWLINE>my worth as a knight and<NEWLINE>running away from battle...<PAGE_BREAK>It's all because I met you<NEWLINE>that I was able to reclaim<NEWLINE>my honor as a knight.<PAGE_BREAK>I was gonna thank you properly<NEWLINE>after the battle was over...<NEWLINE>But, now it's too late...<PAGE_BREAK>What happened? You never gave<NEWLINE>me the chance to thank you...<SPEAKER_BREAK>"
3008,"rotdd",0x001CDDAB,"Balbaroy: ...<PAGE_BREAK>When we were attacked at<NEWLINE>Shade Abbey, I thought<NEWLINE>I was going to die.<PAGE_BREAK>I thought I was never going<NEWLINE>to be able to avenge the<NEWLINE>massacre of my brethren...<PAGE_BREAK>I lost all hope.<NEWLINE>But then, you showed up<NEWLINE>and saved me and Amon.<PAGE_BREAK>You gave me a chance<NEWLINE>to fight again as the<NEWLINE>champion of the skies.<PAGE_BREAK>I made a vow that day...<NEWLINE>that I would continue to fight<NEWLINE>until these wings were broken.<PAGE_BREAK>I kept that promise.<NEWLINE>But, you're not here.<PAGE_BREAK>And there are no words to<NEWLINE>express the sadness I feel...<SPEAKER_BREAK>"
3009,"rotdd",0x001CDF9D,"Amon: ...<PAGE_BREAK>When my husband was turned<NEWLINE>to stone, I fell into despair.<NEWLINE>I thought all was lost.<PAGE_BREAK>But, your arrival changed<NEWLINE>everything...<NEWLINE>So, I made a vow that day.<PAGE_BREAK>I would offer my life...<NEWLINE>and these wings...<NEWLINE>to help seal Dark Dragon.<PAGE_BREAK>Everything went so well thanks<NEWLINE>to your strength, but now...<PAGE_BREAK>...I have reached a decision.<PAGE_BREAK>As long as we live, my people<NEWLINE>will always revere your name.<PAGE_BREAK>Your beautiful name.<SPEAKER_BREAK>"
3010,"rotdd",0x001CE141,"Diane: ...<PAGE_BREAK>Ever since I was born, I've<NEWLINE>been raised as a warrior.<PAGE_BREAK>Bustoke is surrounded by<NEWLINE>petty, squabbling nations.<NEWLINE>It has never known peace.<PAGE_BREAK>I fought alongside Lord Zylo<NEWLINE>to protect my country.<NEWLINE>I thought that was the mission<PAGE_BREAK>that I was fated to carry out.<NEWLINE>But when I met you, I knew<NEWLINE>I had an even greater mission,<PAGE_BREAK>...to protect not just a tiny<NEWLINE>kingdom, but the world...<PAGE_BREAK>The land, the air...<NEWLINE>the sea...<PAGE_BREAK>And everything that lives...<NEWLINE>That's the true mission of all<NEWLINE>who have the power to fight.<PAGE_BREAK>I pledge to continue to fight<NEWLINE>to uphold that mission when<NEWLINE>I return to Bustoke.<PAGE_BREAK>And I'll never forget...<PAGE_BREAK>the name of the great warrior<NEWLINE>who taught me the most<NEWLINE>important lesson of my life...<SPEAKER_BREAK>"
3011,"rotdd",0x001CE3FA,"Zylo: ...<PAGE_BREAK>When I fell into Balbazak's<NEWLINE>trap, I lost control of<NEWLINE>the beast within me.<PAGE_BREAK>I still remember how lonely<NEWLINE>it was... <02>and how cold...<PAGE_BREAK>I thought the only way to keep<NEWLINE>my honor as the Beast King...<PAGE_BREAK>...was to take my own<NEWLINE>life with these claws.<PAGE_BREAK>I was deep in the abyss of<NEWLINE>despair... <02>but then you<NEWLINE>came and saved my soul.<PAGE_BREAK>I can't describe to you the<NEWLINE>joy I felt at that moment...<PAGE_BREAK>I promised myself that I would<NEWLINE>fight for you until my fangs<NEWLINE>and claws were shattered!<PAGE_BREAK>But, what can I do now...?<SPEAKER_BREAK>"
3012,"rotdd",0x001CE5F4,"Pelle: ...<PAGE_BREAK>I...<NEWLINE>never even knew exactly<NEWLINE>where I was born...<PAGE_BREAK>I took to the road when I was<NEWLINE>a kid, and I've been in<NEWLINE>more battles than I can count.<PAGE_BREAK>But no matter where I went,<NEWLINE>I always got the feeling...<05><NEWLINE>that I didn't belong there.<PAGE_BREAK>So, that's how I finally<NEWLINE>ended up joining the army<NEWLINE>of Runefaust.<PAGE_BREAK>I'd sunk as low as I could<NEWLINE>get... I thought I'd be felled<NEWLINE>in battle, soon enough.<PAGE_BREAK>That's when I saw you guys<NEWLINE>taking Runefaust on like you<NEWLINE>weren't afraid of anything.<PAGE_BREAK>Then, it hit me like a bolt of<NEWLINE>lightning - this is my place!<PAGE_BREAK>And I guess my hunch was<NEWLINE>right... We did something<NEWLINE>great back there.<PAGE_BREAK>But now that fight's over...<PAGE_BREAK>...Where am I supposed<NEWLINE>to go?<05><NEWLINE>Tell me that!<SPEAKER_BREAK>"
3013,"rotdd",0x001CE89C,"Vankar: ...<PAGE_BREAK>I was a mercenary...<NEWLINE>No, not even that... I was<NEWLINE>nothing but a hired thug.<PAGE_BREAK>I'd fight for any rat as long<NEWLINE>as they gave me the<NEWLINE>green... <02>That's how I lived.<PAGE_BREAK>The only reason I joined you<NEWLINE>in the first place is because<NEWLINE>the Queen of Pao told me to.<PAGE_BREAK>But, the more I fought with<NEWLINE>you, the more I realized...<PAGE_BREAK>It's not just about money...<05><NEWLINE>There's something<NEWLINE>bigger to fight for.<PAGE_BREAK>And I got to thinking, hey,<NEWLINE>this isn't so bad.<PAGE_BREAK>And all those changes...<NEWLINE>Well, I guess I owe it all<NEWLINE>to you. So...<PAGE_BREAK>As soon as the battle was<NEWLINE>over, I was planning on<NEWLINE>thanking you...<PAGE_BREAK>But now, it's too late!<05><NEWLINE>You disappeared on us...<SPEAKER_BREAK>"
3014,"rotdd",0x001CEB0E,"Narsha:<NEWLINE>...<PAGE_BREAK>Mawlock and Zuika helped me<NEWLINE>escape from Runefaust so that<NEWLINE>I could come and meet you.<PAGE_BREAK>Before I met all of you,<NEWLINE>I was so frightened...<PAGE_BREAK>Me, the Princess of Runefaust,<NEWLINE>daughter of Ramladu...<PAGE_BREAK>But instead of hating me,<NEWLINE>you welcomed me as a<NEWLINE>friend and comrade.<PAGE_BREAK>After Darksol arrived at the<NEWLINE>castle, my days were filled<NEWLINE>with loneliness and despair.<PAGE_BREAK>You don't know how grateful<NEWLINE>I was to meet you at the<NEWLINE>end of my journey...<PAGE_BREAK>Even with such a heavy burden,<NEWLINE>you were always cheerful.<PAGE_BREAK>It was your smiling face that<NEWLINE>inspired me to keep going...<PAGE_BREAK>...And now it's gone...<SPEAKER_BREAK>"
3015,"rotdd",0x001CED56,"Mawlock: ...<PAGE_BREAK>One day, the cards<NEWLINE>revealed to me...<PAGE_BREAK>that I must guide the heroes<NEWLINE>who would save the world.<PAGE_BREAK>One was the Princess of<NEWLINE>Runefaust, Narsha Ramladu.<PAGE_BREAK>And the other...<NEWLINE>was you.<PAGE_BREAK>You traveled 1000 years, only<NEWLINE>to be separated from Kane<NEWLINE>and forced to fight alone...<PAGE_BREAK>You were the man<NEWLINE>upon whom the fate<NEWLINE>of the world depended.<PAGE_BREAK>But, you fought splendidly...<NEWLINE>better than I ever imagined...<PAGE_BREAK>It was your power that allowed<NEWLINE>Dark Dragon to be sealed.<NEWLINE>And that is why...<PAGE_BREAK>I believe...<NEWLINE>that you are still alive...<NEWLINE>Somewhere...<SPEAKER_BREAK>"
3016,"rotdd",0x001CEF6E,"Zuika: ...<PAGE_BREAK>You came from the past...<PAGE_BREAK>...to save the future...<PAGE_BREAK>Life is full of irony.<PAGE_BREAK>All your courage in battle<NEWLINE>will one day be forgotten.<PAGE_BREAK>That's the way of the world.<NEWLINE>But...<PAGE_BREAK>Even if everybody else<NEWLINE>forgets the name of that<NEWLINE>brave hero...<PAGE_BREAK> <NEWLINE>I won't!<SPEAKER_BREAK>"
3017,"rotdd",0x001CF077,"Kokichi: ...<PAGE_BREAK>...You know,<NEWLINE>I had a dream.<PAGE_BREAK>I wanted to keep studying<NEWLINE>flight, until one day, I could<NEWLINE>sail off into a sea of stars.<PAGE_BREAK>I wanted to build a spaceship<NEWLINE>and get off this blasted rock.<PAGE_BREAK>I'd set course for a far-off<NEWLINE>star... and I'd take you<NEWLINE>along with me.<PAGE_BREAK>...<PAGE_BREAK>That settles it!<PAGE_BREAK>I'm gonna make that spaceship!<NEWLINE>No matter how long it takes!<PAGE_BREAK>So, you better come back<NEWLINE>and see it, you hear?<PAGE_BREAK>Or else I'm gonna go alone<NEWLINE>and leave you behind!<PAGE_BREAK>...You hear me?!<SPEAKER_BREAK>"
3018,"rotdd",0x001CF279,"Guntz: ...<PAGE_BREAK>...<PAGE_BREAK>Superconducting motor: off.<PAGE_BREAK>Steam engine: off.<PAGE_BREAK>...fffsssssshhhh.<PAGE_BREAK>...Switching from Battle Mode<NEWLINE>to Normal Mode.<PAGE_BREAK>...fffsssssshhhh.<PAGE_BREAK>...<PAGE_BREAK>What's this feeling? It's like<NEWLINE>my heart's getting shut down<NEWLINE>along with the engine.<PAGE_BREAK>Fighting alongside you<NEWLINE>made my heart burn hotter than<NEWLINE>the hottest steam engine.<PAGE_BREAK>...Now, it's so cold...<PAGE_BREAK>I wanna tear up the<NEWLINE>battlefield with you again...<SPEAKER_BREAK>"
3019,"rotdd",0x001CF40B,"Domingo: ...<PAGE_BREAK>...Domingo...<PAGE_BREAK>...<PAGE_BREAK>...<PAGE_BREAK>...Domingo...<PAGE_BREAK>...Domingo...<SPEAKER_BREAK>"
3020,"rotdd",0x001CF469,"Earnest: ...<PAGE_BREAK>Ever since the day Balbazak<NEWLINE>destroyed my beloved hometown,<NEWLINE>I was obsessed with revenge.<PAGE_BREAK>Finally, at the end of a long<NEWLINE>journey, I had him cornered.<PAGE_BREAK>With your help, I was able<NEWLINE>to beat Balbazak.<PAGE_BREAK>But when I did, I felt a<NEWLINE>hole rip open in my heart.<PAGE_BREAK>Sure, I was happy that<NEWLINE>I'd beaten Balbazak, but...<05><NEWLINE>I felt sort of empty, too.<PAGE_BREAK>Then I realized... <02>Nothing<NEWLINE>good comes out of vengeance.<PAGE_BREAK>...And then...<PAGE_BREAK>I found a new purpose -<NEWLINE>to help seal away<NEWLINE>Dark Dragon...<PAGE_BREAK>And that new purpose<NEWLINE>gave me hope...<PAGE_BREAK>Up until then, I was fighting<NEWLINE>for people who were dead...<PAGE_BREAK>But, the battle to seal Dark<NEWLINE>Dragon was for the future...<05><NEWLINE>for living, breathing people.<PAGE_BREAK>I'll never forget you...<NEWLINE>The brave warrior who gave<NEWLINE>me what I needed...<PAGE_BREAK>A fight with meaning.<SPEAKER_BREAK>"
3021,"rotdd",0x001CF763,"Hanzou: ...<PAGE_BREAK>...The shinobi's creed...<PAGE_BREAK>...is to approach every battle<NEWLINE>devoid of feelings...<PAGE_BREAK>Even if he loses his friends,<NEWLINE>his parents, his brothers...<PAGE_BREAK>...he must not shed tears.<PAGE_BREAK>But now, I...<PAGE_BREAK>I will violate that creed.<PAGE_BREAK>For once in my life...<PAGE_BREAK>I will weep for someone...<NEWLINE>I will weep for you.<PAGE_BREAK>...<SPEAKER_BREAK>"
3022,"rotdd",0x001CF89A,"Lyle: ...<PAGE_BREAK>I really only joined you<NEWLINE>because Dr. Crock told me to.<PAGE_BREAK>Sounds stupid, huh?<NEWLINE>But, he said <QUOTE>go<QUOTE>, so I went.<NEWLINE>That's all there was to it.<PAGE_BREAK>I got lost along the way and<NEWLINE>joined up a little late...<05><NEWLINE>and now I regret it.<PAGE_BREAK>I wish I could have met and<NEWLINE>fought with you earlier.<PAGE_BREAK>Unlike our kin, the Centaurs,<NEWLINE>us Demi-Centaurs aren't<NEWLINE>really that good at fighting.<PAGE_BREAK>That always held me back...<NEWLINE>But thanks to you, I feel<NEWLINE>like I can do anything.<PAGE_BREAK>So, I wish I could have joined<NEWLINE>sooner... <02>and helped you<NEWLINE>out more than I did...<SPEAKER_BREAK>"
3023,"rotdd",0x001CFAAE,"Musashi: ...<PAGE_BREAK>Once, I dedicated my entire<NEWLINE>life to mastering the sword.<PAGE_BREAK>I revelled in testing my skills<NEWLINE>against ever stronger foes.<PAGE_BREAK>And so, I walked<NEWLINE>my own path,<NEWLINE>gaining power and prowess.<PAGE_BREAK>Then, by a strange twist of<NEWLINE>fate, I met you, and fought<NEWLINE>against Dark Dragon...<PAGE_BREAK>But there, too, I was only<NEWLINE>fighting in order to<NEWLINE>increase my own power.<PAGE_BREAK>...My wish was fulfilled!<PAGE_BREAK>...And yet...<PAGE_BREAK>I have but one regret...<PAGE_BREAK>During my journey, I found<NEWLINE>one who was stronger than<NEWLINE>myself. <02>That was you.<PAGE_BREAK>I wanted to face you in<NEWLINE>battle... if only just once.<SPEAKER_BREAK>"
3024,"rotdd",0x001CFCD4,"Bleu: ...<PAGE_BREAK>This can't be happening...<PAGE_BREAK>I'm not a coward anymore.<NEWLINE>I'm a real warrior now, right?<05><NEWLINE>I'm stronger now, right?<PAGE_BREAK>It's all because you and Karin<NEWLINE>and everybody else encouraged<NEWLINE>me. But now, what do I do...?<PAGE_BREAK>...<PAGE_BREAK>...<PAGE_BREAK>I'll be all right.<05><NEWLINE>I promised Karin and Krin<NEWLINE>that I'd never cry again.<PAGE_BREAK>And I know somehow...<NEWLINE>that you're not dead.<PAGE_BREAK>I know I'll see you again.<NEWLINE>So, I won't say goodbye.<PAGE_BREAK>...<SPEAKER_BREAK>"
3025,"rotdd",0x001CFE6B,"Alef: ...<PAGE_BREAK>I lost many friends in the<NEWLINE>battle against Runefaust...<NEWLINE>but I was saved by Prompt.<PAGE_BREAK>I was so exhausted that all<NEWLINE>I could do was wait for a hero<NEWLINE>to seal Dark Dragon...<PAGE_BREAK>That hero was you.<PAGE_BREAK>I should have rushed to your<NEWLINE>side and helped you any way<NEWLINE>I could, no matter the cost.<PAGE_BREAK>Thank you. Even though you'd<NEWLINE>just met me, you trusted me<NEWLINE>and put me in the front line.<PAGE_BREAK>Now, there's only one<NEWLINE>question on my mind:<NEWLINE>Was I of any use to you?<PAGE_BREAK>Even though Dark Dragon has<NEWLINE>been sealed, Rune has not yet<NEWLINE>seen the last of its battles.<PAGE_BREAK>I have reached a decision.<PAGE_BREAK>I will use the power that the<NEWLINE>gods have given me to end<NEWLINE>the pain and suffering of war.<PAGE_BREAK>So, I ask you...<05><NEWLINE>to give me strength...<SPEAKER_BREAK>"
3026,"rotdd",0x001D0120,"Torasu: ...<PAGE_BREAK>I cannot thank you enough...<NEWLINE>You trusted this old man and<NEWLINE>always put me at the front.<PAGE_BREAK>In Prompt, I was<NEWLINE>revered as an elder<NEWLINE>and a sage...<PAGE_BREAK>But the truth is, my power<NEWLINE>was never much to speak of.<PAGE_BREAK>I was simply older than<NEWLINE>those around me, and<NEWLINE>perhaps a bit more learned.<PAGE_BREAK>I spent all my days reading<NEWLINE>books, and never once found<NEWLINE>myself in a fight.<PAGE_BREAK>So, when I first went to<NEWLINE>battle with you, in my heart<NEWLINE>of hearts, I was petrified...<PAGE_BREAK>Was I of some service to you?<PAGE_BREAK>...<PAGE_BREAK>I suppose I shall<NEWLINE>never know now...<SPEAKER_BREAK>"
3027,"rotdd",0x001D032C,"Adam: ...<PAGE_BREAK>My beloved master...<PAGE_BREAK>It gives me great honor as the<NEWLINE>last of the Adam series...<PAGE_BREAK>that I was able to fight with<NEWLINE>you against Dark Dragon.<PAGE_BREAK>Master...<05><NEWLINE>...I believe in you.<PAGE_BREAK>I know you are still alive.<PAGE_BREAK>You traveled 1000 years into<NEWLINE>the future, and carried out<NEWLINE>your mission like a true hero.<PAGE_BREAK>Whatever trials you may face,<NEWLINE>you will surely overcome them.<PAGE_BREAK>And so... <02>I will be waiting...<PAGE_BREAK>...for your return...<SPEAKER_BREAK>"
3028,"rotdd",0x001D04D3,"Nova: ...Yes...<05><NEWLINE>The fight is finally over...<PAGE_BREAK><PLAYER_NAME>... It was<NEWLINE>all because of your strength.<PAGE_BREAK>If you hadn't been here, Rune<NEWLINE>would have been swallowed<NEWLINE>by a boundless darkness...<PAGE_BREAK>...Thank you...<05><NEWLINE>Thank you so much...<SPEAKER_BREAK>"
3029,"rotdd",0x001D05B4,"And so, the terrible<NEWLINE>Dark Dragon, the Legacy of<NEWLINE>the Gods, was sealed at last.<PAGE_BREAK>The world was saved from ruin,<NEWLINE>and the heroes of the Shining<NEWLINE>Force returned to their lives.<SPEAKER_BREAK>"
3030,"rotdd",0x001D065F,"In Guardiana,<NEWLINE>Anri became queen.<PAGE_BREAK>And Mae, Lowe, and the others<NEWLINE>worked to rebuild their land.<PAGE_BREAK>In Runefaust, Narsha<NEWLINE>took her father's place, and<NEWLINE>the kingdom knew peace.<PAGE_BREAK>Some of their friends returned<NEWLINE>to their homes, while others<NEWLINE>went in search of new lands.<PAGE_BREAK>And as time passed...<PAGE_BREAK>The story of the strong and<NEWLINE>righteous Shining Force became<NEWLINE>a legend among the people.<PAGE_BREAK>However...<NEWLINE>No one knows what<NEWLINE>became of <PLAYER_NAME>...<PAGE_BREAK>It is said that he disappeared<NEWLINE>into the sea along with Dark<NEWLINE>Dragon and the castle.<SPEAKER_BREAK>"
3031,"rotdd",0x001D084B,"Simone:<NEWLINE>Thanks for reading the story<NEWLINE>all the way to the end!<PAGE_BREAK>...It looks like Grandpa's<NEWLINE>still not back yet.<PAGE_BREAK>What? You're going home<NEWLINE>already? <02>Oh, all right...<PAGE_BREAK>Bye bye! I hope you'll<NEWLINE>come back sometime and<NEWLINE>play with me again!<SPEAKER_BREAK>"
3032,"rotdd",0x001D092D,"In ages long forgotten...<SPEAKER_BREAK>"
3033,"rotdd",0x001D0948,"Light fought Darkness<SPEAKER_BREAK>"
3034,"rotdd",0x001D095F,"for control of the world.<SPEAKER_BREAK>"
3035,"rotdd",0x001D097A,"Dark Dragon led the evil<NEWLINE>hordes of Darkness.<SPEAKER_BREAK>"
3036,"rotdd",0x001D09B0,"The Ancients fought back with<NEWLINE>the Powers of Light. <SPEAKER_BREAK>"
3037,"rotdd",0x001D09E5,"Dark Dragon was defeated and<NEWLINE>cast into another dimension.<SPEAKER_BREAK>"
3038,"rotdd",0x001D0A20,"The Lord of Darkness vowed<NEWLINE>to return in 1,000 years.<SPEAKER_BREAK>"
3039,"rotdd",0x001D0A56,"Time passed, and Dark Dragon<NEWLINE>was forgotten by all.<SPEAKER_BREAK>"
3040,"rotdd",0x001D0A8A,"The land of Rune enjoyed<NEWLINE>ten centuries of peace...<SPEAKER_BREAK>"
3041,"rotdd",0x001D0ABE,"until the kingdom of Runefaust<NEWLINE>brought war and fear to Rune.<SPEAKER_BREAK>"
3042,"rotdd",0x001D0AFC,"Hordes of evil creatures<NEWLINE>ravaged the land.<SPEAKER_BREAK>"
3043,"rotdd",0x001D0B28,"Here and there, strongholds of<NEWLINE>good still held out...<SPEAKER_BREAK>"
3044,"rotdd",0x001D0B5F,"...awaiting a hero who could<NEWLINE>wield the Powers of Light!<SPEAKER_BREAK>"
3045,"rotdd",0x001D0B98,"Farmer: Well, hello there.<05><NEWLINE>You look like you're a long<NEWLINE>way from home.<02><02><SPEAKER_BREAK>"
3046,"rotdd",0x001D0BE2,"We don't see many folks<NEWLINE>wearing full armor.<NEWLINE>Quite a fancy getup!<02><02><SPEAKER_BREAK>"
3047,"rotdd",0x001D0C26,"Adam: We have come a long way,<NEWLINE>longer than you can imagine.<02><02><SPEAKER_BREAK>"
3048,"rotdd",0x001D0C65,"Farmer: ...?<NEWLINE>Well, you do look tired.<NEWLINE>And where might you be headed?<02><02><SPEAKER_BREAK>"
3049,"rotdd",0x001D0CAD,"Adam: Nowhere in particular.<NEWLINE>We have no set destination.<02><02><SPEAKER_BREAK>"
3050,"rotdd",0x001D0CE9,"My master said we should<NEWLINE>travel where the wind<NEWLINE>takes us.<02><02><SPEAKER_BREAK>"
3051,"rotdd",0x001D0D25,"But, it is time for us to<NEWLINE>settle down for a while.<NEWLINE>That is what my master said.<02><02><SPEAKER_BREAK>"
3052,"rotdd",0x001D0D78,"Farmer: Well, why don't you<NEWLINE>stop right here?<02><02><SPEAKER_BREAK>"
3053,"rotdd",0x001D0DA8,"The war's left this village<NEWLINE>with a severe shortage of men.<02><02><SPEAKER_BREAK>"
3054,"rotdd",0x001D0DE6,"You could lend a hand<NEWLINE>in the village's fields.<02><02><SPEAKER_BREAK>"
3055,"rotdd",0x001D0E18,"...: That sounds nice, Adam.<05><NEWLINE>Let's stay here.<02><02><SPEAKER_BREAK>"
3056,"rotdd",0x001D0E4A,"Farmer: Glad to hear it!<NEWLINE>Everyone will be thrilled!<02><02><SPEAKER_BREAK>"
3057,"rotdd",0x001D0E81,"Oh, I almost forgot.<NEWLINE>What's your name?<02><02><SPEAKER_BREAK>"
3058,"rotdd",0x001D0EAB,"What should I call you?<02><02><SPEAKER_BREAK>"
3059,"rotdd",0x001D0EC6,"...: Me?<NEWLINE>My name is...<02><02><SPEAKER_BREAK>"
3060,"rotdd",0x001D0EE0,"Farmer: Well, hello there.<05><NEWLINE>You look like you're a long<NEWLINE>way from home.<02><02><SPEAKER_BREAK>"
3061,"rotdd",0x001D0F2A,"What brings you out here?<05><NEWLINE>We don't see many folks with<NEWLINE>hats like that around here!<02><02><SPEAKER_BREAK>"
3062,"rotdd",0x001D0F81,"Yogurt: ...boushi.<02><02><SPEAKER_BREAK>"
3063,"rotdd",0x001D0F97,"Farmer: Boushi? Is that what<NEWLINE>you call it? And where<NEWLINE>might you be headed?<02><02><SPEAKER_BREAK>"
3064,"rotdd",0x001D1009,"Farmer: On a journey, huh?<05><NEWLINE>Well, how about this?<02><02><SPEAKER_BREAK>"
3065,"rotdd",0x001D103E,"The war's left this village<NEWLINE>with a severe shortage of men.<02><02><SPEAKER_BREAK>"
3066,"rotdd",0x001D107C,"Why don't you two take a break<NEWLINE>and stay here for a while?<02><02><SPEAKER_BREAK>"
3067,"rotdd",0x001D10B9,"...: That sounds nice,<NEWLINE>Yogurt. I think we should<NEWLINE>stay here.<02><02><SPEAKER_BREAK>"
3068,"rotdd",0x001D10F8,"Farmer: Glad to hear it!<NEWLINE>Everyone's gonna be thrilled!<02><02><SPEAKER_BREAK>"
3069,"rotdd",0x001D1132,"Oh, I almost forgot.<NEWLINE>What's your name?<02><02><SPEAKER_BREAK>"
3070,"rotdd",0x001D115C,"What should I call you?<02><02><SPEAKER_BREAK>"
3071,"rotdd",0x001D1177,"...: Me?<NEWLINE>My name is...<02><02><SPEAKER_BREAK>"
3072,"rotdd",0x001D1191,"<QUOTE>Floating on the sea.<QUOTE><SPEAKER_BREAK>"
3073,"rotdd",0x001D11A9,"<QUOTE>Not the bookshelf.<QUOTE><SPEAKER_BREAK>"
3074,"rotdd",0x001D11BF,"<QUOTE>A cross atop the spire.<QUOTE><SPEAKER_BREAK>"
3075,"rotdd",0x001D11DA,"<QUOTE>Practicing a secret ninja<NEWLINE>technique. Those seeking a<NEWLINE>duel should search the fish.<QUOTE><SPEAKER_BREAK>"
3076,"rotdd",0x001D122F,"Hanzou: You!<NEWLINE>You are Musashi, are you not?<SPEAKER_BREAK>"
3077,"rotdd",0x001D1277,"Hanzou:<NEWLINE>If you are not Musashi,<NEWLINE>then who are you?<SPEAKER_BREAK>"
3078,"rotdd",0x001D12AA,"<PLAYER_NAME>:<NEWLINE>I'm <PLAYER_NAME>, leader<NEWLINE>of the Shining Force.<SPEAKER_BREAK>"
3079,"rotdd",0x001D12D2,"Hanzou: What?<NEWLINE>You are <PLAYER_NAME>?<NEWLINE>That name is known to me.<PAGE_BREAK>You are fighting against a<NEWLINE>great evil, are you not?<PAGE_BREAK>Then I pledge my skills<NEWLINE>as a shinobi to your...<SPEAKER_BREAK>"
3080,"rotdd",0x001D136A,"<PLAYER_NAME>: Hold on!<05><NEWLINE>...What's a <QUOTE>shinobi<QUOTE>?<SPEAKER_BREAK>"
3081,"rotdd",0x001D138F,"Hanzou:<NEWLINE>Oh, I beg your pardon.<PAGE_BREAK>My name is Hanzou.<NEWLINE>I am a shinobi.<PAGE_BREAK>A shinobi is a warrior of the<NEWLINE>shadows. He uses the darkness<NEWLINE>to hide from prying eyes.<PAGE_BREAK>...I pledge myself to you. <NEWLINE>I will aid you in your fight<NEWLINE>against the forces of evil.<SPEAKER_BREAK>"
3082,"rotdd",0x001D1486,"<NEWLINE>Thanks, but I...<SPEAKER_BREAK>"
3083,"rotdd",0x001D1499,"Hanzou:<NEWLINE>Thank you for allowing this<NEWLINE>unworthy soul to be of help.<SPEAKER_BREAK>"
3084,"rotdd",0x001D14DB,"Hanzou joins<NEWLINE>the Shining Force!<SPEAKER_BREAK>"
3085,"rotdd",0x001D151F,"<QUOTE>The boy.<QUOTE><SPEAKER_BREAK>"
3086,"rotdd",0x001D152B,"...<PAGE_BREAK>A message appears<NEWLINE>on the white fabric:<PAGE_BREAK><QUOTE>Search the statue.<QUOTE><SPEAKER_BREAK>"
3087,"rotdd",0x001D156C,"Musashi: Ah, you found me!<SPEAKER_BREAK>"
3088,"rotdd",0x001D1588,"Musashi: No point in looking.<SPEAKER_BREAK>"
3089,"rotdd",0x001D15B0,"Musashi: My name is Musashi.<NEWLINE>I am a travelling swordsman.<PAGE_BREAK>I have been staying in this<NEWLINE>village, trying to achieve a<NEWLINE>state of true nothingness.<PAGE_BREAK>That is why you cannot see me.<PAGE_BREAK>...But, now that I have seen<NEWLINE>YOU, I have a favor to ask.<PAGE_BREAK>Yet, no need to ask, for<NEWLINE>my heart is already set.<PAGE_BREAK>My greatest desire is to cross<NEWLINE>swords with a mighty opponent.<PAGE_BREAK>It seems that the best way<NEWLINE>to fulfill this desire is to<NEWLINE>travel with you.<PAGE_BREAK>I, Musashi, will become<NEWLINE>your companion!<SPEAKER_BREAK>"
3090,"rotdd",0x001D1778,"Musashi joins<NEWLINE>the Shining Force!<SPEAKER_BREAK>"
3091,"rotdd",0x001D179A,"Musashi: Farewell!<05><NEWLINE>...I will be at headquarters!<SPEAKER_BREAK>"
3092,"rotdd",0x001D17CD,"Nova: Ahem. Could I have<NEWLINE>a word with you, <PLAYER_NAME>?<PAGE_BREAK>I'm glad to see that you've<NEWLINE>gathered so many companions.<PAGE_BREAK>I think now would be a good<NEWLINE>time for me to explain<NEWLINE>about <QUOTE>Team<QUOTE>.<PAGE_BREAK>Sadly, you cannot bring all of<NEWLINE>your companions into battle.<PAGE_BREAK>The surest path to victory is<NEWLINE>to choose those warriors most<NEWLINE>suited to the situation.<PAGE_BREAK>To do this, you will need to<NEWLINE>use the <QUOTE>Team<QUOTE> command.<PAGE_BREAK>Know that your battle party<NEWLINE>can have up to 12 members,<NEWLINE>including yourself.<PAGE_BREAK>Take a look at the list using<NEWLINE>the <QUOTE>Team<QUOTE> command.<PAGE_BREAK>Party members marked with a "
3093,"rotdd",0x001D19D4,"<NEWLINE>will go into battle with you.<PAGE_BREAK>You can set or remove the "
3094,"rotdd",0x001D1A0E,"<NEWLINE>mark using the A Button.<PAGE_BREAK>If you're happy with the<NEWLINE>characters you've selected,<NEWLINE>press the B Button to exit.<PAGE_BREAK>That's it.<05><NEWLINE>Shall I explain it again?<SPEAKER_BREAK>"
3095,"rotdd",0x001D1AA0,"Nova: All right, then, I'll<NEWLINE>explain the <QUOTE>Team<QUOTE><NEWLINE>command one more time.<PAGE_BREAK>You cannot bring all of<NEWLINE>your companions into battle.<PAGE_BREAK>The surest path to victory is<NEWLINE>to choose those warriors most<NEWLINE>suited to the situation.<PAGE_BREAK>To do this, you will need to<NEWLINE>use the <QUOTE>Team<QUOTE> command.<PAGE_BREAK>Your battle party can<NEWLINE>have up to 12 members,<NEWLINE>including yourself.<PAGE_BREAK>Take a look at the list using<NEWLINE>the <QUOTE>Team<QUOTE> command.<PAGE_BREAK>Party members marked with a "
3096,"rotdd",0x001D1C35,"<NEWLINE>will go into battle with you.<PAGE_BREAK>You can set or remove the "
3097,"rotdd",0x001D1C6F,"<NEWLINE>mark using the A Button.<PAGE_BREAK>If you're happy with the<NEWLINE>characters you've selected,<NEWLINE>press the B Button to exit.<PAGE_BREAK>That's it.<05><NEWLINE>Shall I explain it again?<SPEAKER_BREAK>"
3098,"rotdd",0x001D1D01,"Nova: Very well, then.<NEWLINE>I trust you've grasped<NEWLINE>the concept by now.<SPEAKER_BREAK>"
3099,"rotdd",0x001D1D44,"<PLAYER_NAME> got<NEWLINE><PLAYER_NAME>'s Card!<SPEAKER_BREAK>"
3100,"rotdd",0x001D1D55,"Luke: Hey, I know! Since we're<NEWLINE>gonna be fighting together...<PAGE_BREAK>I'll give you my card!<SPEAKER_BREAK>"
3101,"rotdd",0x001D1DBE,"Ken: Uh...<NEWLINE>You can have this,<05><NEWLINE>if you want it.<SPEAKER_BREAK>"
3102,"rotdd",0x001D1E01,"Tao: Er...<05><NEWLINE><PLAYER_NAME>...<PAGE_BREAK>If it'll help you,<05><NEWLINE>you can use this.<NEWLINE>It's the least I can give you.<SPEAKER_BREAK>"
3103,"rotdd",0x001D1E6B,"Hans: Here, take this. It's a<NEWLINE>symbol of our friendship.<SPEAKER_BREAK>"
3104,"rotdd",0x001D1EB8,"Lowe: Hey, <PLAYER_NAME>!<05><NEWLINE>...Here. You can thank me<NEWLINE>later. Take good care of it!<SPEAKER_BREAK>"
3105,"rotdd",0x001D1F13,"Granddaughter: I know!<NEWLINE>I'll give you a present.<05><NEWLINE>Here you go!<SPEAKER_BREAK>"
3106,"rotdd",0x001D1F66,"Mae: Oh, yeah. <02><PLAYER_NAME>,<NEWLINE>I've been meaning to give<NEWLINE>you this for a while...<PAGE_BREAK>You can have it<NEWLINE>if you want it.<SPEAKER_BREAK>"
3107,"rotdd",0x001D1FDF,"Granddaughter: Tell Grandpa<NEWLINE>Gort... <02><QUOTE>I'm behind you<NEWLINE>all the way, so fight hard!<QUOTE><PAGE_BREAK>Here, take this!<SPEAKER_BREAK>"
3108,"rotdd",0x001D2057,"Young man: Ah! Khris is<NEWLINE>leaving on a journey! <02>And<NEWLINE>I never had a chance to...<PAGE_BREAK>Perhaps it's not meant to be.<NEWLINE>I don't need this anymore...<NEWLINE>Here, you take it.<SPEAKER_BREAK>"
3109,"rotdd",0x001D211D,"Arthur: I'll wait at<NEWLINE>headquarters. <02>Call me<NEWLINE>when it's time to fight!<PAGE_BREAK>Oh, and here's a little<NEWLINE>something you might<NEWLINE>be able to use...<SPEAKER_BREAK>"
3110,"rotdd",0x001D21CF,"Amon: ...It's nothing.<PAGE_BREAK>And I'm afraid all I can<NEWLINE>offer as a token of my<NEWLINE>gratitude is this...<PAGE_BREAK>...I'm sorry.<SPEAKER_BREAK>"
3111,"rotdd",0x001D2277,"Pelle: Oh yeah,<NEWLINE>I almost forgot...<PAGE_BREAK>Here, you can have this.<SPEAKER_BREAK>"
3112,"rotdd",0x001D22C9,"Vankar: Say, boss...<NEWLINE>You remember my name yet?<PAGE_BREAK>...It's Vankar. And just so<NEWLINE>you don't forget my face<NEWLINE>as well, you better take this.<SPEAKER_BREAK>"
3113,"rotdd",0x001D2363,"Kokichi's helper: Oh yes,<NEWLINE>I forgot! I was holding on<NEWLINE>to this for Kokichi.<PAGE_BREAK>He wanted me to<NEWLINE>give it to you.<SPEAKER_BREAK>"
3114,"rotdd",0x001D23FB,"Guntz: So anyway, nice to<NEWLINE>be working with you!<PAGE_BREAK>Oh, yeah. Since we're comrades<NEWLINE>now, you can have this.<SPEAKER_BREAK>"
3115,"rotdd",0x001D24B9,"Karin: I hear a creepy castle<NEWLINE>has appeared to the south.<NEWLINE>Take care of yourselves!<PAGE_BREAK>One more thing...<05><NEWLINE>I want you to have this.<PAGE_BREAK>It's my way of saying thanks.<NEWLINE>Take good care of it.<SPEAKER_BREAK>"
3116,"rotdd",0x001D25EB,"Narsha: By the way...<05><NEWLINE>I found this when I was<NEWLINE>looking through my things.<PAGE_BREAK>If it means anything to you,<05><NEWLINE>you can have it.<SPEAKER_BREAK>"
3117,"rotdd",0x001D267B,"Zuika:<NEWLINE>...Here, take this.<NEWLINE>Now quit bugging me.<SPEAKER_BREAK>"
3118,"rotdd",0x001D26C1,"Mawlock: Ah, I almost forgot.<05><NEWLINE>How stupid of me...<PAGE_BREAK>Of all people, I should have<NEWLINE>remembered this.<PAGE_BREAK>I have something I<NEWLINE>wish to give to you.<05><NEWLINE>Here it is.<SPEAKER_BREAK>"
3119,"rotdd",0x001D276F,"Little lost lamb! Speak your<NEWLINE>desire, and the Powers of<NEWLINE>Light will surely grant it!<SPEAKER_BREAK>"
3120,"rotdd",0x001D27C3,"Go in peace, my child.<NEWLINE>May the Light be with you!<SPEAKER_BREAK>"
3121,"rotdd",0x001D27F6,"Do you desire anything else?<SPEAKER_BREAK>"
3122,"rotdd",0x001D2814,"Very well. Shall I make<NEWLINE>a record of your exploits<NEWLINE>so far, then?<SPEAKER_BREAK>"
3123,"rotdd",0x001D2855,"The record is complete.<NEWLINE>You may resume your<NEWLINE>journey whenever you wish!<PAGE_BREAK>Will you continue<NEWLINE>your journey now?<SPEAKER_BREAK>"
3124,"rotdd",0x001D28C1,"Then, go in peace, my child.<NEWLINE>May the Light be with you!<SPEAKER_BREAK>"
3125,"rotdd",0x001D28FA,"Very well, then.<NEWLINE>Rest well and prepare for<NEWLINE>your next adventure.<SPEAKER_BREAK>"
3126,"rotdd",0x001D293B,"Then, let us see which among<NEWLINE>you are in need of our aid.<SPEAKER_BREAK>"
3127,"rotdd",0x001D2975,"All of you appear to be<NEWLINE>in fine condition!<SPEAKER_BREAK>"
3128,"rotdd",0x001D29A6," appears to<NEWLINE>have fallen in battle!<NEWLINE>"
3129,"rotdd",0x001D29CA," will regain<PAGE_BREAK>consciousness with treatment,<NEWLINE>but it will cost "
3130,"rotdd",0x001D2A07," gold.<NEWLINE>Do you wish to proceed?<SPEAKER_BREAK>"
3131,"rotdd",0x001D2A2F,"<NEWLINE>has been revived!<SPEAKER_BREAK>"
3132,"rotdd",0x001D2A43,"Oh, dear! I am afraid<NEWLINE>your funds are insufficient!<NEWLINE>I am deeply sorry, but...<PAGE_BREAK>I cannot perform the ceremony!<SPEAKER_BREAK>"
3133,"rotdd",0x001D2AB0,"What?<NEWLINE>You would refuse the<NEWLINE>Powers of Light?<SPEAKER_BREAK>"
3134,"rotdd",0x001D2ADD,"There do not seem to be any<NEWLINE>among you who are cursed.<SPEAKER_BREAK>"
3135,"rotdd",0x001D2B19," has fallen<NEWLINE>under a terrible curse!<PAGE_BREAK>I must conduct a purification.<NEWLINE>It will cost "
3136,"rotdd",0x001D2B6A," gold.<NEWLINE>Is this all right?<SPEAKER_BREAK>"
3137,"rotdd",0x001D2B85,"The curse has been lifted<NEWLINE>from "
3138,"rotdd",0x001D2BA8,"Oh, dear! I am afraid<NEWLINE>your funds are insufficient!<NEWLINE>I am deeply sorry, but...<PAGE_BREAK>I cannot perform the ceremony!<SPEAKER_BREAK>"
3139,"rotdd",0x001D2C15,"What?<NEWLINE>You would refuse the<NEWLINE>Powers of Light?<SPEAKER_BREAK>"
3140,"rotdd",0x001D2C42,"Hmm... Unfortunately, no<NEWLINE>one among you is ready to<NEWLINE>be promoted.<SPEAKER_BREAK>"
3141,"rotdd",0x001D2C83,"Which one among you<NEWLINE>will be advancing to<NEWLINE>a new class?<SPEAKER_BREAK>"
3142,"rotdd",0x001D2CCB,"<NEWLINE>is not yet ready! Come back<NEWLINE>when you are more experienced.<SPEAKER_BREAK>"
3143,"rotdd",0x001D2D08,"Hmm... I think it would be best<NEWLINE>for "
3144,"rotdd",0x001D2D55,"<NEWLINE>is unable to fight. You must<NEWLINE>first perform a revival.<SPEAKER_BREAK>"
3145,"rotdd",0x001D2D92," will be<NEWLINE>assuming a new class, then.<SPEAKER_BREAK>"
3146,"rotdd",0x001D2DB8,"Let the ceremony commence!<NEWLINE>From this day forward...<PAGE_BREAK>"
3147,"rotdd",0x001D2DED," is promoted to<NEWLINE>the class of <02>"
3148,"rotdd",0x001D2E0F,"What?<NEWLINE>You've changed your mind?<SPEAKER_BREAK>"
3149,"rotdd",0x001D2E36," is now<NEWLINE>a fine "
3150,"rotdd",0x001D2E49,"Is there anyone else<NEWLINE>seeking promotion?<SPEAKER_BREAK>"
3151,"rotdd",0x001D2E72,"Anything else today?<SPEAKER_BREAK>"
3152,"rotdd",0x001D2E88,"So, what can I do for ya?<SPEAKER_BREAK>"
3153,"rotdd",0x001D2EA3,"Thanks! Stop by again sometime!<SPEAKER_BREAK>"
3154,"rotdd",0x001D2EC4,"Are you gonna buy something?<SPEAKER_BREAK>"
3155,"rotdd",0x001D2EF8," gold coins.<NEWLINE>Sound good?<SPEAKER_BREAK>"
3156,"rotdd",0x001D2F20,"Looks like you're a little short.<NEWLINE>Guess we can't do business...<SPEAKER_BREAK>"
3157,"rotdd",0x001D2F61,"Who's gonna carry this?<SPEAKER_BREAK>"
3158,"rotdd",0x001D2F7B,"'s not gonna<NEWLINE>be able to equip this.<NEWLINE>Still want it?<SPEAKER_BREAK>"
3159,"rotdd",0x001D2FB6,"'s <NEWLINE>carrying too much already!<SPEAKER_BREAK>"
3160,"rotdd",0x001D2FD6,"There ya go!<NEWLINE>Take good care of it, now!<SPEAKER_BREAK>"
3161,"rotdd",0x001D2FFF,"Need anything else?<SPEAKER_BREAK>"
3162,"rotdd",0x001D3014,"Oh, sorry!<NEWLINE>No deals right now!<SPEAKER_BREAK>"
3163,"rotdd",0x001D3034,"We've got some great stuff!<02><NEWLINE>So, what'll it be?<SPEAKER_BREAK>"
3164,"rotdd",0x001D3065,"You wanna equip it now?<SPEAKER_BREAK>"
3165,"rotdd",0x001D307E,"OK, I'll just stick it in<NEWLINE>your inventory.<SPEAKER_BREAK>"
3166,"rotdd",0x001D30A9,"What? You changed your mind?<NEWLINE>That's too bad.<SPEAKER_BREAK>"
3167,"rotdd",0x001D30D7,"OK, I'll just put it in your<NEWLINE>Item Box.<SPEAKER_BREAK>"
3168,"rotdd",0x001D3106,"'s already got<NEWLINE>a full load of equipment!<NEWLINE>You want me to sort that for ya?<SPEAKER_BREAK>"
3169,"rotdd",0x001D3151,"That should do it!<NEWLINE>Looks good on ya!!<SPEAKER_BREAK>"
3170,"rotdd",0x001D3178,"That should do it!<NEWLINE>The stuff you had equipped<NEWLINE>is in the Item Box now.<SPEAKER_BREAK>"
3171,"rotdd",0x001D31BF,"Hey, you can't carry<NEWLINE>that much!<SPEAKER_BREAK>"
3172,"rotdd",0x001D31E0,"So, who's selling and<NEWLINE>whaddya have?<SPEAKER_BREAK>"
3173,"rotdd",0x001D3205,"For that, I'll give ya<NEWLINE>"
3174,"rotdd",0x001D321D," gold. Sound good?<SPEAKER_BREAK>"
3175,"rotdd",0x001D3231,"Hey, that's pretty rare!<NEWLINE>For that, I'll give ya<NEWLINE>"
3176,"rotdd",0x001D3262," gold. Sound good?<SPEAKER_BREAK>"
3177,"rotdd",0x001D3276,"Really? Too bad.<SPEAKER_BREAK>"
3178,"rotdd",0x001D3288,"Sorry, but we don't<NEWLINE>deal in that stuff here...<SPEAKER_BREAK>"
3179,"rotdd",0x001D32B8,"All right! I'll be taking that!<SPEAKER_BREAK>"
3180,"rotdd",0x001D32D9,"All right! I'll be taking that!<NEWLINE>I think I'll put it in<NEWLINE>the <QUOTE>Deals<QUOTE> section.<SPEAKER_BREAK>"
3181,"rotdd",0x001D3326,"Anything else you wanna sell me?<SPEAKER_BREAK>"
3182,"rotdd",0x001D3348,"Isn't that thing cursed?<NEWLINE>I can't buy that kind of stuff...<SPEAKER_BREAK>"
3183,"rotdd",0x001D3384,"So, whose stuff is it and<NEWLINE>what needs fixing?<SPEAKER_BREAK>"
3184,"rotdd",0x001D33B2,"I can fix that for<NEWLINE>"
3185,"rotdd",0x001D33C6," gold. Sound good?<SPEAKER_BREAK>"
3186,"rotdd",0x001D33DA,"Huh? That thing<NEWLINE>looks fine to me.<SPEAKER_BREAK>"
3187,"rotdd",0x001D33FD,"Looks like you're a little short.<NEWLINE>I can't fix it for that...<SPEAKER_BREAK>"
3188,"rotdd",0x001D343B,"Whoa! I can't fix<NEWLINE>stuff that's cursed!<05><NEWLINE>...I don't wanna get hexed, y'know!<SPEAKER_BREAK>"
3189,"rotdd",0x001D3488,"OK, then! Just wait a sec.<SPEAKER_BREAK>"
3190,"rotdd",0x001D34A4,"And there ya go!<NEWLINE>Good as new!<SPEAKER_BREAK>"
3191,"rotdd",0x001D34C3,"Anything else<NEWLINE>you need repaired?<SPEAKER_BREAK>"
3192,"rotdd",0x001D34E5,"Huh? None of your stuff<NEWLINE>is broken.<SPEAKER_BREAK>"
3193,"rotdd",0x001D3509,"You don't have anything else<NEWLINE>that's broken.<SPEAKER_BREAK>"
3194,"rotdd",0x001D3536,"<PLAYER_NAME>: ...<NEWLINE>Where am I...?<PAGE_BREAK>Where's the carriage...?<SPEAKER_BREAK>"
3195,"rotdd",0x001D3583,"Mawlock: Now, now! Don't<NEWLINE>look at me like that! There's<NEWLINE>nothing fishy about me.<PAGE_BREAK>Well, maybe there is a little.<05><NEWLINE>I am Mawlock.<PAGE_BREAK>I have come to you<NEWLINE>to ask a favor.<SPEAKER_BREAK>"
3196,"rotdd",0x001D3642,"Mawlock: Cards. <02>You see,<NEWLINE>there are cards in this<NEWLINE>world with mysterious powers.<PAGE_BREAK>You will have many chances to<NEWLINE>acquire these cards.<PAGE_BREAK>Search in various places and<NEWLINE>listen to what people say, and<NEWLINE>collect as many as you can.<PAGE_BREAK>They will surely be of great<NEWLINE>help to you in the future.<SPEAKER_BREAK>"
3197,"rotdd",0x001D3756,"<PLAYER_NAME>: So, you're<NEWLINE>telling me to keep any<NEWLINE>cards that I come across?<SPEAKER_BREAK>"
3198,"rotdd",0x001D3796,"Mawlock: Exactly.<NEWLINE>I'm sure you'll find them<NEWLINE>extremely useful.<PAGE_BREAK>Now then, I must be going.<NEWLINE>I have many things to do,<05><NEWLINE>...or so it would seem.<PAGE_BREAK>You see, in this timestream,<NEWLINE>I possess a power that<NEWLINE>can be quite useful.<PAGE_BREAK>Call it <QUOTE>splitting<QUOTE>, if you<NEWLINE>will. I can split my body and<NEWLINE>exist in two places at once.<PAGE_BREAK>At the same time that I help<NEWLINE>Narsha, I can help you, too.<PAGE_BREAK>Having said that, allow me<NEWLINE>to join you on your travels.<SPEAKER_BREAK>"
3199,"rotdd",0x001D3935,"General Elliot: ...<PAGE_BREAK>So, this is the power of<NEWLINE>the Shining Force...<05><NEWLINE>...the power of <PLAYER_NAME>.<PAGE_BREAK>Yes, I can see now...<05><NEWLINE>You are indeed worthy.<SPEAKER_BREAK>"
3200,"rotdd",0x001D39BA,"<PLAYER_NAME>:<NEWLINE>General Elliot!<NEWLINE>You can't die now!<PAGE_BREAK>Khris!<NEWLINE>Use your Heal magic!<SPEAKER_BREAK>"
3201,"rotdd",0x001D39FD,"Khris: Right! <SPEAKER_BREAK>"
3202,"rotdd",0x001D3A0D,"Elliot: No!<NEWLINE>It is already too late for me!<PAGE_BREAK>This old body has grown weary<NEWLINE>of fighting. Let me choose the<NEWLINE>time and place of my demise.<SPEAKER_BREAK>"
3203,"rotdd",0x001D3A93,"Narsha: General Elliot!<SPEAKER_BREAK>"
3204,"rotdd",0x001D3AAC,"<PLAYER_NAME>:<NEWLINE>Who are you?<SPEAKER_BREAK>"
3205,"rotdd",0x001D3ABD,"Narsha: My name is...<05><NEWLINE>Narsha Ramladu.<SPEAKER_BREAK>"
3206,"rotdd",0x001D3AE5,"Anri: Ramladu...?<05><NEWLINE>Not the...!?<SPEAKER_BREAK>"
3207,"rotdd",0x001D3B06,"Narsha: Yes, it's true.<NEWLINE>I am the daughter of Ramladu,<NEWLINE>King of Runefaust.<PAGE_BREAK>I have travelled far from the<NEWLINE>east to join you. We have<NEWLINE>many things to discuss.<PAGE_BREAK>But, wait a minute...<05><NEWLINE>General Elliot!<NEWLINE>Hold on!<PAGE_BREAK>Do you know who I am?<SPEAKER_BREAK>"
3208,"rotdd",0x001D3BE6,"General Elliot: Oh... It's...<NEWLINE>It's Princess Narsha...<02>I<NEWLINE>thought we'd never meet again.<PAGE_BREAK>My only regret is that I<NEWLINE>was unable to be of<NEWLINE>greater service to you...<SPEAKER_BREAK>"
3209,"rotdd",0x001D3C85,"Narsha: Don't worry about me.<NEWLINE>I have my own brave companions<NEWLINE>to fight by my side now.<SPEAKER_BREAK>"
3210,"rotdd",0x001D3CDC,"Elliot: Is that so...?<NEWLINE>I'm glad to hear that.<05><NEWLINE>My lady, please listen...<PAGE_BREAK>You must do something for me.<05><NEWLINE>You must go with them...<PAGE_BREAK>Go with <PLAYER_NAME><NEWLINE>and the Shining Force...<05><NEWLINE>and fight against Darksol...<PAGE_BREAK>And save our people...<05><NEWLINE>Will you do this, my lady?<SPEAKER_BREAK>"
3211,"rotdd",0x001D3DD2,"Narsha: Of course I will!<NEWLINE>That is why Mawlock<NEWLINE>brought me here.<SPEAKER_BREAK>"
3212,"rotdd",0x001D3E12,"Elliot: That is good...<05><NEWLINE><PLAYER_NAME>, will you<NEWLINE>fight alongside the Princess?<SPEAKER_BREAK>"
3213,"rotdd",0x001D3E56,"<PLAYER_NAME>: You can count on<NEWLINE>me. Darksol is behind all of<NEWLINE>this. We'll beat him together!<SPEAKER_BREAK>"
3214,"rotdd",0x001D3EA7,"General Elliot: Th-<02>That is<NEWLINE>all I ask. <02>When your fight<NEWLINE>is over... then you will...<PAGE_BREAK>...know the true nature...<NEWLINE>of your mission...<05><NEWLINE>...<SPEAKER_BREAK>"
3215,"rotdd",0x001D3F2F,"Narsha: General Elliot!<SPEAKER_BREAK>"
3216,"rotdd",0x001D3F48,"Anri: Incredible... <02>You've<NEWLINE>certainly had a difficult<NEWLINE>journey, Your Highness.<SPEAKER_BREAK>"
3217,"rotdd",0x001D3F97,"Narsha: Princess Anri...<05><NEWLINE>Please don't call me <QUOTE>Your<NEWLINE>Highness<QUOTE>. Just <QUOTE>Narsha<QUOTE>.<PAGE_BREAK>I am no longer<NEWLINE>the Princess of Runefaust.<SPEAKER_BREAK>"
3218,"rotdd",0x001D4011,"Anri: I see. Well then, why<NEWLINE>don't we just drop our titles?<NEWLINE>You can call me Anri.<SPEAKER_BREAK>"
3219,"rotdd",0x001D4063,"Narsha: All right, I'll do<NEWLINE>that, Princess Anri...<SPEAKER_BREAK>"
3220,"rotdd",0x001D4096,"Anri: Ha ha! It looks like<NEWLINE>we'll have to work on that.<SPEAKER_BREAK>"
3221,"rotdd",0x001D40CE,"Narsha: ...Yes, I suppose so.<SPEAKER_BREAK>"
3222,"rotdd",0x001D40ED,"<PLAYER_NAME>:<NEWLINE>...But really, Narsha, are you<NEWLINE>sure you're going to be OK?<PAGE_BREAK>You've made enemies of your<NEWLINE>father and your homeland.<NEWLINE>Are you OK with that?<SPEAKER_BREAK>"
3223,"rotdd",0x001D4178,"Mawlock:<NEWLINE>Narsha's will is strong.<NEWLINE>There is no need to worry.<SPEAKER_BREAK>"
3224,"rotdd",0x001D41B6,"<PLAYER_NAME>: ...?<NEWLINE>Hey, Mawlock, if you were<NEWLINE>with me the whole time...<PAGE_BREAK>How could you have been<NEWLINE>with Princess Narsha?<SPEAKER_BREAK>"
3225,"rotdd",0x001D4221,"Mawlock: Ho ho ho.<NEWLINE>I explained all this before.<NEWLINE>Weren't you listening?<PAGE_BREAK>In this particular timestream,<NEWLINE>I am able to do such things.<SPEAKER_BREAK>"
3226,"rotdd",0x001D42AE,"Mawlock:<NEWLINE>Ahem... Well, let's not<NEWLINE>go into details right now.<SPEAKER_BREAK>"
3227,"rotdd",0x001D42EB,"Narsha: <PLAYER_NAME>...<NEWLINE>and Princess Anri...<PAGE_BREAK>I love Runefaust more than<NEWLINE>anything else in this world.<NEWLINE>But now, to show that love...<PAGE_BREAK>I have to fight Darksol...<NEWLINE>and my father...even if it<NEWLINE>means betraying my country.<PAGE_BREAK>I know that this is the right<NEWLINE>way. And so, I ask you again.<NEWLINE>Please, let me come with you.<SPEAKER_BREAK>"
3228,"rotdd",0x001D4410,"<PLAYER_NAME>: All right, then.<NEWLINE>Lend us your strength!<SPEAKER_BREAK>"
3229,"rotdd",0x001D443C,"Narsha: Gladly!<SPEAKER_BREAK>"
3230,"rotdd",0x001D444D,"Narsha joins<NEWLINE>the Shining Force!<SPEAKER_BREAK>"
3231,"rotdd",0x001D446E,"Zuika joins the Shining Force!<SPEAKER_BREAK>"
3232,"rotdd",0x001D448E,"Mawlock joins the Shining<NEWLINE>Force "
3233,"rotdd",0x001D44B8,"Anri: Look, over there!<NEWLINE>It's the Pao Caravan.<PAGE_BREAK>Many of our comrades are hurt<NEWLINE>or exhausted from the fight.<NEWLINE>Let's take a rest there.<SPEAKER_BREAK>"
3234,"rotdd",0x001D453B,"<PLAYER_NAME><NEWLINE>cannot cast the Egress spell!<SPEAKER_BREAK>"
3235,"rotdd",0x001D455C,"...Receiving signal.<05><NEWLINE>Supernova all systems go!<05><NEWLINE>Aim! <02>...Fire!<SPEAKER_BREAK>"
3236,"rotdd",0x001D459D,"Medical Herb: Restores 20 HP<NEWLINE>to a single ally. Use during<NEWLINE>battle.<SPEAKER_BREAK>"
3237,"rotdd",0x001D45E0,"Healing Seed: Restores 40 HP<NEWLINE>to a single ally. Use during<NEWLINE>battle.<SPEAKER_BREAK>"
3238,"rotdd",0x001D4623,"Antidote: Cures a single ally<NEWLINE>from poison. Use during<NEWLINE>battle.<SPEAKER_BREAK>"
3239,"rotdd",0x001D4662,"Angel Wing: Retreat from<NEWLINE>battle and return to nearest<NEWLINE>town.<SPEAKER_BREAK>"
3240,"rotdd",0x001D469F,"Shower Cure: Restores 20 HP to<NEWLINE>all allies. Use during battle.<SPEAKER_BREAK>"
3241,"rotdd",0x001D46DE,"Power Ring: Increases attack<NEWLINE>power by 4 when equipped. Use<NEWLINE>to cast Level 1 Attack spell.<SPEAKER_BREAK>"
3242,"rotdd",0x001D4738,"Shield Ring: Increases defense<NEWLINE>by 4 when equipped. Use<NEWLINE>to cast Level 1 Quick spell.<SPEAKER_BREAK>"
3243,"rotdd",0x001D478D,"Speed Ring: Increases speed<NEWLINE>by 4 when equipped. Use<NEWLINE>to cast Egress spell.<SPEAKER_BREAK>"
3244,"rotdd",0x001D47D8,"Agility Ring: Increases<NEWLINE>movement by 2 when equipped.<SPEAKER_BREAK>"
3245,"rotdd",0x001D480E,"White Ring: Increases defense<NEWLINE>by "
3246,"rotdd",0x001D4830," when equipped. Use<NEWLINE>to cast Level 2 Aura spell.<SPEAKER_BREAK>"
3247,"rotdd",0x001D4861,"Black Ring: Increases attack<NEWLINE>power by "
3248,"rotdd",0x001D4888," when equipped. Use<NEWLINE>to cast Level 2 Blaze spell.<SPEAKER_BREAK>"
3249,"rotdd",0x001D48BA,"Evil Ring: Increases attack<NEWLINE>power by "
3250,"rotdd",0x001D48E0," when equipped. Use<NEWLINE>to cast Level 4 Bolt spell.<SPEAKER_BREAK>"
3251,"rotdd",0x001D4911,"Yogurt Ring: Inscribed with<NEWLINE>the image of the strange<NEWLINE>being Yogurt. Use it and see|<SPEAKER_BREAK>"
3252,"rotdd",0x001D4965,"Power Wine: Using it<NEWLINE>increases attack power by 1-2.<SPEAKER_BREAK>"
3253,"rotdd",0x001D499A,"DEF Potion: Using it increases<NEWLINE>defense by 1-2.<SPEAKER_BREAK>"
3254,"rotdd",0x001D49CA,"Quik Chicken: Using it<NEWLINE>increases speed by 3-4.<SPEAKER_BREAK>"
3255,"rotdd",0x001D49FA,"Turbo Pepper: Using it<NEWLINE>increases movement by 1-2.<SPEAKER_BREAK>"
3256,"rotdd",0x001D4A2D,"Life Loaf: Using it increases<NEWLINE>maximum HP by 1-2.<SPEAKER_BREAK>"
3257,"rotdd",0x001D4A5F,"Orb of Light: A beautiful<NEWLINE>crystal. Used to summon<NEWLINE>the Spirit of the Spring.<SPEAKER_BREAK>"
3258,"rotdd",0x001D4AAC,"Moonstone: A mysterious stone<NEWLINE>that emits a pale blue light.<NEWLINE>Used to make Lunar Dew.<SPEAKER_BREAK>"
3259,"rotdd",0x001D4B01,"Lunar Dew: A mystical tea made<NEWLINE>from Moonstone. Can tame<NEWLINE>the hearts of angry beasts.<SPEAKER_BREAK>"
3260,"rotdd",0x001D4B56,"Domingo Egg: A strange egg<NEWLINE>obtained from a mage in<NEWLINE>Manarina. Warm it up and|?!<SPEAKER_BREAK>"
3261,"rotdd",0x001D4BA6,"Teeny Bikini: Very stylish.<NEWLINE>Only fits a certain character.<SPEAKER_BREAK>"
3262,"rotdd",0x001D4BE2,"Daring Dress: Skin-tight.<NEWLINE>Can only be worn by Anri.<SPEAKER_BREAK>"
3263,"rotdd",0x001D4C17,"Blaze Bomb: Magical explosive.<NEWLINE>Invented by Dr. Crock of Rindo.<NEWLINE>Destroys even thick walls.<SPEAKER_BREAK>"
3264,"rotdd",0x001D4C72,"Short Sword: Minimal attack<NEWLINE>power, but even novice<NEWLINE>fighters can use it.<SPEAKER_BREAK>"
3265,"rotdd",0x001D4CBB,"Middle Sword: Medium attack<NEWLINE>power, but even novice<NEWLINE>fighters can use it.<SPEAKER_BREAK>"
3266,"rotdd",0x001D4D04,"Long Sword: A powerful weapon,<NEWLINE>but hard to handle.<SPEAKER_BREAK>"
3267,"rotdd",0x001D4D38,"Steel Sword: Long steel blade.<NEWLINE>For advanced fighters.<SPEAKER_BREAK>"
3268,"rotdd",0x001D4D6F,"Broad Sword: Long wide blade.<NEWLINE>For skilled fighters.<SPEAKER_BREAK>"
3269,"rotdd",0x001D4DA4,"Doom Blade: This sword<NEWLINE>will slay an enemy with a<NEWLINE>single blow. For the advanced.<SPEAKER_BREAK>"
3270,"rotdd",0x001D4DF5,"Katana: Legendary sword.<NEWLINE>Often deals a deadly blow.<NEWLINE>For skilled fighters.<SPEAKER_BREAK>"
3271,"rotdd",0x001D4E40,"Light Saber: Only the chosen<NEWLINE>hero can equip this. Use to<NEWLINE>cast Level 2 Bolt spell.<SPEAKER_BREAK>"
3272,"rotdd",0x001D4E93,"Dark Saber: Powerful, but<NEWLINE>not all may use it. Use to<NEWLINE>cast Level 1 Desoul spell.<SPEAKER_BREAK>"
3273,"rotdd",0x001D4EE4,"Chaosbreaker: Once used<NEWLINE>against Dark Dragon. Heroes<NEWLINE>only. Casts LV 4 Freeze spell.<SPEAKER_BREAK>"
3274,"rotdd",0x001D4F38,"Wooden Arrow: Distance 2<SPEAKER_BREAK>"
3275,"rotdd",0x001D4F52,"Steel Arrow: Distance 2<SPEAKER_BREAK>"
3276,"rotdd",0x001D4F6B,"Elven Arrow: Used by legendary<NEWLINE>archers. Chance of killing<NEWLINE>with one shot. Distance 2-3.<SPEAKER_BREAK>"
3277,"rotdd",0x001D4FC3,"Armor Arrow: Heavyweight<NEWLINE>arrow. For advanced fighters.<NEWLINE>Distance 2-3.<SPEAKER_BREAK>"
3278,"rotdd",0x001D5009,"Buster Shot: For the advanced.<NEWLINE>Distance 2-3.<SPEAKER_BREAK>"
3279,"rotdd",0x001D5037,"Bronze Lance: A knight's<NEWLINE>basic weapon.<SPEAKER_BREAK>"
3280,"rotdd",0x001D505F,"Steel Lance: Great attack<NEWLINE>power, but weighty.<NEWLINE>For skilled fighters.<SPEAKER_BREAK>"
3281,"rotdd",0x001D50A4,"Chrome Lance: Great attack<NEWLINE>power, but weighty.<NEWLINE>For skilled fighters.<SPEAKER_BREAK>"
3282,"rotdd",0x001D50EA,"Halberd: Lance w"
3283,"rotdd",0x001D50FB,"small battle-<NEWLINE>axe. Destructive but tricky to<NEWLINE>wield. For advanced fighters.<SPEAKER_BREAK>"
3284,"rotdd",0x001D5147,"Devil Lance: Harbors evil<NEWLINE>power. For skilled fighters.<NEWLINE>Use to cast Shield spell.<SPEAKER_BREAK>"
3285,"rotdd",0x001D5199,"Spear: Small throwing lance.<NEWLINE>Basic weapon of a knight.<NEWLINE>Distance 1-2.<SPEAKER_BREAK>"
3286,"rotdd",0x001D51DF,"Power Spear: Large throwing<NEWLINE>lance. Distance 1-2.<SPEAKER_BREAK>"
3287,"rotdd",0x001D5211,"Valkyrie: Blessed lance.<NEWLINE>Restores 3 HP every turn. For<NEWLINE>the advanced. Distance 1-2.<SPEAKER_BREAK>"
3288,"rotdd",0x001D5265,"Hand Axe: Small. A warrior's<NEWLINE>basic weapon.<SPEAKER_BREAK>"
3289,"rotdd",0x001D5291,"Middle Axe: Medium-sized.<NEWLINE>All good warriors<NEWLINE>should have one.<SPEAKER_BREAK>"
3290,"rotdd",0x001D52CF,"Battle Axe: Very destructive,<NEWLINE>but also heavy.<NEWLINE>For the advanced.<SPEAKER_BREAK>"
3291,"rotdd",0x001D5310,"Heat Axe: Forged from lava.<NEWLINE>Casts Level 2 Blaze spell.<NEWLINE>For skilled fighters.<SPEAKER_BREAK>"
3292,"rotdd",0x001D535E,"Great Axe: Highly destructive,<NEWLINE>but exceedingly heavy.<NEWLINE>For the elite fighter.<SPEAKER_BREAK>"
3293,"rotdd",0x001D53AC,"Atlas: Axe used by legendary<NEWLINE>warrior Atlas. Casts Level 2<NEWLINE>Blaze spell. For the advanced.<SPEAKER_BREAK>"
3294,"rotdd",0x001D5406,"Wooden Staff: Sacred cane.<NEWLINE>Basic tool of a mage<NEWLINE>or healer.<SPEAKER_BREAK>"
3295,"rotdd",0x001D5442,"Power Staff: Used in battle.<NEWLINE>For mages and healers<NEWLINE>fighting in the front line.<SPEAKER_BREAK>"
3296,"rotdd",0x001D5492,"Guard Staff: Equip this<NEWLINE>to increase attack power.<NEWLINE>For the elite.<SPEAKER_BREAK>"
3297,"rotdd",0x001D54D4,"Holy Staff: Restores 3 HP<NEWLINE>every turn. Can only be used<NEWLINE>by vicars.<SPEAKER_BREAK>"
3298,"rotdd",0x001D5517,"Demon Rod: Using it drains<NEWLINE>enemy MP. For the advanced.<SPEAKER_BREAK>"
3299,"rotdd",0x001D554F,"Demibuster: Used to fight<NEWLINE>demi-humans. Also effective<NEWLINE>against goblins and the like.<SPEAKER_BREAK>"
3300,"rotdd",0x001D55A4,"Mermanbuster: Sword used<NEWLINE>against sea and river<NEWLINE>creatures. For the advanced.<SPEAKER_BREAK>"
3301,"rotdd",0x001D55F1,"Soulbuster: Sword for fighting<NEWLINE>humans. Causes damage to both<NEWLINE>soul and flesh. For the elite.<SPEAKER_BREAK>"
3302,"rotdd",0x001D564E,"Duelist: Special arrow. Most<NEWLINE>effective against centaurs. <NEWLINE>For the advanced fighter.<SPEAKER_BREAK>"
3303,"rotdd",0x001D56A3,"Destroyer: Special arrow. Very<NEWLINE>effective against robot"
3304,"rotdd",0x001D56DA,"mech<NEWLINE>enemies. For the advanced.<SPEAKER_BREAK>"
3305,"rotdd",0x001D56FB,"Sniper: Special arrow.<NEWLINE>Effective against all types of<NEWLINE>enemies. Distance 2-3.<SPEAKER_BREAK>"
3306,"rotdd",0x001D5749,"Power Lance: Large weapon.<NEWLINE>Very powerful, yet easy to<NEWLINE>master.<SPEAKER_BREAK>"
3307,"rotdd",0x001D5788,"Ogre Slayer: Special spear. <NEWLINE>Effective against giant-type<NEWLINE>enemies. For the advanced.<SPEAKER_BREAK>"
3308,"rotdd",0x001D57DE,"Elf Slayer: Throwing spear.<NEWLINE>Especially effective against<NEWLINE>elves. Range 1-2.<SPEAKER_BREAK>"
3309,"rotdd",0x001D582A,"Jagged Flash: Special<NEWLINE>battle-axe"
3310,"rotdd",0x001D584B," lightning-sharp.<NEWLINE>Good against flying enemies.<SPEAKER_BREAK>"
3311,"rotdd",0x001D587B,"Landslide: Special battle-axe.<NEWLINE>Can rip through rock. Good<NEWLINE>against beast-type enemies.<SPEAKER_BREAK>"
3312,"rotdd",0x001D58D2,"Raging Drum: Makes the air<NEWLINE>quiver. Useful against cannon-<NEWLINE>type enemies. For the elite.<SPEAKER_BREAK>"
3313,"rotdd",0x001D592A,"Voodoo Staff: Can poison an<NEWLINE>enemy in mid-attack.<SPEAKER_BREAK>"
3314,"rotdd",0x001D595C,"Doll Hater: Special staff. <NEWLINE>Increases power of attacks<NEWLINE>against android enemies.<SPEAKER_BREAK>"
3315,"rotdd",0x001D59AD,"Zombie Charm: Special staff.<NEWLINE>Weapon useful for fighting<NEWLINE>undead enemies.<SPEAKER_BREAK>"
3316,"rotdd",0x001D59F6,"Paralyzer: Can stop an<NEWLINE>enemy about to attack and send<NEWLINE>it to sleep. For the elite.<SPEAKER_BREAK>"
3317,"rotdd",0x001D5A49,"Mace: A club usable<NEWLINE>only by Narsha.<SPEAKER_BREAK>"
3318,"rotdd",0x001D5A6E,"Heavy Mace: Sturdy club<NEWLINE>usable only by Narsha.<SPEAKER_BREAK>"
3319,"rotdd",0x001D5A9E,"Holy Mace: Divine club. Casts<NEWLINE>Level 3 Heal spell. Usable only<NEWLINE>by Narsha. For the advanced.<SPEAKER_BREAK>"
3320,"rotdd",0x001D5AFA,"Miracle Mace: Miraculous club.<NEWLINE>Casts Level 4 Bolt spell.<NEWLINE>Usable only by Narsha.<SPEAKER_BREAK>"
3321,"rotdd",0x001D5B4B,"Dragonslayer: Especially<NEWLINE>effective against<NEWLINE>dragon-type enemies.<SPEAKER_BREAK>"
3322,"rotdd",0x001D5B8C,"Steel Ring: Increases defense<NEWLINE>by 1.<SPEAKER_BREAK>"
3323,"rotdd",0x001D5BB1,"Silver Ring: Increases defense<NEWLINE>by 2.<SPEAKER_BREAK>"
3324,"rotdd",0x001D5BD7,"Gold Ring: Increases defense<NEWLINE>by 5.<SPEAKER_BREAK>"
3325,"rotdd",0x001D5BFB,"Evade Ring: Improves reaction.<NEWLINE>Evasion increases by 2"
3326,"rotdd",0x001D5C31,"<NEWLINE>when equipped.<SPEAKER_BREAK>"
3327,"rotdd",0x001D5C42,"Wind Ring: Improves reaction.<NEWLINE>Evasion increases by 5"
3328,"rotdd",0x001D5C77,"<NEWLINE>when equipped.<SPEAKER_BREAK>"
3329,"rotdd",0x001D5C88,"Tornado Ring: Improves<NEWLINE>reaction. Evasion increases<NEWLINE>by 10"
3330,"rotdd",0x001D5CC1," when equipped.<SPEAKER_BREAK>"
3331,"rotdd",0x001D5CD2,"Charm Ring: Protected by weak<NEWLINE>magic. Can reduce magic damage<NEWLINE>by 10"
3332,"rotdd",0x001D5D18,"Prayer Ring: Protected by<NEWLINE>strong magic. Can reduce magic<NEWLINE>damage by 20"
3333,"rotdd",0x001D5D61,"Seal Ring: Charm that wards<NEWLINE>off evil. Can reduce magic<NEWLINE>damage by 30"
3334,"rotdd",0x001D5DA8,"Healing Ring: Protects against<NEWLINE>poison.<SPEAKER_BREAK>"
3335,"rotdd",0x001D5DD0,"Rousing Ring: Protects against<NEWLINE>drowsiness.<SPEAKER_BREAK>"
3336,"rotdd",0x001D5DFC,"Holy Ring: Protects against<NEWLINE>curses and allows normal use<NEWLINE>of cursed weapons.<SPEAKER_BREAK>"
3337,"rotdd",0x001D5E49,"Sniper Ring: Guarantees an<NEWLINE>attack will find its target.<SPEAKER_BREAK>"
3338,"rotdd",0x001D5E82,"Repel Ring: Has the power<NEWLINE>to block an enemy's<NEWLINE>counterattack.<SPEAKER_BREAK>"
3339,"rotdd",0x001D5EC0,"Counter Ring: Counterattack<NEWLINE>rate increases by 10"
3340,"rotdd",0x001D5EF1,". Only<NEWLINE>works for direct attacks.<SPEAKER_BREAK>"
3341,"rotdd",0x001D5F13,"Maid Uniform: Really cute<NEWLINE>outfit. Can only be worn<NEWLINE>by Khris.<SPEAKER_BREAK>"
3342,"rotdd",0x001D5F5C," A flame attack<NEWLINE>on a single enemy.<NEWLINE>Range: 2 "
3343,"rotdd",0x001D5FA0," A flame attack<NEWLINE>on a group of enemies.<NEWLINE>Range: 2 "
3344,"rotdd",0x001D5FE8," A devastating<NEWLINE>flame attack on one enemy.<NEWLINE>Range: 2 "
3345,"rotdd",0x001D6033," Devastating flame<NEWLINE>attack on a group of enemies.<NEWLINE>Range: 2 "
3346,"rotdd",0x001D6086," An ice attack<NEWLINE>on a single enemy.<NEWLINE>Range: 2 "
3347,"rotdd",0x001D60CA," An ice attack<NEWLINE>on a group of enemies.<NEWLINE>Range: 2 "
3348,"rotdd",0x001D6112," A powerful ice<NEWLINE>attack on a single enemy.<NEWLINE>Range: 3 "
3349,"rotdd",0x001D615E," A powerful ice<NEWLINE>attack on a group of enemies.<NEWLINE>Range: 3 "
3350,"rotdd",0x001D61AC," A lightning attack<NEWLINE>on a group of enemies.<NEWLINE>Range: 2 "
3351,"rotdd",0x001D61F7," A lightning attack<NEWLINE>on a group of enemies.<NEWLINE>Range: 3 "
3352,"rotdd",0x001D6242," A devastating<NEWLINE>lightning attack on 1 enemy.<NEWLINE>Range: 3 "
3353,"rotdd",0x001D628E," Powerful lightning<NEWLINE>attack on a group of enemies.<NEWLINE>Range: 3 "
3354,"rotdd",0x001D62E2," An instant death<NEWLINE>attack on 1 enemy. Unreliable.<NEWLINE>Range: 2 "
3355,"rotdd",0x001D6335," Death attack on<NEWLINE>group of enemies. Unreliable.<NEWLINE>Range: 2 "
3356,"rotdd",0x001D6384," Restores HP of<NEWLINE>a single ally.<NEWLINE>Range: 1 "
3357,"rotdd",0x001D63C3," Restores HP of<NEWLINE>a single ally.<NEWLINE>Range: 3 "
3358,"rotdd",0x001D6402," Greatly restores<NEWLINE>HP of a single ally.<NEWLINE>Range: 3 "
3359,"rotdd",0x001D6449," Fully restores<NEWLINE>HP of a single ally.<NEWLINE>Range: 1 "
3360,"rotdd",0x001D648E," Restores HP of<NEWLINE>a group of allies.<NEWLINE>Range: 3 "
3361,"rotdd",0x001D64D1," Restores HP of<NEWLINE>a group of allies.<NEWLINE>Range: 3 "
3362,"rotdd",0x001D6514," Greatly restores HP<NEWLINE>of a group of allies.<NEWLINE>Range: 3 "
3363,"rotdd",0x001D655F," Fully restores HP<NEWLINE>of all allies on the field.<NEWLINE>The ultimate healing magic.<SPEAKER_BREAK>"
3364,"rotdd",0x001D65B2," Cures poison in<NEWLINE>a single ally.<NEWLINE>Range: 1 "
3365,"rotdd",0x001D65F0," Creates a barrier<NEWLINE>around 1 ally to repel magic.<NEWLINE>Range: 2 "
3366,"rotdd",0x001D663F," Blocks the magic of<NEWLINE>a single enemy.<NEWLINE>Range: 2 "
3367,"rotdd",0x001D6681," Reduces success rate<NEWLINE>of a single enemy's attack.<NEWLINE>Range: 2 "
3368,"rotdd",0x001D66D5," Raises the attack<NEWLINE>power of a single ally.<NEWLINE>Range: 3 "
3369,"rotdd",0x001D6722," Raises attack<NEWLINE>power of a group of allies.<NEWLINE>Range: 3 "
3370,"rotdd",0x001D676F," Greatly raises<NEWLINE>attack of a group of allies.<NEWLINE>Range: 3 "
3371,"rotdd",0x001D67BD," Raises the speed<NEWLINE>of a single ally.<NEWLINE>Range: 1 "
3372,"rotdd",0x001D6802," Raises the speed<NEWLINE>of a group of allies.<NEWLINE>Range: 2 "
3373,"rotdd",0x001D684A," Lowers the speed of<NEWLINE>a single enemy.<NEWLINE>Range: 2 "
3374,"rotdd",0x001D688F," Lowers the speed<NEWLINE>of a group of enemies.<NEWLINE>Range: 2 "
3375,"rotdd",0x001D68D5," Puts a single enemy<NEWLINE>to sleep.<NEWLINE>Range: 2 "
3376,"rotdd",0x001D6912," Retreat from battle<NEWLINE>and return to the nearest<NEWLINE>town.<SPEAKER_BREAK>"
3377,"rotdd",0x001D6949,"Super Egress"
3378,"rotdd",0x001D6956," Return to town,<NEWLINE>preserving  battlefield status<NEWLINE>and reviving fallen allies.<SPEAKER_BREAK>"
3379,"rotdd",0x001D69B2," Light-based<NEWLINE>attack on 1 enemy. <PLAYER_NAME><NEWLINE>only. Range: 3 "
3380,"rotdd",0x001D69FF," A light-based<NEWLINE>attack on 1 enemy. <PLAYER_NAME><NEWLINE>only. Range: 3 "
3381,"rotdd",0x001D6A4E," A light-based<NEWLINE>attack on 1 enemy. <PLAYER_NAME><NEWLINE>only. Range: 3 "
3382,"rotdd",0x001D6A9D," A light-based<NEWLINE>attack on 1 enemy. <PLAYER_NAME><NEWLINE>only. Range: 3 "
3383,"rotdd",0x001D6AE7," Increases movement<NEWLINE>range of a single ally.<NEWLINE>Range: 2 "
3384,"rotdd",0x001D6B33," Increases movement<NEWLINE>range of a group of allies.<NEWLINE>Range: 2 "
3385,"rotdd",0x001D6B83," Greatly increases<NEWLINE>movement range of a group of<NEWLINE>allies. Range: 2 "
3386,"rotdd",0x001D6BDC," Boosts the magic<NEWLINE>power of a single ally.<NEWLINE>Range: 2 "
3387,"rotdd",0x001D6C27," Boosts the magic<NEWLINE>power of a group of allies.<NEWLINE>Range: 2 "
3388,"rotdd",0x001D6C76," Greatly boosts the<NEWLINE>magic of a group of allies.<NEWLINE>Range: 2 "
3389,"rotdd",0x001D6CC2," Mawlock's spell. <NEWLINE>Gives him the powers of the <NEWLINE>character on the card.<SPEAKER_BREAK>"
3390,"rotdd",0x001D6D10," Mawlock's spell.<NEWLINE>Gives the character on the<NEWLINE>card 1 turn "
3391,"rotdd",0x001D6D4A,"allies only"
3392,"rotdd",0x001D6D61," Mawlock's spell.<NEWLINE>Releases card's hidden power.<NEWLINE>Has a variety of effects.<SPEAKER_BREAK>"
3393,"rotdd",0x001D6DB5," Mawlock's spell.<NEWLINE>Creates clone of the character<NEWLINE>on the card "
3394,"rotdd",0x001D6DF3,"allies only"
3395,"rotdd",0x001D6E0C,"<NEWLINE>Copy: Attack with Supernova<NEWLINE>Effect: Super Egress<SPEAKER_BREAK>"
3396,"rotdd",0x001D6E4C,"<NEWLINE>Copy: Well-balanced warrior<NEWLINE>Effect: Raise ally's defense<SPEAKER_BREAK>"
3397,"rotdd",0x001D6E93,"<NEWLINE>Copy: Fast-moving knight<NEWLINE>Effect: Attack from any range<SPEAKER_BREAK>"
3398,"rotdd",0x001D6ED8,"<NEWLINE>Copy: Attack with Blaze<NEWLINE>Effect: Attack from any range<SPEAKER_BREAK>"
3399,"rotdd",0x001D6F1D,"<NEWLINE>Copy: Archer with range of 2<NEWLINE>Effect: "
3400,"rotdd",0x001D6F44,"1 to an ally's range<SPEAKER_BREAK>"
3401,"rotdd",0x001D6F67," Copy:<NEWLINE>Restore attacked ally's HP<NEWLINE>Effect: Restore 1 ally's HP<SPEAKER_BREAK>"
3402,"rotdd",0x001D6FB3,"<NEWLINE>Copy: Monk with super attack<NEWLINE>Effect: Cancel one enemy turn<SPEAKER_BREAK>"
3403,"rotdd",0x001D6FFC," <NEWLINE>Copy: Fast-moving knight<NEWLINE>Effect: Attack from any range<SPEAKER_BREAK>"
3404,"rotdd",0x001D7043,"<NEWLINE>Copy: Well-balanced warrior<NEWLINE>Effect: Increase ally attack<SPEAKER_BREAK>"
3405,"rotdd",0x001D708C," Copy:<NEWLINE>Restore one ally's HP<NEWLINE>Effect: Restore allies' HP<SPEAKER_BREAK>"
3406,"rotdd",0x001D70D2," Copy: Attack <NEWLINE>with Freeze, Effect: Attack <NEWLINE>enemies within a range of 2<SPEAKER_BREAK>"
3407,"rotdd",0x001D712A,"<NEWLINE>Copy: Fast-moving knight<NEWLINE>Effect: Attack from any range<SPEAKER_BREAK>"
3408,"rotdd",0x001D7174," Copy:<NEWLINE>Increase movement, Effect:<NEWLINE>Ally movement type "
3409,"rotdd",0x001D71C0,"<NEWLINE>Copy: Increase movement range<NEWLINE>Effect: "
3410,"rotdd",0x001D71E8,"3 to ally's movement<SPEAKER_BREAK>"
3411,"rotdd",0x001D720C," Copy: Archer <NEWLINE>with range of 2, Effect: "
3412,"rotdd",0x001D7235,"2<NEWLINE>to 1 ally's range<SPEAKER_BREAK>"
3413,"rotdd",0x001D7257," Copy: Increase<NEWLINE>movement in forest, Effect:<NEWLINE>Ally's movement type "
3414,"rotdd",0x001D72AF,"<NEWLINE>Copy: Fast-moving knight<NEWLINE>Effect: Attack from any range<SPEAKER_BREAK>"
3415,"rotdd",0x001D72F7,"<NEWLINE>Copy: Fast-moving knight<NEWLINE>Effect: Attack from any range<SPEAKER_BREAK>"
3416,"rotdd",0x001D7340," Copy:<NEWLINE>Increase movement, Effect:<NEWLINE>Ally movement type "
3417,"rotdd",0x001D738E,"<NEWLINE>Copy: Rendered useless<NEWLINE>Effect: Something BAD happens<SPEAKER_BREAK>"
3418,"rotdd",0x001D73D3," Copy: Superior<NEWLINE>defense, Effect: Reduce ally's<NEWLINE>damage to 1 "
3419,"rotdd",0x001D740F,"single use"
3420,"rotdd",0x001D742C," Copy: Attack<NEWLINE>with Freeze, Effect: Attack<NEWLINE>enemies within 2 spaces<SPEAKER_BREAK>"
3421,"rotdd",0x001D747F,"<NEWLINE>Copy: Fast-moving knight<NEWLINE>Effect: Attack from any range<SPEAKER_BREAK>"
3422,"rotdd",0x001D74C5," Copy: Assault<NEWLINE>knight with a range of 3<NEWLINE>Effect: "
3423,"rotdd",0x001D74F6,"2 to ally's range<SPEAKER_BREAK>"
3424,"rotdd",0x001D7516," Copy: Dragon<NEWLINE>w"
3425,"rotdd",0x001D7526," great ATK and DEF, Effect:<NEWLINE>Area attack from any range<SPEAKER_BREAK>"
3426,"rotdd",0x001D756B," Copy: Attack <NEWLINE>with Bolt spell, Effect:<NEWLINE>Attack from any range<SPEAKER_BREAK>"
3427,"rotdd",0x001D75B9," Copy: Restore<NEWLINE>attacked ally's HP<NEWLINE>Effect: Shield for all allies<SPEAKER_BREAK>"
3428,"rotdd",0x001D7607," Copy: Robot<NEWLINE>w"
3429,"rotdd",0x001D7616," high attack, Effect: Attack<NEWLINE>with enemy's own attack power<SPEAKER_BREAK>"
3430,"rotdd",0x001D7662," Copy: Super<NEWLINE>attack, Effect: Ally's next<NEWLINE>attack is super attack<SPEAKER_BREAK>"
3431,"rotdd",0x001D76B2,"<NEWLINE>Copy: Ninja with high speed<NEWLINE>Effect: Raise 1 ally's speed<SPEAKER_BREAK>"
3432,"rotdd",0x001D76FC,"<NEWLINE>Copy: Boost allies' strength<NEWLINE>Effect: Restore 20 MP to ally<SPEAKER_BREAK>"
3433,"rotdd",0x001D7747," Copy: Insect<NEWLINE>warrior w"
3434,"rotdd",0x001D775F," high speed<NEWLINE>Effect: Instant death attack<SPEAKER_BREAK>"
3435,"rotdd",0x001D7799," Copy: Return<NEWLINE>Mawlock to original form<NEWLINE>Effect: Restore used cards<SPEAKER_BREAK>"
3436,"rotdd",0x001D77DD,"Rune Knight's Card"
3437,"rotdd",0x001D77F0,"<NEWLINE>Copy: Fast-moving knight<NEWLINE>Effect: Attack from any range<SPEAKER_BREAK>"
3438,"rotdd",0x001D783A,"<NEWLINE>Copy: Regain HP automatically<NEWLINE>Effect: Put 1 enemy to sleep<SPEAKER_BREAK>"
3439,"rotdd",0x001D788A,"<NEWLINE>Copy: Attack with Blaze<NEWLINE>Effect: Attack from any range<SPEAKER_BREAK>"
3440,"rotdd",0x001D78D0,"<NEWLINE>Copy: Regain HP automatically<NEWLINE>Effect: Poison 1 enemy<SPEAKER_BREAK>"
3441,"rotdd",0x001D7908,"Silver Knight's Card"
3442,"rotdd",0x001D791D,"<NEWLINE>Copy: Fast-moving knight<NEWLINE>Effect: Attack from any range<SPEAKER_BREAK>"
3443,"rotdd",0x001D7957,"Laser Eye's Card"
3444,"rotdd",0x001D7968," Copy:<NEWLINE>Attack with Bolt, Effect:<NEWLINE>Damage all enemies in range<SPEAKER_BREAK>"
3445,"rotdd",0x001D79B5," Copy: Half-<NEWLINE>dragon with balanced stats<NEWLINE>Effect: Attack from any range<SPEAKER_BREAK>"
3446,"rotdd",0x001D7A0E,"<NEWLINE>Copy: Powerful beast attack <NEWLINE>Effect: Attack from any range<SPEAKER_BREAK>"
3447,"rotdd",0x001D7A5C," Copy: Great<NEWLINE>stat balance, Effect: Raise 1 <NEWLINE>ally's attack"
3448,"rotdd",0x001D7AA6,"Master Mage's Card"
3449,"rotdd",0x001D7AB9," Copy:<NEWLINE>Attack with Blaze, Effect:<NEWLINE>Attack enemies within 2 spaces<SPEAKER_BREAK>"
3450,"rotdd",0x001D7B0C," Copy:<NEWLINE>Regain HP, Effect: Instant<NEWLINE>death attack to 1 enemy<SPEAKER_BREAK>"
3451,"rotdd",0x001D7B54," Copy:<NEWLINE>Attack with Desoul, Effect:<NEWLINE>Cast Egress to return to town<SPEAKER_BREAK>"
3452,"rotdd",0x001D7BA7,"<NEWLINE>Copy: Attack with Bolt<NEWLINE>Effect: Attack all enemies<SPEAKER_BREAK>"
3453,"rotdd",0x001D7BEF,"<NEWLINE>Copy: Attack with Freeze<NEWLINE>Effect: Attack from any range<SPEAKER_BREAK>"
3454,"rotdd",0x001D7C36," Copy: Robot<NEWLINE>w"
3455,"rotdd",0x001D7C45," great attack power, Effect:<NEWLINE>Attack w"
3456,"rotdd",0x001D7C6B," enemy attack power<SPEAKER_BREAK>"
3457,"rotdd",0x001D7C90," Copy:<NEWLINE>Excel in all areas, Effect:<NEWLINE>Prevent enemy from acting<SPEAKER_BREAK>"
3458,"rotdd",0x001D7CDF,"<NEWLINE>Copy: Attack with Bolt<NEWLINE>Effect: Raise allies' defense<SPEAKER_BREAK>"
3459,"rotdd",0x001D7D26,"<NEWLINE>Copy: Excel in all areas<NEWLINE>Effect: Attack all enemies<SPEAKER_BREAK>"
3460,"rotdd",0x001D7D5D,"Dark Dragon's Card"
3461,"rotdd",0x001D7D70,"<NEWLINE>Copy: Huge dragon of Darkness<NEWLINE>Effect: Attack all enemies<SPEAKER_BREAK>"
3462,"rotdd",0x001D7DBE,"<NEWLINE>Copy: Well-balanced warrior<NEWLINE>Effect: Extreme random damage<SPEAKER_BREAK>"
3463,"rotdd",0x001D7DFB,"Soul Eater's Card"
3464,"rotdd",0x001D7E0D," Copy: <NEWLINE>Regain HP, Effect: Ally<NEWLINE>regains HP for 5 turns<SPEAKER_BREAK>"
3465,"rotdd",0x001D7E46,"Pegasus Knight's Card"
3466,"rotdd",0x001D7E5C,"<NEWLINE>Copy: Fast-moving knight<NEWLINE>Effect: Attack from any range<SPEAKER_BREAK>"
3467,"rotdd",0x001D7E95,"Nova: The first battle. Let's<NEWLINE>start with the basics. This'll<NEWLINE>take time, but be patient.<PAGE_BREAK>Know your enemy! You can get<NEWLINE>info on a class of enemy after<NEWLINE>fighting just one of them.<PAGE_BREAK>Never let your guard down,<NEWLINE>and watch out for<NEWLINE>enemy counterattacks.<PAGE_BREAK>Beware of Dwarf Rune Knights<NEWLINE>when fighting at the Gate of<NEWLINE>the Ancients. They're tough.<PAGE_BREAK>We're still weak. Advance with<NEWLINE>care and make sure you have<NEWLINE>one Medical Herb per person.<PAGE_BREAK>There's a limit to MP, even<NEWLINE>for a Healer, you know.<PAGE_BREAK>Mages and Archers have low<NEWLINE>defense, so be careful when<NEWLINE>putting them up front.<PAGE_BREAK>And lastly, if things get<NEWLINE>dangerous, retreat!<PAGE_BREAK>Using battles to<NEWLINE>improve your level is<NEWLINE>also a worthwhile strategy.<SPEAKER_BREAK>"
3468,"rotdd",0x001D812A,"Nova: As leader, make sure<NEWLINE>you keep an eye on the<NEWLINE>level of your team.<PAGE_BREAK>To progress to the next<NEWLINE>battle, everyone should be<NEWLINE>at about level 2.<PAGE_BREAK>If their levels don't seem<NEWLINE>high enough, you may have to<NEWLINE>retreat and improve them.<PAGE_BREAK>The next battle will be your<NEWLINE>first in the mountains.<NEWLINE>It'll be tough moving around.<PAGE_BREAK>Let's go over a few things<NEWLINE>about terrain.<PAGE_BREAK>Terrain affects not only your<NEWLINE>movement, but also how much<NEWLINE>damage you take.<PAGE_BREAK>Depending on the terrain,<NEWLINE>you might find places that<NEWLINE>provide natural defenses.<PAGE_BREAK>While you're moving around,<NEWLINE>get into the habit of noticing<NEWLINE>these natural defenses.<PAGE_BREAK>In the mountains, the movement<NEWLINE>of each member will be<NEWLINE>affected by the terrain.<PAGE_BREAK>Try not to let people go<NEWLINE>ahead alone. Always maintain<NEWLINE>a united front as you move.<SPEAKER_BREAK>"
3469,"rotdd",0x001D8413,"Nova: In the next battle,<NEWLINE>you'll fight the tricky<NEWLINE>Giant Bats.<PAGE_BREAK>They've got good movement,<NEWLINE>and one can knock you out<NEWLINE>if you're unlucky.<PAGE_BREAK>It's hard to bring your<NEWLINE>attacks home on these<NEWLINE>flying enemies,<PAGE_BREAK>but spears or arrows make<NEWLINE>it easier.<05><NEWLINE>Magic works well too.<PAGE_BREAK>If you use arrows or magic,<NEWLINE>the enemy can't counterattack.<PAGE_BREAK>If you're aiming for the Clear<NEWLINE>Bonus, try decoy tactics.<PAGE_BREAK>While the decoy is distracting<NEWLINE>the Rune Knight, you can slip<NEWLINE>into the castle, <PLAYER_NAME>.<PAGE_BREAK>But, Rune Knights are really<NEWLINE>powerful, so don't slip up.<PAGE_BREAK>Let's go over the points about<NEWLINE>terrain again, shall we?<PAGE_BREAK>Terrain affects not only your<NEWLINE>movement, but also how much<NEWLINE>damage you take.<PAGE_BREAK>Depending on the terrain,<NEWLINE>you might find places that<NEWLINE>provide natural defenses.<PAGE_BREAK>While you're moving around,<NEWLINE>get into the habit of noticing<NEWLINE>these natural defenses.<PAGE_BREAK>In the mountains, the movement<NEWLINE>of each member will be<NEWLINE>affected by the terrain.<PAGE_BREAK>Try not to let people go<NEWLINE>ahead alone. Always maintain<NEWLINE>a united front as you move.<SPEAKER_BREAK>"
3470,"rotdd",0x001D87D8,"Nova: Next is a town battle.<NEWLINE>Towns are big and full of<NEWLINE>enemies, so it'll be hard.<PAGE_BREAK>One strategy is to stick<NEWLINE>together and take on<NEWLINE>the enemies one by one.<PAGE_BREAK>But, if you're aiming for the<NEWLINE>Clear Bonus and need to go<NEWLINE>quickly, split into 2 groups.<PAGE_BREAK>The key to success is in<NEWLINE>how you split your force.<PAGE_BREAK>Don't forget to put a Healer<NEWLINE>in both groups.<PAGE_BREAK>Oh, yeah! I remembered<NEWLINE>something that may help.<PAGE_BREAK>Occasionally you can find a<NEWLINE>great item in the <QUOTE>Deals<QUOTE> at<NEWLINE>weapon and item shops.<PAGE_BREAK>You should try to take a look<NEWLINE>in the <QUOTE>Deals<QUOTE> section<NEWLINE>if you can.<SPEAKER_BREAK>"
3471,"rotdd",0x001D89E9,"Nova: In the next battle,<NEWLINE>the small bridge at the start<NEWLINE>should be your main focus.<PAGE_BREAK>Use arrows and magic from<NEWLINE>a battlefront by the bridge to<NEWLINE>break the enemy's defense.<PAGE_BREAK>Zombies are strong enemies.<NEWLINE>Use magic or allies with high<NEWLINE>attack power to fight them.<PAGE_BREAK>Also, Zombie poison is nasty.<NEWLINE>Don't forget to bring some<NEWLINE>Antidotes.<SPEAKER_BREAK>"
3472,"rotdd",0x001D8B2B,"Nova: In the next battle, you<NEWLINE>must be wary of Skeletons.<PAGE_BREAK>If you're not careful, a Mage<NEWLINE>or ally with low defense<NEWLINE>can fall from one blow.<PAGE_BREAK>Use allies with high defense,<NEWLINE>and attack with arrows and<NEWLINE>magic to deplete enemy HP.<PAGE_BREAK>Arrows and magic will enable<NEWLINE>you to avoid counterattacks.<NEWLINE>Use this to your advantage.<SPEAKER_BREAK>"
3473,"rotdd",0x001D8C5E,"Nova: In this battle,<NEWLINE>look out for the<NEWLINE>hard-hitting Marionettes.<PAGE_BREAK>The Marionettes share<NEWLINE>Mishaela's power.<PAGE_BREAK>They'll hit you with<NEWLINE>sweeping magic attacks.<PAGE_BREAK>It's dangerous to stay<NEWLINE>too close together.<PAGE_BREAK>And by the way,<NEWLINE>I should explain about<NEWLINE>magic levels as well.<PAGE_BREAK>There are levels to magic.<NEWLINE>High level magic is powerful<NEWLINE>and has good coverage.<PAGE_BREAK>But, it requires more MP.<NEWLINE>Think carefully before<NEWLINE>casting magic.<SPEAKER_BREAK>"
3474,"rotdd",0x001D8DEC,"Nova: In small spaces, there's<NEWLINE>no room for a front line.<NEWLINE>Allies and enemies will mix.<PAGE_BREAK>Your allies may end up<NEWLINE>taking unexpected damage.<PAGE_BREAK>To prevent this, gather in one<NEWLINE>place and protect those with<NEWLINE>weak defense.<SPEAKER_BREAK>"
3475,"rotdd",0x001D8EBE,"Nova: In battle, know<NEWLINE>your terrain, and put allies<NEWLINE>in the right places.<PAGE_BREAK>Flying allies are very useful,<NEWLINE>but let them become isolated<NEWLINE>and they're easy targets.<PAGE_BREAK>Don't forget to keep<NEWLINE>everyone protected.<PAGE_BREAK>Anyway, the next battle has<NEWLINE>Dark Elves, so watch out.<PAGE_BREAK>They have high attack power<NEWLINE>and are difficult to hit.<PAGE_BREAK>When fighting Dark Elves,<NEWLINE>weapons with high hit ratios<NEWLINE>are good. Spears work well.<SPEAKER_BREAK>"
3476,"rotdd",0x001D9045,"Nova: Be really careful of<NEWLINE>Pegasus Knights.<PAGE_BREAK>Their movement is good, so<NEWLINE>they might close in while<NEWLINE>you're fighting other enemies.<PAGE_BREAK>Don't get trapped<NEWLINE>in between foes.<PAGE_BREAK>Also, if you're thinking of<NEWLINE>promoting someone, keep<NEWLINE>the following in mind...<PAGE_BREAK>When someone is promoted, <NEWLINE>they start over at level 1.<PAGE_BREAK>Some abilities may be lost<NEWLINE>temporarily, so think twice<NEWLINE>before promoting someone.<PAGE_BREAK>Once your allies reach level<NEWLINE>20, they can go no higher<NEWLINE>without being promoted.<PAGE_BREAK>Members of some classes<NEWLINE>can't be promoted at all.<PAGE_BREAK>But, these allies can go higher<NEWLINE>than level 20 without being<NEWLINE>promoted, so don't worry.<SPEAKER_BREAK>"
3477,"rotdd",0x001D9295,"Nova: Uh-oh! The Laser Eye?<NEWLINE>You're getting some nasty<NEWLINE>enemies now, aren't you?<PAGE_BREAK>The Laser Eye is a super-<NEWLINE>weapon of incredible power.<NEWLINE>But, it has a weakness.<PAGE_BREAK>It needs time to build up<NEWLINE>energy to fire.<PAGE_BREAK>That's your chance to strike.<PAGE_BREAK>Also, let me tell you one<NEWLINE>more thing about promoting<NEWLINE>your allies.<PAGE_BREAK>You should think especially<NEWLINE>carefully if you're going to <NEWLINE>promote a Mage.<PAGE_BREAK>Try to promote them<NEWLINE>after powerful magic<NEWLINE>has been learnt.<SPEAKER_BREAK>"
3478,"rotdd",0x001D9441,"Nova: The next enemy is the<NEWLINE>fair-and-square fighter,<NEWLINE>General Elliot...<PAGE_BREAK>He'll probably adopt some<NEWLINE>fairly standard tactics.<PAGE_BREAK>You could use warriors<NEWLINE>with good attack power<NEWLINE>and defense to counter,<PAGE_BREAK>or you could try using allies<NEWLINE>with excellent movement<NEWLINE>to blitz the enemy lines...<PAGE_BREAK>Hmm... It's a tough decision.<SPEAKER_BREAK>"
3479,"rotdd",0x001D9572,"Nova: Well...<NEWLINE>Who'd have thought we'd have a<NEWLINE>princess among us...<PAGE_BREAK>Narsha, Zuika and Mawlock<NEWLINE>all seem to have their own<NEWLINE>unique powers.<PAGE_BREAK>How about testing these<NEWLINE>powers in combat?<PAGE_BREAK>It's time to storm the enemy<NEWLINE>fortress. There won't be<NEWLINE>much room to maneuver.<PAGE_BREAK>Differences in movement<NEWLINE>could easily cause the team<NEWLINE>to get split up.<PAGE_BREAK>Even if it takes longer,<NEWLINE>try to advance together.<SPEAKER_BREAK>"
3480,"rotdd",0x001D96E7,"Nova: At last, it's the<NEWLINE>battle with Balbazak.<PAGE_BREAK>Balbazak and the Blue<NEWLINE>Dragon he controls are both<NEWLINE>formidable enemies...<PAGE_BREAK>Beware of Seabats.<NEWLINE>Like other types of bat,<NEWLINE>they're hard to hit.<PAGE_BREAK>Use your Archers and Mages<NEWLINE>to drive them back.<PAGE_BREAK>If you win this fight, you<NEWLINE>should immediately set sail.<PAGE_BREAK>Replenishing items will be<NEWLINE>difficult, so buy<NEWLINE>everything you need now.<SPEAKER_BREAK>"
3481,"rotdd",0x001D984C,"Nova: Here you are at sea...<NEWLINE>There's no item shop, so you<NEWLINE>can't replenish supplies.<PAGE_BREAK>Be ready to retreat from<NEWLINE>battle if necessary, in order<NEWLINE>to regain your strength.<PAGE_BREAK>...I'm sorry.<NEWLINE>Seems I'm a bit seasick...<PAGE_BREAK>Can't think straight...<NEWLINE>Let's call it a day.<SPEAKER_BREAK>"
3482,"rotdd",0x001D9947,"Nova: The next battle takes<NEWLINE>place in a rather strange<NEWLINE>location.<PAGE_BREAK>To get to the enemy, there<NEWLINE>are 3 possible routes.<PAGE_BREAK>If you want to wipe them out<NEWLINE>quickly, split into 3 units<NEWLINE>and advance simultaneously.<PAGE_BREAK>If you want to be sure of<NEWLINE>victory even if it takes time,<NEWLINE>keep everyone together.<PAGE_BREAK>Act as a unit and take the<NEWLINE>enemy from the center.<SPEAKER_BREAK>"
3483,"rotdd",0x001D9A92,"Nova: This is your second<NEWLINE>battle on a ship, isn't it?...<PAGE_BREAK>You've got experience now,<NEWLINE>so I don't imagine you'll have<NEWLINE>much trouble, but...<PAGE_BREAK>don't drop your guard.<05><NEWLINE>That's all I have to say...<SPEAKER_BREAK>"
3484,"rotdd",0x001D9B4F,"Nova: Your aim is Dragonia.<NEWLINE>This is the first long-<NEWLINE>distance battle in a while.<PAGE_BREAK>The mountains near Dragonia<NEWLINE>will put the Centaurs at a<NEWLINE>movement disadvantage.<PAGE_BREAK>Also, I hear that<NEWLINE>strong forces are<NEWLINE>assembled in the area.<PAGE_BREAK>Stay on guard until you<NEWLINE>reach your destination.<SPEAKER_BREAK>"
3485,"rotdd",0x001D9C59,"Nova: At last, the showdown<NEWLINE>with Kane.<PAGE_BREAK>And not just him,<NEWLINE>but his powerful<NEWLINE>magic-wielders too.<PAGE_BREAK>They're known for their attack<NEWLINE>power. Advance carefully<NEWLINE>with tough allies in front.<PAGE_BREAK>Kane is a Dark Knight,<NEWLINE>protected by Dark Powers.<PAGE_BREAK>His hand-to-hand fighting<NEWLINE>power is great, and he is<NEWLINE>also resistant to magic.<PAGE_BREAK>The only way to beat him is<NEWLINE>to challenge him head-on,<NEWLINE>and take a few risks...<SPEAKER_BREAK>"
3486,"rotdd",0x001D9DD8,"Nova: The next battle could<NEWLINE>have you moving some distance<NEWLINE>through the mountains.<PAGE_BREAK>To finish the battle quickly,<NEWLINE>use mostly Birdmen, Elves<NEWLINE>and Beastmen.<PAGE_BREAK>Also...<05><NEWLINE>From now on, battles will<NEWLINE>be extremely tough.<PAGE_BREAK>It would be a good idea to<NEWLINE>train anyone whose level<NEWLINE>is still low.<SPEAKER_BREAK>"
3487,"rotdd",0x001D9EE9,"Nova: At last, the battle<NEWLINE>with Mishaela.<PAGE_BREAK>Mishaela is a powerful<NEWLINE>sorceress.<PAGE_BREAK>To confront her, you'll need<NEWLINE>to put those with strong<NEWLINE>magic defense in your army.<PAGE_BREAK>Use your Birdmen to open<NEWLINE>any treasure chests.<PAGE_BREAK>Remember, you might not<NEWLINE>be able to get to them once<NEWLINE>the battle has ended.<SPEAKER_BREAK>"
3488,"rotdd",0x001D9FFF,"Nova: Oooh...<05><NEWLINE>Seems your enemies are<NEWLINE>getting a lot stronger.<PAGE_BREAK>I've heard that you'll come<NEWLINE>across a steel monster, like<NEWLINE>nothing you've seen before.<PAGE_BREAK>Anyone with low defense or<NEWLINE>HP will most likely be<NEWLINE>wiped out.<PAGE_BREAK>It will be very difficult to<NEWLINE>beat such a strong opponent<NEWLINE>without excellent fighters.<SPEAKER_BREAK>"
3489,"rotdd",0x001DA125,"Nova: We're now approaching<NEWLINE>the final battles, so<NEWLINE>let me tell you something.<PAGE_BREAK>If there's someone who's not<NEWLINE>quite ready, but you really<NEWLINE>want to put them in battle...<PAGE_BREAK>raise their power a bit by<NEWLINE>using an Attack or Quick<NEWLINE>spell on them.<PAGE_BREAK>There's still enough time<NEWLINE>for them to develop<NEWLINE>into powerful fighters.<SPEAKER_BREAK>"
3490,"rotdd",0x001DA253,"Nova: Uh-oh!<NEWLINE>You won't be able to avoid a<NEWLINE>mess in the next battle.<PAGE_BREAK>If you want to ensure victory,<NEWLINE>chose strong allies from the<NEWLINE>very beginning.<PAGE_BREAK>If there's a weaker ally you<NEWLINE>want to include, make sure<NEWLINE>you protect them.<PAGE_BREAK>It's a great chance to<NEWLINE>increase levels.<SPEAKER_BREAK>"
3491,"rotdd",0x001DA355,"Nova: This will be the last<NEWLINE>battle with a Clear Bonus.<NEWLINE>Try your best to get it!<PAGE_BREAK>Aiming for the Clear Bonus<NEWLINE>might make it difficult<NEWLINE>to fight normally.<PAGE_BREAK>You could try to use Princess<NEWLINE>Narsha's Step spell...<05><NEWLINE>That's probably the key here.<SPEAKER_BREAK>"
3492,"rotdd",0x001DA440,"Nova: So, it's finally time to<NEWLINE>storm Runefaust Castle.<PAGE_BREAK>At this stage, I'm not really<NEWLINE>able to give you any more<NEWLINE>advice.<PAGE_BREAK>Except...<PAGE_BREAK>It's the enemy headquarters,<NEWLINE>protected by strong enemies.<NEWLINE>Be careful... <02>very careful.<SPEAKER_BREAK>"
3493,"rotdd",0x001DA519,"Nova: This is a difficult one.<NEWLINE>You could go straight for<NEWLINE>Ramladu, but...<PAGE_BREAK>the safe way is to first take<NEWLINE>out the enemies below<NEWLINE>the throne.<PAGE_BREAK>You'll need more than a <NEWLINE>few allies to beat Ramladu.<SPEAKER_BREAK>"
3494,"rotdd",0x001DA5D8,"Nova: Colossus uses some<NEWLINE>really strong magic.<PAGE_BREAK>Of course you'll have to fight<NEWLINE>using allies with excellent<NEWLINE>defense and a lot of HP.<PAGE_BREAK>Avoid crowding together.<NEWLINE>Colossus's magic does<NEWLINE>damage over a wide area.<SPEAKER_BREAK>"
3495,"rotdd",0x001DA6A3,"Nova: I'm sure the next battle<NEWLINE>will be a difficult one...<PAGE_BREAK>The biggest threat is in the<NEWLINE>center. Move in from<NEWLINE>the left or right.<PAGE_BREAK>Darksol possesses untold<NEWLINE>reserves of magic.<PAGE_BREAK>So, magic attacks probably<NEWLINE>won't be very effective. Do<NEWLINE>your best with normal attacks.<PAGE_BREAK>His Demon Breath magic<NEWLINE>is really strong.<PAGE_BREAK>It does damage over a wide<NEWLINE>area, so be careful not to<NEWLINE>group together too much.<SPEAKER_BREAK>"
3496,"rotdd",0x001DA81D,"Nova: The time has come...<NEWLINE>The final battle, against<NEWLINE>Dark Dragon.<PAGE_BREAK>Look out for the Demon Breath<NEWLINE>that Dark Dragon exhales.<NEWLINE>Don't huddle together.<PAGE_BREAK>This is a fearsome opponent,<NEWLINE>but believe in yourselves, and<NEWLINE>keep trying...<PAGE_BREAK>I'm sure you can beat him!<PAGE_BREAK>No matter how many of the<NEWLINE>Skullforce protectors you<NEWLINE>kill, they'll keep coming.<PAGE_BREAK>Divide your forces into those<NEWLINE>fighting Dark Dragon and<NEWLINE>those tackling his allies.<SPEAKER_BREAK>"
3497,"rotdd",0x001DA9C0,"Runefaust Invasion"
3498,"rotdd",0x001DA9DD,"Spirit of the Holy Spring"
3499,"rotdd",0x001DAA01,"Secret Weapon of Runefaust"
3500,"rotdd",0x001DAA26,"The Great Fortress of Balbazak"
3501,"rotdd",0x001DAA4F,"Gateway to the Hidden Shrine"
3502,"rotdd",0x001DAA76,"Descendant of the Sacred Dragons"
3503,"rotdd",0x001DAAA1,"The Lost Civilization"
3504,"rotdd",0x001DAAC1,"Rise of the Ancient Castle"
3505,"rotdd",0x001DAAEF,"Guardiana Castle"
3506,"rotdd",0x001DAB00,"Guardiana Region"
3507,"rotdd",0x001DAB11,"Gate of the Ancients"
3508,"rotdd",0x001DAB26,"Mountain Hut"
3509,"rotdd",0x001DAB3C,"Alterone Castle"
3510,"rotdd",0x001DAB52,"Rindo Region"
3511,"rotdd",0x001DAB68,"Shade Abbey"
3512,"rotdd",0x001DAB7C,"Bustoke Region"
3513,"rotdd",0x001DAB8B,"Bustoke Quarry"
3514,"rotdd",0x001DAB9A,"Pao Caravan"
3515,"rotdd",0x001DABA6,"Pao Plains"
3516,"rotdd",0x001DABB1,"Pao Caravan "
3517,"rotdd",0x001DABC8,"Uranbatol Fortress"
3518,"rotdd",0x001DABE1,"Ring Reef"
3519,"rotdd",0x001DABF4,"Dragonia Region"
3520,"rotdd",0x001DAC04,"Demon Castle"
3521,"rotdd",0x001DAC1D,"Prompt Castle"
3522,"rotdd",0x001DAC2B,"Prompt Region"
3523,"rotdd",0x001DAC41,"Tower of the Ancients"
3524,"rotdd",0x001DAC61,"Runefaust Castle"
3525,"rotdd",0x001DAC72,"Runefaust Region"
3526,"rotdd",0x001DAC83,"Castle of the Ancients"
3527,"rotdd",0x001DAC9A,"Mae joins the Shining Force!"
3528,"rotdd",0x001DACB7,"Gong joins the Shining Force!"
3529,"rotdd",0x001DACDF," Amon join<NEWLINE>the Shining Force!"
3530,"rotdd",0x001DACFD,"Narsha, Mawlock, "
3531,"rotdd",0x001DAD0F," Zuika<02><NEWLINE>join the Shining Force!"
3532,"rotdd",0x001DAD37," Zuika join<02><NEWLINE>the Shining Force!"
3533,"rotdd",0x001DAD57,"Torasu and Alef join<NEWLINE>the Shining Force!"
3534,"rotdd",0x001DAD7F,"Yogurt joins the Shining Force!"
3535,"rotdd",0x001DAD9F,"Mawlock joins the Shining Force!"
3536,"rotdd",0x001DADC0,"Hm... If Lord Zylo was safe,<02><NEWLINE>this wouldn't have...<SPEAKER_BREAK>"
3537,"rotdd",0x001DADF5,"Load data?"
3538,"rotdd",0x001DAE1A,"Got the<NEWLINE><QUOTE>Light Saber<QUOTE>!<SPEAKER_BREAK>"
3539,"rotdd",0x001DAE32,"Inventory full!<SPEAKER_BREAK>"
3540,"rotdd",0x001DAE43,"Opened the chest!<SPEAKER_BREAK>"
3541,"rotdd",0x001DAE56,"The chest is empty...<SPEAKER_BREAK>"
3542,"rotdd",0x001DAE6D,"Clear Bonus:<NEWLINE>Received <QUOTE>"
3543,"rotdd",0x001DAE89,"Clear Bonus:<NEWLINE>Received "
3544,"rotdd",0x001DAEA0," gold coins!<SPEAKER_BREAK>"
3545,"rotdd",0x001DAEAE,"Inventory full.<NEWLINE>Item stored in Item Box.<SPEAKER_BREAK>"
3546,"rotdd",0x001DAED8,"<PLAYER_NAME>'s strength is gone...<SPEAKER_BREAK>"
3547,"rotdd",0x001DAEFC,"Nova: I have no advice<NEWLINE>for you at this time.<SPEAKER_BREAK>"
3548,"rotdd",0x001DAF2A,"Nova: <PLAYER_NAME>!<NEWLINE>Are you truly going to retreat?<SPEAKER_BREAK>"
3549,"rotdd",0x001DAF54,"Nova: <PLAYER_NAME>!<NEWLINE>We have arrived<NEWLINE>at our destination!<PAGE_BREAK>There are still enemies here.<NEWLINE>Do you wish to proceed?<SPEAKER_BREAK>"
3550,"rotdd",0x001DAFB8,"Record your exploits thus far?"
3551,"rotdd",0x001DAFD7,"This will end the game.<NEWLINE>OK?"
3552,"rotdd",0x001DAFFF,"Inventory full!<NEWLINE>Item dropped...<SPEAKER_BREAK>"
3553,"rotdd",0x001DB020,"The chest was empty...<SPEAKER_BREAK>"
3554,"rotdd",0x001DB038,"But, there was nothing there.<SPEAKER_BREAK>"
3555,"rotdd",0x001DB061," gold coins.<SPEAKER_BREAK>"
3556,"rotdd",0x001DB06F,"Opened the chest!"
3557,"rotdd",0x001DB093,"Received 100 gold coins.<SPEAKER_BREAK>"
3558,"rotdd",0x001DB0AD,"Destroy all enemies"
3559,"rotdd",0x001DB0C1,"Defeat the Rune Knight"
3560,"rotdd",0x001DB0D8,"Get to Guardiana"
3561,"rotdd",0x001DB0E9,"Get to Alterone"
3562,"rotdd",0x001DB0F9,"Defeat the Dark Mage"
3563,"rotdd",0x001DB10E,"Defeat the Master Mage"
3564,"rotdd",0x001DB125,"Get to Manarina"
3565,"rotdd",0x001DB135,"Defeat the Skeleton"
3566,"rotdd",0x001DB149,"Defeat the Marionette"
3567,"rotdd",0x001DB15F,"Defeat Gobgovitch"
3568,"rotdd",0x001DB171,"Get to the Lone Bridge"
3569,"rotdd",0x001DB188,"Defeat the Silver Knight"
3570,"rotdd",0x001DB1A1,"Defeat the Soul Eater"
3571,"rotdd",0x001DB1B7,"Defeat Elliot"
3572,"rotdd",0x001DB1C5,"Defeat the Hellhound"
3573,"rotdd",0x001DB1DA,"Defeat Balbazak"
3574,"rotdd",0x001DB1EA,"Defeat Dullahan"
3575,"rotdd",0x001DB1FA,"Get to Dragonia"
3576,"rotdd",0x001DB20A,"Defeat Kane"
3577,"rotdd",0x001DB216,"Get to Demon Castle"
3578,"rotdd",0x001DB22A,"Defeat Mishaela"
3579,"rotdd",0x001DB23A,"Get to the tower"
3580,"rotdd",0x001DB24B,"Defeat Chaos"
3581,"rotdd",0x001DB258,"Defeat the Chimera"
3582,"rotdd",0x001DB26B,"Defeat Ramladu"
3583,"rotdd",0x001DB27A,"Defeat Colossus"
3584,"rotdd",0x001DB28A,"Defeat Darksol"
3585,"rotdd",0x001DB299,"Defeat the Dark Dragon"
3586,"rotdd",0x001DB2B0,"Defeat the Demonmaster"
3587,"rotdd",0x001DB2C7,"Win within "
3588,"rotdd",0x001DB2DD,"Win within "
3589,"rotdd",0x001DB2F3,"Win within "
3590,"rotdd",0x001DB309,"Win within 10 turns to"
3591,"rotdd",0x001DB320,"Win within 12 turns to"
3592,"rotdd",0x001DB337,"Win within 15 turns to"
3593,"rotdd",0x001DB34E,"Win within 1"
3594,"rotdd",0x001DB365,"Win within 1"
3595,"rotdd",0x001DB37C,"Win within 20 turns to"
3596,"rotdd",0x001DB3A4," gold coins."
3597,"rotdd",0x001DB3B1,"receive 250 gold coins."
3598,"rotdd",0x001DB3C9,"receive 400 gold coins."
3599,"rotdd",0x001DB3E1,"receive 500 gold coins."
3600,"rotdd",0x001DB3F9,"receive 1,000 gold coins."
3601,"rotdd",0x001DB413,"receive 2,000 gold coins."
3602,"rotdd",0x001DB42D,"receive 4,000 gold coins."
3603,"rotdd",0x001DB447,"receive 5,000 gold coins."
3604,"rotdd",0x001DB46A,",000 gold coins."
3605,"rotdd",0x001DB484,",000 gold coins."
3606,"rotdd",0x001DB49E,",000 gold coins."
3607,"rotdd",0x001DB4B8,",000 gold coins."
3608,"rotdd",0x001DB4C9,"receive 10,000 gold coins."
3609,"rotdd",0x001DB4E4,"receive Demibuster."
3610,"rotdd",0x001DB4F8,"receive Jagged Flash."
3611,"rotdd",0x001DB50E,"receive Doll Hater."
3612,"rotdd",0x001DB522,"receive Zombie Charmer."
3613,"rotdd",0x001DB53A,"receive Elf Slayer."
3614,"rotdd",0x001DB54E,"receive Duelist."
3615,"rotdd",0x001DB55F,"receive Raging Drum."
3616,"rotdd",0x001DB574,"receive Mermanbuster."
3617,"rotdd",0x001DB58A,"receive Soulbuster."
3618,"rotdd",0x001DB59E,"receive Ogre Slayer."
3619,"rotdd",0x001DB5B3,"receive Destroyer."
3620,"rotdd",0x001DB5C6,"receive Dragonslayer."
3621,"rotdd",0x001DB5DC,"receive Sniper."
3622,"rotdd",0x001DB5EC,"Guard: Where's th' chicken?<NEWLINE>Sometimes it jus' disappears.<SPEAKER_BREAK>"
3623,"rotdd",0x001DB627,"Guard: The chicken's gone again.<NEWLINE>Where'd it go?<SPEAKER_BREAK>"
3624,"rotdd",0x001DB658,"Guard: The chicken's gone AGAIN!<NEWLINE>Where's that critter now?<SPEAKER_BREAK>"
3625,"rotdd",0x001DB694,"<QUOTE>The strange creature advisory<NEWLINE>has been lifted.<QUOTE><SPEAKER_BREAK>"
3626,"rotdd",0x001DB6C6,"<QUOTE>Beware of strange creatures!<QUOTE><SPEAKER_BREAK>"
3627,"rotdd",0x001DB6F6,"Got the<NEWLINE><QUOTE>Rune Knight Card<QUOTE>!"
3628,"rotdd",0x001DB712,"Got the<NEWLINE><QUOTE>Skeleton Card<QUOTE>!"
3629,"rotdd",0x001DB72B,"Got the<NEWLINE><QUOTE>Marionette Card<QUOTE>!"
3630,"rotdd",0x001DB746,"Got the<NEWLINE><QUOTE>Ghoul Card<QUOTE>!"
3631,"rotdd",0x001DB75C,"Got the<NEWLINE><QUOTE>Silver Knight Card<QUOTE>!"
3632,"rotdd",0x001DB77A,"Got the<NEWLINE><QUOTE>Laser Eye Card<QUOTE>!"
3633,"rotdd",0x001DB794,"Got the<NEWLINE><QUOTE>Elliot Card<QUOTE>!"
3634,"rotdd",0x001DB7AB,"Got the<NEWLINE><QUOTE>Hellhound Card<QUOTE>!"
3635,"rotdd",0x001DB7C5,"Got the<NEWLINE><QUOTE>Balbazak Card<QUOTE>!"
3636,"rotdd",0x001DB7DE,"Got the<NEWLINE><QUOTE>Master Mage Card<QUOTE>!"
3637,"rotdd",0x001DB7FA,"Got the<NEWLINE><QUOTE>Dullahan Card<QUOTE>!"
3638,"rotdd",0x001DB813,"Got the<NEWLINE><QUOTE>Kane Card<QUOTE>!"
3639,"rotdd",0x001DB828,"Got the<NEWLINE><QUOTE>Mishaela Card<QUOTE>!"
3640,"rotdd",0x001DB841,"Got the<NEWLINE><QUOTE>Demon Master Card<QUOTE>!"
3641,"rotdd",0x001DB85E,"Got the<NEWLINE><QUOTE>Chaos Card<QUOTE>!"
3642,"rotdd",0x001DB874,"Got the<NEWLINE><QUOTE>Ramladu Card<QUOTE>!"
3643,"rotdd",0x001DB88C,"Got the<NEWLINE><QUOTE>Colossus Card<QUOTE>!"
3644,"rotdd",0x001DB8A5,"Got the<NEWLINE><QUOTE>Darksol Card<QUOTE>!"
3645,"rotdd",0x001DB8BD,"Got the<NEWLINE><QUOTE>Dark Dragon Card<QUOTE>!"
3646,"rotdd",0x001DB8D9,"Got the<NEWLINE><QUOTE>Gobgovitch Card<QUOTE>!"
3647,"rotdd",0x001DB8F4,"Got the<NEWLINE><QUOTE>Soul Eater Card<QUOTE>!"
3648,"rotdd",0x001DB90F,"Got the<NEWLINE><QUOTE>Pegasus Knight Card<QUOTE>!"
3649,"rotdd",0x001DB95B,"Super attack!"
3650,"rotdd",0x001DB97B,"Ferocious attack!"
3651,"rotdd",0x001DB9A6," took no <NEWLINE>damage."
3652,"rotdd",0x001DB9C7,"'s strength is gone..."
3653,"rotdd",0x001DB9DF,"Zuika's armor has shattered!"
3654,"rotdd",0x001DB9FD,"In his anger, Zuika's full power<NEWLINE>is unleashed!"
3655,"rotdd",0x001DBA63," casts <NEWLINE>Demon Breath!"
3656,"rotdd",0x001DBA7B," spews forth <NEWLINE>Demon Breath!"
3657,"rotdd",0x001DBA98,"Mawlock uses <NEWLINE>"
3658,"rotdd",0x001DBAB2," strikes again!"
3659,"rotdd",0x001DBAE8,"'s magic<NEWLINE>is blocked."
3660,"rotdd",0x001DBAFE,"<QUOTE>Warmup sequence initiated.<02><NEWLINE>10..."
3661,"rotdd",0x001DBB37,"...<02><NEWLINE>5...targeting activated<QUOTE>"
3662,"rotdd",0x001DBB73," gains a level!<NEWLINE>"
3663,"rotdd",0x001DBB84," is now level "
3664,"rotdd",0x001DBB96,"Attack increases by "
3665,"rotdd",0x001DBBAE,"Defense increases by "
3666,"rotdd",0x001DBBC7,"Speed increases by "
3667,"rotdd",0x001DBBDE,"Max HP increases by "
3668,"rotdd",0x001DBBF6,"Max MP increases by "
3669,"rotdd",0x001DBC21," level rises to "
3670,"rotdd",0x001DBC35,"Magic resistance rises by "
3671,"rotdd",0x001DBC59," is now level "
3672,"rotdd",0x001DBC80,"But, the magic has no effect."
3673,"rotdd",0x001DBC9F,"But, the spell is negated<NEWLINE>by the magic field."
3674,"rotdd",0x001DBCDE,"Everyone regains "
3675,"rotdd",0x001DBCF5,"The poison in "
3676,"rotdd",0x001DBD04,"'s<NEWLINE>body is removed."
3677,"rotdd",0x001DBD19,"'s status is returned<NEWLINE>to normal."
3678,"rotdd",0x001DBD3B,"'s soul<NEWLINE>is stolen!"
3679,"rotdd",0x001DBD50,"'s soul<NEWLINE>is stolen!"
3680,"rotdd",0x001DBD7B," damage<NEWLINE>from the poison.<SPEAKER_BREAK>"
3681,"rotdd",0x001DBD96,"'s strength is gone...<SPEAKER_BREAK>"
3682,"rotdd",0x001DBDAF," flashes<NEWLINE>a devilish grin!"
3683,"rotdd",0x001DBDCB," MP are drained<NEWLINE>from "
3684,"rotdd",0x001DBDE4,"But, nothing happened."
3685,"rotdd",0x001DBDFC," muttered<NEWLINE>an eerie chant!"
3686,"rotdd",0x001DBE18," HP are drained<NEWLINE>from "
3687,"rotdd",0x001DBE32,"'s life is taken<NEWLINE>with a single blow!"
3688,"rotdd",0x001DBE5D," emits<NEWLINE>an eerie howl..."
3689,"rotdd",0x001DBEDB,"'s magic<NEWLINE>is blocked."
3690,"rotdd",0x001DBEF2," is enveloped in<NEWLINE>a magic field."
3691,"rotdd",0x001DBF14," is enveloped in<NEWLINE>a deep fog."
3692,"rotdd",0x001DBF33," falls into<NEWLINE>a deep sleep."
3693,"rotdd",0x001DBF6C,"Something happens<NEWLINE>to "
3694,"rotdd",0x001DBFC1,"The effects of "
3695,"rotdd",0x001DBFD1,"<NEWLINE>are gone. Speed is restored.<NEWLINE>Defense is restored.<SPEAKER_BREAK>"
3696,"rotdd",0x001DC005,"The effects of "
3697,"rotdd",0x001DC015,"<NEWLINE>are gone. Speed is restored.<NEWLINE>Defense is restored.<SPEAKER_BREAK>"
3698,"rotdd",0x001DC049,"The effects of "
3699,"rotdd",0x001DC059,"<NEWLINE>are gone. Attack is restored.<SPEAKER_BREAK>"
3700,"rotdd",0x001DC079,"The effects of "
3701,"rotdd",0x001DC089,"<NEWLINE>are gone.<NEWLINE>Magic can now be used again.<SPEAKER_BREAK>"
3702,"rotdd",0x001DC0B2,"The effects of "
3703,"rotdd",0x001DC0C2,"<NEWLINE>are gone. The magic field was<NEWLINE>lifted from "
3704,"rotdd",0x001DC0F1,"The effects of "
3705,"rotdd",0x001DC101,"<NEWLINE>are gone. The fog was lifted from<NEWLINE>"
3706,"rotdd",0x001DC128,"The effects of "
3707,"rotdd",0x001DC138,"<NEWLINE>are gone. "
3708,"rotdd",0x001DC15C,"<NEWLINE>The curse paralyzes<NEWLINE>"
3709,"rotdd",0x001DC193," damage<NEWLINE>from the curse."
3710,"rotdd",0x001DC1AD,"But, a wisp of smoke appears<NEWLINE>from the "
3711,"rotdd",0x001DC1D7,"But, tiny cracks appear<NEWLINE>in the "
3712,"rotdd",0x001DC1FA,"But, a crack appears<NEWLINE>in the "
3713,"rotdd",0x001DC21A,"But, the "
3714,"rotdd",0x001DC224,"<NEWLINE>is out of charges!"
3715,"rotdd",0x001DC239,"But, the "
3716,"rotdd",0x001DC243,"<NEWLINE>is warped beyond use!"
3717,"rotdd",0x001DC25B,"But, the "
3718,"rotdd",0x001DC265,"'s<NEWLINE>surface has become cloudy!"
3719,"rotdd",0x001DC284,"But, the "
3720,"rotdd",0x001DC28E,"<NEWLINE>bursts into flames!"
3721,"rotdd",0x001DC2A4,"But, the "
3722,"rotdd",0x001DC2AE,"<NEWLINE>shatters into pieces!"
3723,"rotdd",0x001DC2C6,"But, the "
3724,"rotdd",0x001DC2D0,"<NEWLINE>splits clean in two!"
3725,"rotdd",0x001DC2E7,"But, there is not a drop<NEWLINE>of "
3726,"rotdd",0x001DC30C,"But, the "
3727,"rotdd",0x001DC316,"<NEWLINE>crumbles into dust!"
3728,"rotdd",0x001DC32C,"But, the "
3729,"rotdd",0x001DC336,"<NEWLINE>rusts right through!"
3730,"rotdd",0x001DC3C8,"'s magic resistance<NEWLINE>increases by "
3731,"rotdd",0x001DC42E," experience points."
3732,"rotdd",0x001DC448," gold coins."
3733,"rotdd",0x001DC465," picks up<NEWLINE>the "
3734,"rotdd",0x001DC487,"Inventory full.<NEWLINE>Item stored in Item Box."
3735,"rotdd",0x001DC4B8,"There is no one to attack!<SPEAKER_BREAK>"
3736,"rotdd",0x001DC4D4,"You cannot use that here.<SPEAKER_BREAK>"
3737,"rotdd",0x001DC4EF,"Using that will have no effect.<SPEAKER_BREAK>"
3738,"rotdd",0x001DC510,"To whom will you give the<NEWLINE><QUOTE>"
3739,"rotdd",0x001DC531,"'s inventory<NEWLINE>is full!<SPEAKER_BREAK>"
3740,"rotdd",0x001DC565,"<QUOTE><NEWLINE>in the Item Box.<SPEAKER_BREAK>"
3741,"rotdd",0x001DC584,"<QUOTE><NEWLINE>out of the Item Box.<SPEAKER_BREAK>"
3742,"rotdd",0x001DC59C,"You cannot give cards away!<SPEAKER_BREAK>"
3743,"rotdd",0x001DC5B9,"You cannot give that to Imitate!<SPEAKER_BREAK>"
3744,"rotdd",0x001DC604,"Are you sure you want to<NEWLINE>discard the <QUOTE>"
3745,"rotdd",0x001DC62F," decides to keep<NEWLINE>the <QUOTE>"
3746,"rotdd",0x001DC64A,"You cannot equip it!<SPEAKER_BREAK>"
3747,"rotdd",0x001DC660,"There is nothing<NEWLINE>you can equip!<SPEAKER_BREAK>"
3748,"rotdd",0x001DC681,"There are no items<NEWLINE>in the Item Box!<SPEAKER_BREAK>"
3749,"rotdd",0x001DC6A6,"There is nothing in the Item Box<NEWLINE>that can be equipped!<SPEAKER_BREAK>"
3750,"rotdd",0x001DC6DE,"Switch weapons?<SPEAKER_BREAK>"
3751,"rotdd",0x001DC6EF,"You are not carrying anything!<SPEAKER_BREAK>"
3752,"rotdd",0x001DC70F,"Put this in the Item Box?<SPEAKER_BREAK>"
3753,"rotdd",0x001DC72A,"You cannot unequip it!<NEWLINE>Inventory full!<SPEAKER_BREAK>"
3754,"rotdd",0x001DC752,"You cannot hold any more of that!<SPEAKER_BREAK>"
3755,"rotdd",0x001DC775,"You do not know any magic!<SPEAKER_BREAK>"
3756,"rotdd",0x001DC791,"Not enough MP!<SPEAKER_BREAK>"
3757,"rotdd",0x001DC7A1,"Cursed! You cannot unequip it!<SPEAKER_BREAK>"
3758,"rotdd",0x001DC7C1,"Cursed! You cannot unequip it!<SPEAKER_BREAK>"
3759,"rotdd",0x001DC7F4,"That item is broken!<SPEAKER_BREAK>"
3760,"rotdd",0x001DC80A,"The Item Box is full!<NEWLINE>You cannot unequip it!<SPEAKER_BREAK>"
3761,"rotdd",0x001DC838,"Welcome to my shop!<NEWLINE>Everything here is top quality!<NEWLINE>Take your time and look around!<SPEAKER_BREAK>"
3762,"rotdd",0x001DC88D,"Anything else today?<SPEAKER_BREAK>"
3763,"rotdd",0x001DC8A3,"So, what can I do for ya?<SPEAKER_BREAK>"
3764,"rotdd",0x001DC8BE,"Thanks! Stop by again sometime!<SPEAKER_BREAK>"
3765,"rotdd",0x001DC8DF,"You want to buy something?<SPEAKER_BREAK>"
3766,"rotdd",0x001DC911," gold coins.<NEWLINE>Sound good?<SPEAKER_BREAK>"
3767,"rotdd",0x001DC939,"Looks like you're a little short.<NEWLINE>Guess we can't do business...<SPEAKER_BREAK>"
3768,"rotdd",0x001DC97A,"Who's gonna carry this?<SPEAKER_BREAK>"
3769,"rotdd",0x001DC994,"'s can't equip<NEWLINE>this. Still want it?<SPEAKER_BREAK>"
3770,"rotdd",0x001DC9C0," is<NEWLINE>carrying too much!<SPEAKER_BREAK>"
3771,"rotdd",0x001DC9D8,"There ya go!<NEWLINE>Take good care of it!<SPEAKER_BREAK>"
3772,"rotdd",0x001DC9FC,"Need anything else?<SPEAKER_BREAK>"
3773,"rotdd",0x001DCA11,"Oh, sorry!<NEWLINE>No deals right now!<SPEAKER_BREAK>"
3774,"rotdd",0x001DCA31,"We've got some great stuff here!<02><NEWLINE>So, what'll it be?<SPEAKER_BREAK>"
3775,"rotdd",0x001DCA67,"Do you wanna equip it now?<SPEAKER_BREAK>"
3776,"rotdd",0x001DCA83,"OK, I'll just put it in your<NEWLINE>inventory.<SPEAKER_BREAK>"
3777,"rotdd",0x001DCAAC,"What? You changed your mind?<NEWLINE>That's too bad.<SPEAKER_BREAK>"
3778,"rotdd",0x001DCADA,"OK, I'll just put it in your<NEWLINE>Item Box.<SPEAKER_BREAK>"
3779,"rotdd",0x001DCB09,"'s already got<NEWLINE>a full load of equipment!<NEWLINE>You want me to sort that for ya?<SPEAKER_BREAK>"
3780,"rotdd",0x001DCB54,"That should do it!<NEWLINE> Looks good on ya!<SPEAKER_BREAK>"
3781,"rotdd",0x001DCB7B,"That should do it!<NEWLINE>The stuff you had equipped<NEWLINE>is in the Item Box now.<SPEAKER_BREAK>"
3782,"rotdd",0x001DCBC2,"Hey, you can't carry<NEWLINE>that much!<SPEAKER_BREAK>"
3783,"rotdd",0x001DCBE3,"Whoops, looks like you've<NEWLINE>already got enough of these!<SPEAKER_BREAK>"
3784,"rotdd",0x001DCC1B,"You can't unequip anything...<NEWLINE>Sorry, but you gotta figure<NEWLINE>it out by yourself!<SPEAKER_BREAK>"
3785,"rotdd",0x001DCC6A,"If you equip this,<NEWLINE>you'll be cursed!<NEWLINE>Still wanna equip it?<SPEAKER_BREAK>"
3786,"rotdd",0x001DCCA6,"Whoa, both your Inventory<NEWLINE>AND your Item Box are full!<PAGE_BREAK>You'll have to drop something<NEWLINE>or sell something!<SPEAKER_BREAK>"
3787,"rotdd",0x001DCD0E,"That should do it!<NEWLINE>The stuff you had equipped is<NEWLINE>in your Inventory now, OK?<SPEAKER_BREAK>"
3788,"rotdd",0x001DCD5B,"So, who's selling and<NEWLINE>whaddya have?<SPEAKER_BREAK>"
3789,"rotdd",0x001DCD80,"For that, I'll give ya<NEWLINE>"
3790,"rotdd",0x001DCD98," gold coins. Sound good?<SPEAKER_BREAK>"
3791,"rotdd",0x001DCDB2,"Hey, that's pretty rare!<NEWLINE>For that, I'll give ya<NEWLINE>"
3792,"rotdd",0x001DCDE3," gold coins. Sound good?<SPEAKER_BREAK>"
3793,"rotdd",0x001DCDFD,"Really? Too bad.<SPEAKER_BREAK>"
3794,"rotdd",0x001DCE0F,"Sorry, but we don't deal<NEWLINE>in that stuff here...<SPEAKER_BREAK>"
3795,"rotdd",0x001DCE3F,"All right! I'll be taking that!<SPEAKER_BREAK>"
3796,"rotdd",0x001DCE60,"All right! I'll be taking that!<NEWLINE>I think I'll put it in<NEWLINE>the <QUOTE>Deals<QUOTE> section.<SPEAKER_BREAK>"
3797,"rotdd",0x001DCEAD,"Anything else you wanna sell me?<SPEAKER_BREAK>"
3798,"rotdd",0x001DCECF,"Isn't that thing cursed?<NEWLINE>I can't buy that kind of stuff...<SPEAKER_BREAK>"
3799,"rotdd",0x001DCF0B,"Huh? There's nothing in<NEWLINE>your Item Box...<SPEAKER_BREAK>"
3800,"rotdd",0x001DCF35,"How many you wanna sell me?<SPEAKER_BREAK>"
3801,"rotdd",0x001DCF52,"So, whose stuff is it,<NEWLINE>and what needs fixing?<SPEAKER_BREAK>"
3802,"rotdd",0x001DCF81,"I can fix that up for<NEWLINE>"
3803,"rotdd",0x001DCF98," gold coins. Sound good?<SPEAKER_BREAK>"
3804,"rotdd",0x001DCFB2,"Huh? It looks fine to me.<SPEAKER_BREAK>"
3805,"rotdd",0x001DCFCD,"Looks like you're a little short.<NEWLINE>I can't fix it for any less.<SPEAKER_BREAK>"
3806,"rotdd",0x001DD00D,"Whoa! I can't fix<NEWLINE>stuff that's cursed!<NEWLINE>...I don't wanna get hexed, y'know!<SPEAKER_BREAK>"
3807,"rotdd",0x001DD059,"OK, then! Just wait a sec.<SPEAKER_BREAK>"
3808,"rotdd",0x001DD075,"And there ya go!<NEWLINE>Good as new!"
3809,"rotdd",0x001DD093,"Need anything else repaired?<SPEAKER_BREAK>"
3810,"rotdd",0x001DD0B1,"Huh? None of your stuff<NEWLINE>is broken.<SPEAKER_BREAK>"
3811,"rotdd",0x001DD0D5,"You don't have any other<NEWLINE>broken items.<SPEAKER_BREAK>"
3812,"rotdd",0x001DD0FD,"<PLAYER_NAME>! <02>Are you prepared<NEWLINE>to depart?<SPEAKER_BREAK>"
3813,"rotdd",0x001DD11E,"Do you have anything else to do?<SPEAKER_BREAK>"
3814,"rotdd",0x001DD140,"Ah, so you've changed your mind?<SPEAKER_BREAK>"
3815,"rotdd",0x001DD162,"Then, take care.<02><NEWLINE>I pray for your victory<NEWLINE>in battle.<SPEAKER_BREAK>"
3816,"rotdd",0x001DD198,"Who will take part in the battle?<SPEAKER_BREAK>"
3817,"rotdd",0x001DD1BC," is unable to fight.<NEWLINE>Are you sure you're ready?<SPEAKER_BREAK>"
3818,"rotdd",0x001DD1ED,"Are you sure?<SPEAKER_BREAK>"
3819,"rotdd",0x001DD1FC,"Do you wanna make a deposit?<SPEAKER_BREAK>"
3820,"rotdd",0x001DD21A,"Do you wanna make a withdrawal?<SPEAKER_BREAK>"
3821,"rotdd",0x001DD23B,"How much will you deposit?<SPEAKER_BREAK>"
3822,"rotdd",0x001DD257,"How much will you withdraw?<SPEAKER_BREAK>"
3823,"rotdd",0x001DD274,"<PLAYER_NAME>! You have nothing<NEWLINE>to deposit!<SPEAKER_BREAK>"
3824,"rotdd",0x001DD295,"<PLAYER_NAME>! You have nothing<NEWLINE>to withdraw!<SPEAKER_BREAK>"
3825,"rotdd",0x001DD2B7,"Just do the best you can!!<NEWLINE>No matter what, stand firm!!!!<SPEAKER_BREAK>"
3826,"rotdd",0x001DD2F2,"Are you sure you wanna quit?<SPEAKER_BREAK>"
3827,"rotdd",0x001DD310,"Victory Conditions:"
3828,"rotdd",0x001DD324,"Clear Bonus:"
3829,"rotdd",0x001DD331,"Rare Item"
3830,"rotdd",0x001DD33B,"Are you ready to begin<NEWLINE>the battle?<SPEAKER_BREAK>"
3831,"rotdd",0x001DD35F,"Are you sure you want to<NEWLINE>retreat?<SPEAKER_BREAK>"
3832,"rotdd",0x001DD382,"You have no cards to equip!<SPEAKER_BREAK>"
3833,"rotdd",0x001DD39F,"You have no cards equipped!<SPEAKER_BREAK>"
3834,"rotdd",0x001DD3BC,"You cannot use it<NEWLINE>with that card!<SPEAKER_BREAK>"
3835,"rotdd",0x001DD3DF,"You have no usable cards!<SPEAKER_BREAK>"
3836,"rotdd",0x001DD413,"Do not remove the Game Pak!"
3837,"rotdd",0x001DD42F,"Set message speed"
3838,"rotdd",0x001DD441,"Adjust sound"
3839,"rotdd",0x001DD44E,"Turn conversation SFX on"
3840,"rotdd",0x001DD46B,"Adjust window color"
3841,"rotdd",0x001DD47F,"Adjust window brightness"
3842,"rotdd",0x001DD49D,"Deposit how much?"
3843,"rotdd",0x001DD4AF,"Withdraw how much?"
3844,"rotdd",0x001DD4C2,"You cannot use the<NEWLINE><QUOTE>Item"
3845,"rotdd",0x001DD4DB,"Equip<QUOTE> command!<SPEAKER_BREAK>"
3846,"rotdd",0x001DD5B8,"Rune Knight"
3847,"rotdd",0x001DD5D9,"Dark Dwarf"
3848,"rotdd",0x001DD5E4,"Giant Bat"
3849,"rotdd",0x001DD5FC,"Dark Elf"
3850,"rotdd",0x001DD605,"Dark Mage"
3851,"rotdd",0x001DD60F,"Master Mage"
3852,"rotdd",0x001DD648,"Dire Clown"
3853,"rotdd",0x001DD653,"Evil Puppet"
3854,"rotdd",0x001DD67E,"Dark Priest"
3855,"rotdd",0x001DD68A,"High Priest"
3856,"rotdd",0x001DD6E2,"Ice Worm"
3857,"rotdd",0x001DD73A,"Steel Claw"
3858,"rotdd",0x001DD758,"Blue Dragon"
3859,"rotdd",0x001DD785,"Dark Dragon"
3860,"rotdd",0x001DD7A7,"Giant Rat"
3861,"rotdd",0x001DD7E3,"Soul Eater"
3862,"rotdd",0x001DD8FA,"Super Egress"
3863,"rotdd",0x001DD946,"Magic   Herb"
3864,"rotdd",0x001DD953,"Healing Seed"
3865,"rotdd",0x001DD969,"Angel Wing"
3866,"rotdd",0x001DD974,"Shower Cure"
3867,"rotdd",0x001DD980,"Power Ring"
3868,"rotdd",0x001DD98B,"Shield Ring"
3869,"rotdd",0x001DD997,"Speed Ring"
3870,"rotdd",0x001DD9A2,"Agility Ring"
3871,"rotdd",0x001DD9AF,"White Ring"
3872,"rotdd",0x001DD9BA,"Black Ring"
3873,"rotdd",0x001DD9C5,"Evil Ring"
3874,"rotdd",0x001DD9CF,"Yogurt Ring"
3875,"rotdd",0x001DD9DB,"Power Wine"
3876,"rotdd",0x001DD9E6,"DEF Potion"
3877,"rotdd",0x001DD9F1,"Quik Chicken"
3878,"rotdd",0x001DD9FE,"Turbo Pepper"
3879,"rotdd",0x001DDA0B,"Life Loaf"
3880,"rotdd",0x001DDA15,"Orb of Light"
3881,"rotdd",0x001DDA2C,"Lunar Dew"
3882,"rotdd",0x001DDA42,"Teeny Bikini"
3883,"rotdd",0x001DDA4F,"Daring Dress"
3884,"rotdd",0x001DDA5C,"Blaze Bomb"
3885,"rotdd",0x001DDA67,"Short Sword"
3886,"rotdd",0x001DDA73,"Middle Sword"
3887,"rotdd",0x001DDA80,"Long Sword"
3888,"rotdd",0x001DDA8B,"Steel Sword"
3889,"rotdd",0x001DDA97,"Broad Sword"
3890,"rotdd",0x001DDAA3,"Doom Blade"
3891,"rotdd",0x001DDAB5,"Light Saber"
3892,"rotdd",0x001DDAC1,"Dark Saber"
3893,"rotdd",0x001DDAD9,"Wooden Arrow"
3894,"rotdd",0x001DDAE6,"Steel Arrow"
3895,"rotdd",0x001DDAF2,"Elven Arrow"
3896,"rotdd",0x001DDAFE,"Armor Arrow"
3897,"rotdd",0x001DDB0A,"Buster Shot"
3898,"rotdd",0x001DDB16,"Bronze Lance"
3899,"rotdd",0x001DDB23,"Steel Lance"
3900,"rotdd",0x001DDB2F,"Chrome Lance"
3901,"rotdd",0x001DDB44,"Devil Lance"
3902,"rotdd",0x001DDB56,"Power Spear"
3903,"rotdd",0x001DDB6B,"Hand Axe"
3904,"rotdd",0x001DDB74,"Middle Axe"
3905,"rotdd",0x001DDB7F,"Battle Axe"
3906,"rotdd",0x001DDB8A,"Heat Axe"
3907,"rotdd",0x001DDB93,"Great Axe"
3908,"rotdd",0x001DDBA3,"Wooden Staff"
3909,"rotdd",0x001DDBB0,"Power Staff"
3910,"rotdd",0x001DDBBC,"Guard Staff"
3911,"rotdd",0x001DDBC8,"Holy Staff"
3912,"rotdd",0x001DDBD3,"Demon Rod"
3913,"rotdd",0x001DDC19,"Power Lance"
3914,"rotdd",0x001DDC25,"Ogre Slayer"
3915,"rotdd",0x001DDC31,"Elf Slayer"
3916,"rotdd",0x001DDC3C,"Jagged Flash"
3917,"rotdd",0x001DDC53,"Raging Drum"
3918,"rotdd",0x001DDC5F,"Voodoo Staff"
3919,"rotdd",0x001DDC6C,"Doll Hater"
3920,"rotdd",0x001DDC77,"Zombie Charm"
3921,"rotdd",0x001DDC93,"Heavy Mace"
3922,"rotdd",0x001DDC9E,"Holy Mace"
3923,"rotdd",0x001DDCA8,"Miracle Mace"
3924,"rotdd",0x001DDCC2,"Steel Ring"
3925,"rotdd",0x001DDCCD,"Silver Ring"
3926,"rotdd",0x001DDCD9,"Gold Ring"
3927,"rotdd",0x001DDCE3,"Evade Ring"
3928,"rotdd",0x001DDCEE,"Wind Ring"
3929,"rotdd",0x001DDCF8,"Tornado Ring"
3930,"rotdd",0x001DDD05,"Charm Ring"
3931,"rotdd",0x001DDD10,"Prayer Ring"
3932,"rotdd",0x001DDD1C,"Seal Ring"
3933,"rotdd",0x001DDD26,"Healing Ring"
3934,"rotdd",0x001DDD33,"Rousing Ring"
3935,"rotdd",0x001DDD40,"Holy Ring"
3936,"rotdd",0x001DDD4A,"Sniper Ring"
3937,"rotdd",0x001DDD56,"Repel Ring"
3938,"rotdd",0x001DDD61,"Counter Ring"
3939,"rotdd",0x001DDD6E,"Maid Uniform"
3940,"rotdd",0x001DDD80,"Used Card"
3941,"rotdd",0x001DDD8F,"Used Card"
3942,"rotdd",0x001DDDB5,"Taboo Box"
3943,"rotdd",0x001DDE61,"Steam Baron"
3944,"rotdd",0x001DDE74,"Master Monk"
3945,"rotdd",0x001DDEC1,"Wolf Baron"
3946,"rotdd",0x001DDED8,"Super Ninja"
3947,"rotdd",0x001DDF05,"Card Master"
3948,"rotdd",0x001DDF21,"Rune Knight"
3949,"rotdd",0x001DDF40,"Dark Dwarf"
3950,"rotdd",0x001DDF5A,"Dark Elf"
3951,"rotdd",0x001DDF6D,"Dark Mage"
3952,"rotdd",0x001DDF77,"Dark Priest"
3953,"rotdd",0x001DDF83,"High Priest"
3954,"rotdd",0x001DDFB8,"Green Golem"
3955,"rotdd",0x001DDFC4,"Dark Priest"
3956,"rotdd",0x001DDFD7,"Dark Mage"
3957,"rotdd",0x001DDFE1,"Master Mage"
3958,"rotdd",0x001DDFF9,"Giant Bat"
3959,"rotdd",0x001DE00F,"Ice Worm"
3960,"rotdd",0x001DE035,"Evil Puppet"
3961,"rotdd",0x001DE041,"Dire Clown"
3962,"rotdd",0x001DE05E,"High Priest"
3963,"rotdd",0x001DE0A6,"Blue Dragon"
3964,"rotdd",0x001DE0C2,"Steel Claw"
3965,"rotdd",0x001DE122,"Dark Dragon"
3966,"rotdd",0x001DE12E,"Dark Mage"
3967,"rotdd",0x001DE159,"Master Mage"
3968,"rotdd",0x001DE188,"Dark Dragon"
3969,"rotdd",0x001DE1AA,"Giant Rat"
3970,"rotdd",0x001DE1E6,"Soul Eater"
3971,"rotdd",0x001DE209," gets<NEWLINE>an additional turn.<SPEAKER_BREAK>"
3972,"rotdd",0x001DE271," unleashes<NEWLINE>the power of "
3973,"rotdd",0x001DE28D,"No targets within range!"
3974,"rotdd",0x001DE2AD,"This card's character is not<NEWLINE>participating in the battle."
3975,"rotdd",0x001DE300,"'s magic power<NEWLINE>increases by 20"
3976,"rotdd",0x001DE323,"'s magic power<NEWLINE>increases by 50"
3977,"rotdd",0x001DE346,"'s magic power<NEWLINE>increases by "
3978,"rotdd",0x001DE369," takes 1 damage<NEWLINE>for 1 time only.<SPEAKER_BREAK>"
3979,"rotdd",0x001DE396,"'s turn<NEWLINE>for 1 time only.<SPEAKER_BREAK>"
3980,"rotdd",0x001DE3B1," can't move.<NEWLINE>"
3981,"rotdd",0x001DE3BF,"Canceled turn"
3982,"rotdd",0x001DE3EB,"'s movement type<NEWLINE>didn't change.<SPEAKER_BREAK>"
3983,"rotdd",0x001DE40D,"'s movement type<NEWLINE>is now <QUOTE>Walking<QUOTE>.<SPEAKER_BREAK>"
3984,"rotdd",0x001DE432,"'s movement type<NEWLINE>is now <QUOTE>Mounted<QUOTE>.<SPEAKER_BREAK>"
3985,"rotdd",0x001DE457,"'s movement type<NEWLINE>is now <QUOTE>Water<QUOTE>.<SPEAKER_BREAK>"
3986,"rotdd",0x001DE47A,"'s movement type<NEWLINE>is now <QUOTE>Beastman<QUOTE>.<SPEAKER_BREAK>"
3987,"rotdd",0x001DE4A0,"'s movement type<NEWLINE>is now <QUOTE>Driving<QUOTE>.<SPEAKER_BREAK>"
3988,"rotdd",0x001DE4C5,"'s movement type<NEWLINE>is now <QUOTE>Flying<QUOTE>.<SPEAKER_BREAK>"
3989,"rotdd",0x001DE4E9,"'s movement type<NEWLINE>is now <QUOTE>Hovering<QUOTE>.<SPEAKER_BREAK>"
3990,"rotdd",0x001DE50F," can now attack<NEWLINE>with the enemy's<NEWLINE>attack power.<SPEAKER_BREAK>"
3991,"rotdd",0x001DE540," can now perform<NEWLINE>a super attack one time.<SPEAKER_BREAK>"
3992,"rotdd",0x001DE56C,"'s attack power<NEWLINE>is now 1.<SPEAKER_BREAK>"
3993,"rotdd",0x001DE599," returns the card<NEWLINE>to its unused state.<SPEAKER_BREAK>"
3994,"rotdd",0x001DE5C2,"'s attack, defense,<NEWLINE>and speed increase.<SPEAKER_BREAK>"
3995,"rotdd",0x001DE5EC," will recover<NEWLINE>automatically for "
3996,"rotdd",0x001DE616,"Cannot view <QUOTE>Status<QUOTE> until<NEWLINE>you attack an enemy!<SPEAKER_BREAK>"
3997,"rotdd",0x001DE69D,"CARD LIST"
3998,"rotdd",0x001DE6CD,"START BATTLE"
3999,"rotdd",0x001DE6E2,"VICTORY CONDITIONS"
4000,"rotdd",0x001DE72A,"MAG RES"
4001,"rotdd",0x001DE778,"CANNOT EQUIP"
4002,"rotdd",0x001DE79F,"NUMBER HELD"
4003,"rotdd",0x001DE7B1,"GROWTH CHART"
4004,"rotdd",0x001DE7EC,"COUNTERATTACK EVASION"
4005,"rotdd",0x001DE819,"CURSE REPELLED"
4006,"rotdd",0x001DE82F,"NOT BROKEN"
4007,"rotdd",0x001DE83A,"EQUIPPABLE CARDS"
4008,"rotdd",0x001DE84B,"PARAMETER CHANGE"
4009,"rotdd",0x001DE85C,"ITEM BOX"
4010,"rotdd",0x001DE87B,"NONE HELD"
4011,"rotdd",0x001DE8AB,"MESSAGE SPEED"
4012,"rotdd",0x001DE8CA,"SOUND BALANCE"
4013,"rotdd",0x001DE8EB,"WINDOW COLOR"
4014,"rotdd",0x001DE8F8,"WINDOW BRIGHTNESS"
4015,"rotdd",0x001DE9EA,"MAG RES "
4016,"rotdd",0x001DEA26,"NAME     CLASS        LV EX"
4017,"rotdd",0x001DEA5E,"NAME   KILLS ATTACKS    KOs"
4018,"rotdd",0x001DEA7A,"EQUIPPABLE CARDS"
4019,"rotdd",0x001DEA8B,"ITEMS      PARAMETER CHANGE"
4020,"rotdd",0x001DEAA7,"ITEM BOX      NUMBER"
4021,"rotdd",0x001DEABC,"ITEM BOX   PARAMETER CHANGE"
4022,"rotdd",0x001DEAD8," NAME     CLASS       LV EX"
4023,"rotdd",0x001DEB10,"NAME     DESCRIPTION"
4024,"rotdd",0x001DEB25,"MAGIC  EQUIP  ITEMS"
4025,"rotdd",0x001DEB39," CARD  EQUIP  ITEMS"
4026,"rotdd",0x001DEB4D,"   EQUIP   ITEMS"
4027,"rotdd",0x001DEBAB,"ABCDEFGHIJKLM NOPQRSTUVWXYZ "
4028,"rotdd",0x001DEBE5,"abcdefghijklm nopqrstuvwxyz "
4029,"rotdd",0x001DEC02,"aaaaa?aceeeei iiinooooouuuuy"
4030,"rotdd",0x001DEC51,"ABCDEFGHIJKLM NOPQRSTUVWXYZ "
4031,"rotdd",0x001DEC6E,"abcdefghijklm nopqrstuvwxyz "
4032,"rotdd",0x00305749,"GYI IWH"
4033,"rotdd",0x00305BB2,"JIW-JI WJI"
4034,"rotdd",0x0033FFC8,"23vlzyei 3sylyezp3xil"
4035,"rotdd",0x00340057,"02yyv<02><02><02>02azv<02><02><02> 0ymh<02><02><02> 0omy<02>4<02>"
4036,"rotdd",0x00340768,"imll phel"
4037,"rotdd",0x003AF4DA,"31JBBAA3  CCCC-NEEEEE"
4038,"ascii",0x0007AA40,"Keigo Kobayashi"
4039,"ascii",0x0007AA58,"Akihiko Sato"
4040,"ascii",0x0007AA74,"Kiyoaki Matsumoto"
4041,"ascii",0x0007AA88,"Takeshi Iwatani"
4042,"ascii",0x0007AA98,"Shinichi Kurokawa"
4043,"ascii",0x0007AAAC,"Shinya Okazaki"
4044,"ascii",0x0007AABC,"Graphic Designer"
4045,"ascii",0x0007AAD0,"Kazuo Tsutsui"
4046,"ascii",0x0007AAE0,"Seiji Hasuko"
4047,"ascii",0x0007AAF0,"Katsuyuki Takanashi"
4048,"ascii",0x0007AB04,"Hirotada Kakusaka"
4049,"ascii",0x0007AB18,"Shunsuke Kawano"
4050,"ascii",0x0007AB28,"Takaya Yoshida"
4051,"ascii",0x0007AB38,"Kiyotaka Motoyoshi"
4052,"ascii",0x0007AB4C,"Hisae Kondou"
4053,"ascii",0x0007AB74,"Naofumi Tsuruyama"
4054,"ascii",0x0007AB88,"Takuya Hanaoka"
4055,"ascii",0x0007ABAC,"Masaki Wachi"
4056,"ascii",0x0007ABBC,"Character Design"
4057,"ascii",0x0007ABD0,"Yoshitaka Tamaki"
4058,"ascii",0x0007ABE4,"Project Manager"
4059,"ascii",0x0007ABF4,"Shimpei Harada"
4060,"ascii",0x0007AC04,"Special Thanks"
4061,"ascii",0x0007AC14,"Tadashi Takezaki"
4062,"ascii",0x0007AC28,"Tsuyoshi Sawada"
4063,"ascii",0x0007AC38,"Satoshi Imai"
4064,"ascii",0x0007AC48,"Toyohisa Hiwatari"
4065,"ascii",0x0007AC5C,"Yoshitsugu Natsume"
4066,"ascii",0x0007AC70,"Yasushi Nagumo"
4067,"ascii",0x0007AC80,"Masahiro Tanaka"
4068,"ascii",0x0007AC90,"Mizuho Sugimori"
4069,"ascii",0x0007ACA0,"Kouji Sugimori"
4070,"ascii",0x0007ACB0,"Shinobu Shindo"
4071,"ascii",0x0007ACD8,"Youichi Shimosato"
4072,"ascii",0x0007ACEC,"Executive Producer"
4073,"ascii",0x0007AD00,"Hisao Oguchi"
4074,"ascii",0x0007AD10,"Toshihiro Nagoshi"
4075,"ascii",0x0007AD30,"      Presented by SEGA"
4076,"ascii",0x0007AD48,"     Created by AMUSEMENTVISION"
4077,"ascii",0x0007ADA8,"Shining Force"
4078,"ascii",0x0007AE08,"Shining Force GBA"
4079,"ascii",0x0007AE1C,"Opening Demo"
4080,"ascii",0x0007AE2C,"Proc Menu..."
4081,"ascii",0x0007AEC8,"Build ROM Version"
4082,"ascii",0x0007AF60,"Custom Player Status"
4083,"ascii",0x0029D770,"vwgfeffwevwwfw"
4084,"ascii",0x002DD448,"ueeuueeuueeeu"
4085,"ascii",0x002DD648,"ueeuueeuveeevee"
4086,"ascii",0x0032EBE4,"xgsdcirirnggqax"
4087,"ascii",0x0032F11C,"myongorinngong"
4088,"ascii",0x003312A8,"nnnngnxiigggn"
4089,"ascii",0x0033BCBA,"hmgskmiijiii"
4090,"ascii",0x003450A1,"lggggfeflllfeezz"
4091,"ascii",0x0034BFC0,"ttlcttciizzz"
4092,"ascii",0x0034C3A4,"ztlllltctlitlz"
4093,"ascii",0x00351D52,"ppafinpppmbfinmmnn"
4094,"ascii",0x0035DAFE,"tsntqsruunqt"
4095,"ascii",0x0035E345,"psqprstvstusprt"
4096,"ascii",0x003655CC,"pppppppmmmmmpmppeee"
4097,"ascii",0x00366B05,"lmmmmmpppmmmmmmii"
4098,"ascii",0x00366D8D,"mmmppppmppppppppppppmifpppmm"
4099,"ascii",0x0036B573,"iuiiiggggguii"
4100,"ascii",0x0036EB26,"RUTFTIHR HDWUTDFIFJTT"
4101,"ascii",0x0036EBBD,"LD JVH HITDJLFVFHVGHFFHHEDI"
4102,"ascii",0x0037C874,"fbbbbdffkkkhhhhfmmmhkhhdvssppmhfwtssppkewtrppppmrssrkffb"
4103,"ascii",0x00385883,"bvvzrqsuznt?"
4104,"ascii",0x00391454,"susnnnwnnnsnnnns"
4105,"ascii",0x00391494,"susussnnnuinnskn"
4106,"ascii",0x00398DB9,"feccbccbeebafee"
4107,"ascii",0x00398E04,"bbbbbaaffffeabb!!"
4108,"ascii",0x00398FBC,"ccdcebacccccff"
4109,"ascii",0x003A23F8,"rrrrrrrooivrr"
4110,"ascii",0x00624524,"wwwwuwwwuwwwuwwwuwwwp"
4111,"ascii",0x00625324,"wwwwuwwwuwwwuwwwuwwwp"
4112,"ascii",0x00696194,"hmmuamwmlghmx"
4113,"ascii",0x006CD24D,"qzzzzzzuzzzzzzzzzzzzzzzzzzzzzzzzzzzzzzzzzzzzzzzzzzzzzzzzzzzzzzzzzzzzzzzzzzzzzzzzzzzzzzzzzzzzzzzzzzzzzzzzzz"
4114,"ascii",0x006EA8B5,"ffffiffffffffffffffffffffff"
4115,"ascii",0x00788FFE,"wzwwwwEND PAL "
